Title,price,rating,image_url,Product_href
lenovo Ideapad Slim 5i Core i5 11th Gen Intel EVO - (8 GB/1 TB HDD/256 GB SSD/Windows 10 Home) 15ITL05...,"??63,989",4.4,https://rukminim1.flixcart.com/image/312/312/klfhk7k0/computer/w/u/x/na-thin-and-light-laptop-lenovo-original-imagyk4hedcydqx5.jpeg?q=70,/lenovo-ideapad-slim-5i-core-i5-11th-gen-intel-evo-8-gb-1-tb-hdd-256-gb-ssd-windows-10-home-15itl05-thin-light-laptop/p/itm2dc729feb915c?pid=COMFXV7SUSSZHGTW&lid=LSTCOMFXV7SUSSZHGTW4IAVV0&marketplace=FLIPKART&store=6bo%2Fb5g&srno=b_1_1&otracker=CLP_Filters&fm=organic&iid=en_3TJ%2FPAm6%2FzT%2BgEdCt%2BK7snBdqEwAs4pzUA%2F7md6dy632trzpLEBJYnV8%2FkQN%2Ff26gSXX6Tf0dYecJWWSS2J3kQ%3D%3D&ppt=None&ppn=None&ssid=req0wjke9s0000001628536890010
Lenovo Core i5 9th Gen - (8 GB/1 TB HDD/Windows 10 Home/3 GB Graphics/NVIDIA GeForce GTX 1050) L340-15...,"??49,990",4.1,https://rukminim1.flixcart.com/image/312/312/kn3i1zk0/computer/b/b/4/na-gaming-laptop-lenovo-original-imagfuzs7ydtn5ys.jpeg?q=70,/lenovo-core-i5-9th-gen-8-gb-1-tb-hdd-windows-10-home-3-gb-graphics-nvidia-geforce-gtx-1050-l340-15irh-gaming-laptop/p/itm3dccf41ac3879?pid=COMGFJQFY5ZPGUZV&lid=LSTCOMGFJQFY5ZPGUZVOVDFAP&marketplace=FLIPKART&store=6bo%2Fb5g&srno=b_1_2&otracker=CLP_Filters&fm=organic&iid=en_3TJ%2FPAm6%2FzT%2BgEdCt%2BK7snBdqEwAs4pzUA%2F7md6dy61DRNN4uWKPOVyhbJRH2X%2FLX26XkketblaZqRmqCf79%2FA%3D%3D&ppt=None&ppn=None&ssid=req0wjke9s0000001628536890010
Lenovo APU Dual Core A9 A99425 - (4 GB/1 TB HDD/DOS) E41-45 Notebook,"??21,896",3.5,https://rukminim1.flixcart.com/image/312/312/kqjtd3k0/computer/i/s/f/na-gaming-laptop-lenovo-original-imag4jpd8dhhbxs6.jpeg?q=70,/lenovo-apu-dual-core-a9-a99425-4-gb-1-tb-hdd-dos-e41-45-notebook/p/itm910e1083480e9?pid=COMG4J4JH4QRPXGM&lid=LSTCOMG4J4JH4QRPXGMZQHALZ&marketplace=FLIPKART&store=6bo%2Fb5g&srno=b_1_3&otracker=CLP_Filters&fm=organic&iid=0789c419-c3ee-4ff6-8b09-96cd4f8cbe70.COMG4J4JH4QRPXGM.SEARCH&ppt=None&ppn=None&ssid=req0wjke9s0000001628536890010
Lenovo Ideapad Slim 5i Core i5 11th Gen - (16 GB/512 GB SSD/Windows 10 Home) 15 ITL 05 Thin and Light ...,"??66,990",4.3,https://rukminim1.flixcart.com/image/312/312/klfhk7k0/computer/w/u/x/na-thin-and-light-laptop-lenovo-original-imagyk4hedcydqx5.jpeg?q=70,/lenovo-ideapad-slim-5i-core-i5-11th-gen-16-gb-512-gb-ssd-windows-10-home-15-itl-05-thin-light-laptop/p/itm73bfbad21a421?pid=COMG3TZGFGYDYGPD&lid=LSTCOMG3TZGFGYDYGPDL4JYXG&marketplace=FLIPKART&store=6bo%2Fb5g&srno=b_1_4&otracker=CLP_Filters&fm=organic&iid=0789c419-c3ee-4ff6-8b09-96cd4f8cbe70.COMG3TZGFGYDYGPD.SEARCH&ppt=None&ppn=None&ssid=req0wjke9s0000001628536890010
Lenovo Ideapad Gaming 3 Ryzen 5 Hexa Core 4600H - (8 GB/1 TB HDD/256 GB SSD/Windows 10 Home/4 GB Graph...,"??63,990",4.4,https://rukminim1.flixcart.com/image/312/312/kk2wl8w0/computer/f/k/b/na-gaming-laptop-lenovo-original-imafzgdkvx9guy8q.jpeg?q=70,/lenovo-ideapad-gaming-3-ryzen-5-hexa-core-4600h-8-gb-1-tb-hdd-256-gb-ssd-windows-10-home-4-graphics-nvidia-geforce-gtx-1650-120-hz-15arh05-laptop/p/itm5bebf27dba264?pid=COMG36BSYCJQMNSW&lid=LSTCOMG36BSYCJQMNSWZFTKI7&marketplace=FLIPKART&store=6bo%2Fb5g&srno=b_1_5&otracker=CLP_Filters&fm=organic&iid=0789c419-c3ee-4ff6-8b09-96cd4f8cbe70.COMG36BSYCJQMNSW.SEARCH&ppt=None&ppn=None&ssid=req0wjke9s0000001628536890010
Lenovo IdeaPad Gaming 3 Core i5 10th Gen - (8 GB/1 TB HDD/256 GB SSD/Windows 10 Home/4 GB Graphics/NVI...,"??64,990",4.2,https://rukminim1.flixcart.com/image/312/312/kp2y2kw0/computer/3/q/k/lenovo-original-imag3eht25nykhjn.jpeg?q=70,/lenovo-ideapad-gaming-3-core-i5-10th-gen-8-gb-1-tb-hdd-256-gb-ssd-windows-10-home-4-graphics-nvidia-geforce-gtx-1650-120-hz-15imh05-laptop/p/itm6e7a7dd6969e6?pid=COMG36BSGU46YWAX&lid=LSTCOMG36BSGU46YWAX4HBLZO&marketplace=FLIPKART&store=6bo%2Fb5g&srno=b_1_6&otracker=CLP_Filters&fm=organic&iid=0789c419-c3ee-4ff6-8b09-96cd4f8cbe70.COMG36BSGU46YWAX.SEARCH&ppt=None&ppn=None&ssid=req0wjke9s0000001628536890010
Lenovo IdeaPad Core i3 10th Gen - (8 GB/256 GB SSD/Windows 10 Home) 14 IML 05 Thin and Light Laptop,"??39,990",4.4,https://rukminim1.flixcart.com/image/312/312/keaaavk0/computer/c/q/t/lenovo-na-thin-and-light-laptop-original-imafuzt873zgp9xe.jpeg?q=70,/lenovo-ideapad-core-i3-10th-gen-8-gb-256-gb-ssd-windows-10-home-14-iml-05-thin-light-laptop/p/itm89999b2b4e72b?pid=COMG3TZGXMYZTWRZ&lid=LSTCOMG3TZGXMYZTWRZPXJHVV&marketplace=FLIPKART&store=6bo%2Fb5g&srno=b_1_7&otracker=CLP_Filters&fm=organic&iid=0789c419-c3ee-4ff6-8b09-96cd4f8cbe70.COMG3TZGXMYZTWRZ.SEARCH&ppt=None&ppn=None&ssid=req0wjke9s0000001628536890010
Lenovo IdeaPad Flex 5 Core i3 11th Gen - (8 GB/512 GB SSD/Windows 10 Home) 14ITL05 Thin and Light Lapt...,"??54,990",4.4,https://rukminim1.flixcart.com/image/312/312/kll7bm80/computer/k/5/x/na-thin-and-light-laptop-lenovo-original-imagyz3cykx2awtc.jpeg?q=70,/lenovo-ideapad-flex-5-core-i3-11th-gen-8-gb-512-gb-ssd-windows-10-home-14itl05-thin-light-laptop/p/itm8a55b442af5aa?pid=COMGY8Y5X3TUEA3F&lid=LSTCOMGY8Y5X3TUEA3FIADZBG&marketplace=FLIPKART&store=6bo%2Fb5g&srno=b_1_8&otracker=CLP_Filters&fm=organic&iid=en_3TJ%2FPAm6%2FzT%2BgEdCt%2BK7snBdqEwAs4pzUA%2F7md6dy631AM8DS6uP4wE2BOuwGo2%2BS4KokmR7m4XG4xsGvSrc%2FA%3D%3D&ppt=None&ppn=None&ssid=req0wjke9s0000001628536890010
Lenovo Ideapad Slim 3i (2021) Core i3 11th Gen - (8 GB/256 GB SSD/Windows 10 Home) 14 ITL 6 Thin and L...,"??43,990",4.2,https://rukminim1.flixcart.com/image/312/312/kpvivm80/computer/o/z/d/na-thin-and-light-laptop-lenovo-original-imag4yhhhzdgghca.jpeg?q=70,/lenovo-ideapad-slim-3i-2021-core-i3-11th-gen-8-gb-256-gb-ssd-windows-10-home-14-itl-6-thin-light-laptop/p/itm9076123b8f9cc?pid=COMG3TZGX4ZCAN5Y&lid=LSTCOMG3TZGX4ZCAN5YHBOTZU&marketplace=FLIPKART&store=6bo%2Fb5g&srno=b_1_9&otracker=CLP_Filters&fm=organic&iid=0789c419-c3ee-4ff6-8b09-96cd4f8cbe70.COMG3TZGX4ZCAN5Y.SEARCH&ppt=None&ppn=None&ssid=req0wjke9s0000001628536890010
Lenovo Ideapad Gaming 3 Ryzen 5 Hexa Core 4600H - (8 GB/1 TB HDD/Windows 10 Home/4 GB Graphics/NVIDIA ...,"??57,990",4.3,https://rukminim1.flixcart.com/image/312/312/kk2wl8w0/computer/f/k/b/na-gaming-laptop-lenovo-original-imafzgdkvx9guy8q.jpeg?q=70,/lenovo-ideapad-gaming-3-ryzen-5-hexa-core-4600h-8-gb-1-tb-hdd-windows-10-home-4-gb-graphics-nvidia-geforce-gtx-1650-60-hz-15arh05-laptop/p/itm64d83a7c01261?pid=COMG3HHRTM3YFGTU&lid=LSTCOMG3HHRTM3YFGTU3SQHHJ&marketplace=FLIPKART&store=6bo%2Fb5g&srno=b_1_10&otracker=CLP_Filters&fm=organic&iid=0789c419-c3ee-4ff6-8b09-96cd4f8cbe70.COMG3HHRTM3YFGTU.SEARCH&ppt=None&ppn=None&ssid=req0wjke9s0000001628536890010
Lenovo Ideapad Slim 5 Ryzen 7 Octa Core 4700U - (8 GB/512 GB SSD/Windows 10 Home) 14ARE05 Thin and Lig...,"??60,990",4.5,https://rukminim1.flixcart.com/image/312/312/km3s1ow0/computer/x/3/y/na-thin-and-light-laptop-lenovo-original-imagf2sxsm9phf4z.jpeg?q=70,/lenovo-ideapad-slim-5-ryzen-7-octa-core-4700u-8-gb-512-gb-ssd-windows-10-home-14are05-thin-light-laptop/p/itm74bdb1c4b2516?pid=COMFXVAS6FYXYMHW&lid=LSTCOMFXVAS6FYXYMHWII0UO7&marketplace=FLIPKART&store=6bo%2Fb5g&srno=b_1_11&otracker=CLP_Filters&fm=organic&iid=0789c419-c3ee-4ff6-8b09-96cd4f8cbe70.COMFXVAS6FYXYMHW.SEARCH&ppt=None&ppn=None&ssid=req0wjke9s0000001628536890010
lenovo Yoga 7 Core i7 11th Gen Intel EVO - (16 GB/512 GB SSD/Windows 10 Home) 14ITL5 2 in 1 Laptop,"??97,988",4.8,https://rukminim1.flixcart.com/image/312/312/kkimfm80/computer/q/g/o/na-2-in-1-laptop-lenovo-original-imafzua4zhhpyyz8.jpeg?q=70,/lenovo-yoga-7-core-i7-11th-gen-intel-evo-16-gb-512-gb-ssd-windows-10-home-14itl5-2-1-laptop/p/itm707ded706da81?pid=COMFXV7SFNVVRZEF&lid=LSTCOMFXV7SFNVVRZEFVYKSLS&marketplace=FLIPKART&store=6bo%2Fb5g&srno=b_1_12&otracker=CLP_Filters&fm=organic&iid=en_3TJ%2FPAm6%2FzT%2BgEdCt%2BK7snBdqEwAs4pzUA%2F7md6dy61N63B5%2FFGXZUAh9w5YWSgifVinkV4oj8w94cQ5vlcM5g%3D%3D&ppt=None&ppn=None&ssid=req0wjke9s0000001628536890010
Lenovo IdeaPad 3 Core i3 10th Gen - (8 GB/1 TB HDD/Windows 10 Home) 15IML05 Thin and Light Laptop,"??39,990",4.6,https://rukminim1.flixcart.com/image/312/312/keaaavk0/computer/x/m/y/lenovo-na-laptop-original-imafuzt8r5jqppfn.jpeg?q=70,/lenovo-ideapad-3-core-i3-10th-gen-8-gb-1-tb-hdd-windows-10-home-15iml05-thin-light-laptop/p/itm6098abbf35cd9?pid=COMG4WZ7Q2YFJGQ6&lid=LSTCOMG4WZ7Q2YFJGQ6DDUOXH&marketplace=FLIPKART&store=6bo%2Fb5g&srno=b_1_13&otracker=CLP_Filters&fm=organic&iid=0789c419-c3ee-4ff6-8b09-96cd4f8cbe70.COMG4WZ7Q2YFJGQ6.SEARCH&ppt=None&ppn=None&ssid=req0wjke9s0000001628536890010
Lenovo Ideapad Slim 3i (2021) Core i5 11th Gen - (8 GB/512 GB SSD/Windows 10 Home) IdeaPad 3 15ITL6 Th...,"??57,990",4.4,https://rukminim1.flixcart.com/image/312/312/kpft18w0/computer/r/9/k/na-thin-and-light-laptop-lenovo-original-imag3zd4czyzjyed.jpeg?q=70,/lenovo-ideapad-slim-3i-2021-core-i5-11th-gen-8-gb-512-gb-ssd-windows-10-home-3-15itl6-thin-light-laptop/p/itmca15396cae957?pid=COMG3HHRB9XAAGZ7&lid=LSTCOMG3HHRB9XAAGZ7OJO6M0&marketplace=FLIPKART&store=6bo%2Fb5g&srno=b_1_14&otracker=CLP_Filters&fm=organic&iid=0789c419-c3ee-4ff6-8b09-96cd4f8cbe70.COMG3HHRB9XAAGZ7.SEARCH&ppt=None&ppn=None&ssid=req0wjke9s0000001628536890010
Lenovo IdeaPad 3 Core i3 10th Gen - (8 GB/1 TB HDD/Windows 10 Home) 15IML05 Thin and Light Laptop,"??39,990",4.2,https://rukminim1.flixcart.com/image/312/312/keaaavk0/computer/x/m/y/lenovo-na-laptop-original-imafuzt8r5jqppfn.jpeg?q=70,/lenovo-ideapad-3-core-i3-10th-gen-8-gb-1-tb-hdd-windows-10-home-15iml05-thin-light-laptop/p/itmb244d9bfb76d4?pid=COMG4WZ7UPV659QV&lid=LSTCOMG4WZ7UPV659QVYZAEMY&marketplace=FLIPKART&store=6bo%2Fb5g&srno=b_1_15&otracker=CLP_Filters&fm=organic&iid=0789c419-c3ee-4ff6-8b09-96cd4f8cbe70.COMG4WZ7UPV659QV.SEARCH&ppt=None&ppn=None&ssid=req0wjke9s0000001628536890010
Lenovo ThinkPad E15 Core i5 11th Gen - (8 GB/512 GB SSD/Windows 10 Home) E15 Laptop,"??73,990",4.3,https://rukminim1.flixcart.com/image/312/312/kngd0nk0/computer/k/q/5/na-laptop-lenovo-original-imag24kvhrgqvjut.jpeg?q=70,/lenovo-thinkpad-e15-core-i5-11th-gen-8-gb-512-gb-ssd-windows-10-home-laptop/p/itm0b7cc6a320930?pid=COMGF42G9RJGJYJH&lid=LSTCOMGF42G9RJGJYJHMIEW2B&marketplace=FLIPKART&store=6bo%2Fb5g&srno=b_1_16&otracker=CLP_Filters&fm=organic&iid=en_3TJ%2FPAm6%2FzT%2BgEdCt%2BK7snBdqEwAs4pzUA%2F7md6dy63%2FCY4hIQ2PAPfGoBYfZijszRuaUOq4YQZSCk%2FHWCRNGg%3D%3D&ppt=None&ppn=None&ssid=req0wjke9s0000001628536890010
Lenovo ThinkPad E14 Gen2 Ryzen 5 Hexa Core 4650U 5th Gen - (8 GB/256 GB SSD/Windows 10 Home) E14 Lapto...,"??53,990",4.3,https://rukminim1.flixcart.com/image/312/312/knqd3m80/computer/b/n/w/thinkpad-e14-laptop-lenovo-original-imag2chrjgzzggrv.jpeg?q=70,/lenovo-thinkpad-e14-gen2-ryzen-5-hexa-core-4650u-5th-gen-8-gb-256-gb-ssd-windows-10-home-laptop/p/itma57c02bad3347?pid=COMG28FUNHEKGFYT&lid=LSTCOMG28FUNHEKGFYTFU52TM&marketplace=FLIPKART&store=6bo%2Fb5g&srno=b_1_17&otracker=CLP_Filters&fm=organic&iid=0789c419-c3ee-4ff6-8b09-96cd4f8cbe70.COMG28FUNHEKGFYT.SEARCH&ppt=None&ppn=None&ssid=req0wjke9s0000001628536890010
Lenovo IdeaPad 3 Core i3 11th Gen - (8 GB/256 GB SSD/Windows 10 Home) 15ITL6 Thin and Light Laptop,"??56,690",,https://rukminim1.flixcart.com/image/312/312/krdtlzk0/computer/6/4/l/na-thin-and-light-laptop-lenovo-original-imag56ugbsgxbff5.jpeg?q=70,/lenovo-ideapad-3-core-i3-11th-gen-8-gb-256-gb-ssd-windows-10-home-15itl6-thin-light-laptop/p/itm4b58ecc1a12b1?pid=COMG4WZ7URTVTSDR&lid=LSTCOMG4WZ7URTVTSDREFEZ2C&marketplace=FLIPKART&store=6bo%2Fb5g&srno=b_1_18&otracker=CLP_Filters&fm=organic&iid=0789c419-c3ee-4ff6-8b09-96cd4f8cbe70.COMG4WZ7URTVTSDR.SEARCH&ppt=None&ppn=None&ssid=req0wjke9s0000001628536890010
Lenovo IdeaPad Gaming Ryzen 5 Hexa Core 4600H - (8 GB/512 GB SSD/Windows 10 Home/4 GB Graphics/NVIDIA ...,"??59,990",4.5,https://rukminim1.flixcart.com/image/312/312/kk2wl8w0/computer/f/k/b/na-gaming-laptop-lenovo-original-imafzgdkvx9guy8q.jpeg?q=70,/lenovo-ideapad-gaming-ryzen-5-hexa-core-4600h-8-gb-512-gb-ssd-windows-10-home-4-graphics-nvidia-geforce-gtx-1650-60-hz-15-arh-05-laptop/p/itmd00081bb4ee24?pid=COMG3TZGXDZZADQA&lid=LSTCOMG3TZGXDZZADQAT3GCMZ&marketplace=FLIPKART&store=6bo%2Fb5g&srno=b_1_19&otracker=CLP_Filters&fm=organic&iid=0789c419-c3ee-4ff6-8b09-96cd4f8cbe70.COMG3TZGXDZZADQA.SEARCH&ppt=None&ppn=None&ssid=req0wjke9s0000001628536890010
Lenovo IdeaPad Flex 5 Core i7 11th Gen - (16 GB/512 GB SSD/Windows 10 Home) 14ITL05 2 in 1 Laptop,"??83,990",4.3,https://rukminim1.flixcart.com/image/312/312/kll7bm80/computer/k/5/x/na-thin-and-light-laptop-lenovo-original-imagyz3cykx2awtc.jpeg?q=70,/lenovo-ideapad-flex-5-core-i7-11th-gen-16-gb-512-gb-ssd-windows-10-home-14itl05-2-1-laptop/p/itm157c361059cab?pid=COMGYZQTXJYDQYRH&lid=LSTCOMGYZQTXJYDQYRHK2P3KT&marketplace=FLIPKART&store=6bo%2Fb5g&srno=b_1_20&otracker=CLP_Filters&fm=organic&iid=0789c419-c3ee-4ff6-8b09-96cd4f8cbe70.COMGYZQTXJYDQYRH.SEARCH&ppt=None&ppn=None&ssid=req0wjke9s0000001628536890010
Lenovo IdeaPad 3 Core i3 11th Gen - (8 GB/512 GB SSD/Windows 10 Home) 15ITL6 Thin and Light Laptop,"??44,490",,https://rukminim1.flixcart.com/image/312/312/kruyw7k0/computer/f/i/u/na-thin-and-light-laptop-lenovo-original-imag5jy6fsm2yx4q.jpeg?q=70,/lenovo-ideapad-3-core-i3-11th-gen-8-gb-512-gb-ssd-windows-10-home-15itl6-thin-light-laptop/p/itm5ffb29affcd67?pid=COMG5EAXKQ7ZH3TY&lid=LSTCOMG5EAXKQ7ZH3TYZBLPPQ&marketplace=FLIPKART&store=6bo%2Fb5g&srno=b_1_21&otracker=CLP_Filters&fm=organic&iid=0789c419-c3ee-4ff6-8b09-96cd4f8cbe70.COMG5EAXKQ7ZH3TY.SEARCH&ppt=None&ppn=None&ssid=req0wjke9s0000001628536890010
Lenovo Legion Core i5 9th Gen - (8 GB/1 TB HDD/256 GB SSD/Windows 10 Home/4 GB Graphics) Y540-15IRH-PG...,"??60,990",4.7,https://rukminim1.flixcart.com/image/312/312/k9pynww0/computer/y/k/z/lenovo-legion-y540-gaming-laptop-original-imafrggru5fzzgyq.jpeg?q=70,/lenovo-legion-core-i5-9th-gen-8-gb-1-tb-hdd-256-gb-ssd-windows-10-home-4-graphics-y540-15irh-pg0-laptop/p/itma9b76ed1e879a?pid=COMG26R93HDJYBT5&lid=LSTCOMG26R93HDJYBT5HNML0N&marketplace=FLIPKART&store=6bo%2Fb5g&srno=b_1_22&otracker=CLP_Filters&fm=organic&iid=0789c419-c3ee-4ff6-8b09-96cd4f8cbe70.COMG26R93HDJYBT5.SEARCH&ppt=None&ppn=None&ssid=req0wjke9s0000001628536890010
Lenovo E41 APU Dual Core A6 A6-9225 - (4 GB/1 TB HDD/DOS) E41-45 Notebook,"??25,990",3.8,https://rukminim1.flixcart.com/image/312/312/kpzt7680/computer/q/t/s/na-notebook-lenovo-original-imag4449atwthphq.jpeg?q=70,/lenovo-e41-apu-dual-core-a6-a6-9225-4-gb-1-tb-hdd-dos-e41-45-notebook/p/itmae674a5d05fd6?pid=COMG42QMD5YZZWBE&lid=LSTCOMG42QMD5YZZWBE1P8NVV&marketplace=FLIPKART&store=6bo%2Fb5g&srno=b_1_23&otracker=CLP_Filters&fm=organic&iid=0789c419-c3ee-4ff6-8b09-96cd4f8cbe70.COMG42QMD5YZZWBE.SEARCH&ppt=None&ppn=None&ssid=req0wjke9s0000001628536890010
Lenovo Ideapad Flex 5 Core i3 11th Gen - (8 GB/256 GB SSD/Windows 10 Home) Ideapad Flex 5 14LT05 UA 2 ...,"??51,990",4.5,https://rukminim1.flixcart.com/image/312/312/kl9rssw0/computer/g/i/e/lenovo-original-imagyfw5fkyjrhmb.jpeg?q=70,/lenovo-ideapad-flex-5-core-i3-11th-gen-8-gb-256-gb-ssd-windows-10-home-14lt05-ua-2-1-laptop/p/itm3e0fd5c005c85?pid=COMGY5PGCE2KHHGE&lid=LSTCOMGY5PGCE2KHHGE1D8W8X&marketplace=FLIPKART&store=6bo%2Fb5g&srno=b_1_24&otracker=CLP_Filters&fm=organic&iid=0789c419-c3ee-4ff6-8b09-96cd4f8cbe70.COMGY5PGCE2KHHGE.SEARCH&ppt=None&ppn=None&ssid=req0wjke9s0000001628536890010
Lenovo Legion Core i7 9th Gen - (8 GB/1 TB HDD/256 GB SSD/Windows 10 Home/4 GB Graphics) Y540-15IRH-PG...,"??69,990",4.3,https://rukminim1.flixcart.com/image/312/312/k9pynww0/computer/y/k/z/lenovo-legion-y540-gaming-laptop-original-imafrggru5fzzgyq.jpeg?q=70,/lenovo-legion-core-i7-9th-gen-8-gb-1-tb-hdd-256-gb-ssd-windows-10-home-4-graphics-y540-15irh-pg0-laptop/p/itm2a7d71ef5c01a?pid=COMG23RKPEXM66T8&lid=LSTCOMG23RKPEXM66T8XHPTP9&marketplace=FLIPKART&store=6bo%2Fb5g&srno=b_2_25&otracker=CLP_Filters&fm=organic&iid=54e4a0fb-f19c-4410-b0cc-f5feb2ab21e5.COMG23RKPEXM66T8.SEARCH&ppt=None&ppn=None&ssid=nh924fp5f40000001628536890913
Lenovo IdeaPad Flex 5 Core i3 11th Gen - (8 GB/512 GB SSD/Windows 10 Home) 14ITL05 Thin and Light Lapt...,"??54,990",4.4,https://rukminim1.flixcart.com/image/312/312/kll7bm80/computer/k/5/x/na-thin-and-light-laptop-lenovo-original-imagyz3cykx2awtc.jpeg?q=70,/lenovo-ideapad-flex-5-core-i3-11th-gen-8-gb-512-gb-ssd-windows-10-home-14itl05-thin-light-laptop/p/itm8a55b442af5aa?pid=COMGY8Y5X3TUEA3F&lid=LSTCOMGY8Y5X3TUEA3FIADZBG&marketplace=FLIPKART&store=6bo%2Fb5g&srno=b_2_26&otracker=CLP_Filters&fm=organic&iid=54e4a0fb-f19c-4410-b0cc-f5feb2ab21e5.COMGY8Y5X3TUEA3F.SEARCH&ppt=None&ppn=None&ssid=nh924fp5f40000001628536890913
Lenovo Ideapad Flex 5 Core i3 11th Gen - (8 GB/512 GB SSD/Windows 10 Home) 14itl05 2 in 1 Laptop,"??56,990",4.5,https://rukminim1.flixcart.com/image/312/312/klo27bk0/computer/f/u/s/flex-5i-2-in-1-laptop-lenovo-original-imagyqvkk98gsphj.jpeg?q=70,/lenovo-ideapad-flex-5-core-i3-11th-gen-8-gb-512-gb-ssd-windows-10-home-14itl05-2-1-laptop/p/itm8a55b442af5aa?pid=COMGYQVKZGD2VFHA&lid=LSTCOMGYQVKZGD2VFHAJVKFPA&marketplace=FLIPKART&store=6bo%2Fb5g&srno=b_2_27&otracker=CLP_Filters&fm=organic&iid=54e4a0fb-f19c-4410-b0cc-f5feb2ab21e5.COMGYQVKZGD2VFHA.SEARCH&ppt=None&ppn=None&ssid=nh924fp5f40000001628536890913
Lenovo ThinkPad E14 Gen2 Ryzen 5 Hexa Core 4650U 5th Gen - (8 GB/256 GB SSD/Windows 10 Home) E14 Lapto...,"??53,990",4.3,https://rukminim1.flixcart.com/image/312/312/knqd3m80/computer/b/n/w/thinkpad-e14-laptop-lenovo-original-imag2chrjgzzggrv.jpeg?q=70,/lenovo-thinkpad-e14-gen2-ryzen-5-hexa-core-4650u-5th-gen-8-gb-256-gb-ssd-windows-10-home-laptop/p/itma57c02bad3347?pid=COMG28FUNHEKGFYT&lid=LSTCOMG28FUNHEKGFYTFU52TM&marketplace=FLIPKART&store=6bo%2Fb5g&srno=b_2_28&otracker=CLP_Filters&fm=organic&iid=en_GiAjml6DCL1tElECMmYTQBGzKi1vU04lD3hLPr8Mm31prHh46YLHUmjGKc2NeBBZXT5Ov%2Bm5Q5C8EV7DNkv%2Bfw%3D%3D&ppt=None&ppn=None&ssid=nh924fp5f40000001628536890913
Lenovo IdeaPad Core i5 11th Gen - (8 GB/512 GB SSD/Windows 10 Home) 15 ITL 6 Thin and Light Laptop,"??56,990",3.8,https://rukminim1.flixcart.com/image/312/312/kpvivm80/computer/l/5/f/na-thin-and-light-laptop-lenovo-original-imag4yhmuama8fpr.jpeg?q=70,/lenovo-ideapad-core-i5-11th-gen-8-gb-512-gb-ssd-windows-10-home-15-itl-6-thin-light-laptop/p/itm2972882b5dc63?pid=COMG3TZGWAF8SHDK&lid=LSTCOMG3TZGWAF8SHDK3CRKZD&marketplace=FLIPKART&store=6bo%2Fb5g&srno=b_2_29&otracker=CLP_Filters&fm=organic&iid=54e4a0fb-f19c-4410-b0cc-f5feb2ab21e5.COMG3TZGWAF8SHDK.SEARCH&ppt=None&ppn=None&ssid=nh924fp5f40000001628536890913
Lenovo Legion 5 Core i7 10th Gen - (16 GB/512 GB SSD/Windows 10 Home/4 GB Graphics/NVIDIA GeForce GTX ...,"??82,990",4.7,https://rukminim1.flixcart.com/image/312/312/kggviq80/computer/x/6/g/lenovo-original-imafwpajqjvfhrea.jpeg?q=70,/lenovo-legion-5-core-i7-10th-gen-16-gb-512-gb-ssd-windows-10-home-4-graphics-nvidia-geforce-gtx-1650-120-hz-15imh05-gaming-laptop/p/itm799c8d74d9b0a?pid=COMG4BHEAZTYYSUM&lid=LSTCOMG4BHEAZTYYSUMBZE5EB&marketplace=FLIPKART&store=6bo%2Fb5g&srno=b_2_30&otracker=CLP_Filters&fm=organic&iid=54e4a0fb-f19c-4410-b0cc-f5feb2ab21e5.COMG4BHEAZTYYSUM.SEARCH&ppt=None&ppn=None&ssid=nh924fp5f40000001628536890913
Lenovo Ideapad Slim 3i (2021) Core i5 11th Gen - (8 GB/256 GB SSD/Windows 10 Home) 15ITL6 Thin and Lig...,"??55,990",4,https://rukminim1.flixcart.com/image/312/312/kp2y2kw0/computer/n/n/a/na-thin-and-light-laptop-lenovo-original-imag3dnyeycazpvf.jpeg?q=70,/lenovo-ideapad-slim-3i-2021-core-i5-11th-gen-8-gb-256-gb-ssd-windows-10-home-15itl6-thin-light-laptop/p/itm24161fdf83907?pid=COMG36BSUKGYMGKD&lid=LSTCOMG36BSUKGYMGKDSRV2LQ&marketplace=FLIPKART&store=6bo%2Fb5g&srno=b_2_31&otracker=CLP_Filters&fm=organic&iid=54e4a0fb-f19c-4410-b0cc-f5feb2ab21e5.COMG36BSUKGYMGKD.SEARCH&ppt=None&ppn=None&ssid=nh924fp5f40000001628536890913
Lenovo Ideapad Gaming 3 Ryzen 5 Hexa Core 4600H - (8 GB/1 TB HDD/Windows 10 Home/4 GB Graphics/NVIDIA ...,"??57,990",4.3,https://rukminim1.flixcart.com/image/312/312/kk2wl8w0/computer/f/k/b/na-gaming-laptop-lenovo-original-imafzgdkvx9guy8q.jpeg?q=70,/lenovo-ideapad-gaming-3-ryzen-5-hexa-core-4600h-8-gb-1-tb-hdd-windows-10-home-4-gb-graphics-nvidia-geforce-gtx-1650-60-hz-15arh05-laptop/p/itm64d83a7c01261?pid=COMG3HHRTM3YFGTU&lid=LSTCOMG3HHRTM3YFGTU3SQHHJ&marketplace=FLIPKART&store=6bo%2Fb5g&srno=b_2_32&otracker=CLP_Filters&fm=organic&iid=en_GiAjml6DCL1tElECMmYTQBGzKi1vU04lD3hLPr8Mm33u21J0kjUf6R07mdQL%2BJf%2FHWQ%2BYJTIMZ7IPN99YZTcww%3D%3D&ppt=None&ppn=None&ssid=nh924fp5f40000001628536890913
Lenovo Core i5 9th Gen - (8 GB/1 TB HDD/Windows 10 Home/3 GB Graphics/NVIDIA GeForce GTX 1050) L340-15...,"??49,990",4.1,https://rukminim1.flixcart.com/image/312/312/kn3i1zk0/computer/b/b/4/na-gaming-laptop-lenovo-original-imagfuzs7ydtn5ys.jpeg?q=70,/lenovo-core-i5-9th-gen-8-gb-1-tb-hdd-windows-10-home-3-gb-graphics-nvidia-geforce-gtx-1050-l340-15irh-gaming-laptop/p/itm3dccf41ac3879?pid=COMGFJQFY5ZPGUZV&lid=LSTCOMGFJQFY5ZPGUZVOVDFAP&marketplace=FLIPKART&store=6bo%2Fb5g&srno=b_2_33&otracker=CLP_Filters&fm=organic&iid=54e4a0fb-f19c-4410-b0cc-f5feb2ab21e5.COMGFJQFY5ZPGUZV.SEARCH&ppt=None&ppn=None&ssid=nh924fp5f40000001628536890913
Lenovo Ideapad Slim 5 Ryzen 7 Octa Core 5700U - (8 GB/512 GB SSD/Windows 10 Home) 14 ALC 05 Thin and L...,"??63,990",4.3,https://rukminim1.flixcart.com/image/312/312/km3s1ow0/computer/x/3/y/na-thin-and-light-laptop-lenovo-original-imagf2sxsm9phf4z.jpeg?q=70,/lenovo-ideapad-slim-5-ryzen-7-octa-core-5700u-8-gb-512-gb-ssd-windows-10-home-14-alc-05-thin-light-laptop/p/itm777e427fbb654?pid=COMG3TZGVGKNQRWN&lid=LSTCOMG3TZGVGKNQRWNZA6GJV&marketplace=FLIPKART&store=6bo%2Fb5g&srno=b_2_34&otracker=CLP_Filters&fm=organic&iid=54e4a0fb-f19c-4410-b0cc-f5feb2ab21e5.COMG3TZGVGKNQRWN.SEARCH&ppt=None&ppn=None&ssid=nh924fp5f40000001628536890913
"Lenovo IdeaPad 3 Core i3 10th Gen - (4 GB/256 GB, NA SSD/Windows 10 Home) 15IML05 Thin and Light Lapto...","??37,990",,https://rukminim1.flixcart.com/image/312/312/keaaavk0/computer/x/m/y/lenovo-na-laptop-original-imafuzt8r5jqppfn.jpeg?q=70,/lenovo-ideapad-3-core-i3-10th-gen-4-gb-256-gb-na-ssd-windows-10-home-15iml05-thin-light-laptop/p/itm657496b9e5da9?pid=COMG4WZ7FBP4SDAA&lid=LSTCOMG4WZ7FBP4SDAAJQTXR0&marketplace=FLIPKART&store=6bo%2Fb5g&srno=b_2_35&otracker=CLP_Filters&fm=organic&iid=54e4a0fb-f19c-4410-b0cc-f5feb2ab21e5.COMG4WZ7FBP4SDAA.SEARCH&ppt=None&ppn=None&ssid=nh924fp5f40000001628536890913
lenovo Ideapad Slim 5i Core i5 11th Gen Intel EVO - (8 GB/1 TB HDD/256 GB SSD/Windows 10 Home) 15ITL05...,"??63,989",4.4,https://rukminim1.flixcart.com/image/312/312/klfhk7k0/computer/w/u/x/na-thin-and-light-laptop-lenovo-original-imagyk4hedcydqx5.jpeg?q=70,/lenovo-ideapad-slim-5i-core-i5-11th-gen-intel-evo-8-gb-1-tb-hdd-256-gb-ssd-windows-10-home-15itl05-thin-light-laptop/p/itm2dc729feb915c?pid=COMFXV7SUSSZHGTW&lid=LSTCOMFXV7SUSSZHGTW4IAVV0&marketplace=FLIPKART&store=6bo%2Fb5g&srno=b_2_36&otracker=CLP_Filters&fm=organic&iid=en_GiAjml6DCL1tElECMmYTQBGzKi1vU04lD3hLPr8Mm31e2tAYJXihjhkVQ8y39S7FgSXX6Tf0dYecJWWSS2J3kQ%3D%3D&ppt=None&ppn=None&ssid=nh924fp5f40000001628536890913
Lenovo IdeaPad Gaming Core i7 10th Gen - (8 GB/512 GB SSD/Windows 10 Home/4 GB Graphics/NVIDIA GeForce...,"??73,990",,https://rukminim1.flixcart.com/image/312/312/kp2y2kw0/computer/3/q/k/lenovo-original-imag3eht25nykhjn.jpeg?q=70,/lenovo-ideapad-gaming-core-i7-10th-gen-8-gb-512-gb-ssd-windows-10-home-4-graphics-nvidia-geforce-gtx-1650-120-hz-3-15imh05-laptop/p/itmca298edf4bb2e?pid=COMG3HHRMGSUZATZ&lid=LSTCOMG3HHRMGSUZATZHSVRV1&marketplace=FLIPKART&store=6bo%2Fb5g&srno=b_2_37&otracker=CLP_Filters&fm=organic&iid=54e4a0fb-f19c-4410-b0cc-f5feb2ab21e5.COMG3HHRMGSUZATZ.SEARCH&ppt=None&ppn=None&ssid=nh924fp5f40000001628536890913
Lenovo Legion Core i5 9th Gen - (8 GB/1 TB HDD/256 GB SSD/Windows 10 Home/4 GB Graphics/NVIDIA GeForce...,"??62,990",,https://rukminim1.flixcart.com/image/312/312/kp2y2kw0/computer/3/q/k/lenovo-original-imag3eht25nykhjn.jpeg?q=70,/lenovo-legion-core-i5-9th-gen-8-gb-1-tb-hdd-256-gb-ssd-windows-10-home-4-graphics-nvidia-geforce-gtx-1650-y540-15irh-pg0-gaming-laptop/p/itmbcfcc5da21519?pid=COMG36BSF5P5AEHX&lid=LSTCOMG36BSF5P5AEHXQFQFOA&marketplace=FLIPKART&store=6bo%2Fb5g&srno=b_2_38&otracker=CLP_Filters&fm=organic&iid=54e4a0fb-f19c-4410-b0cc-f5feb2ab21e5.COMG36BSF5P5AEHX.SEARCH&ppt=None&ppn=None&ssid=nh924fp5f40000001628536890913
Lenovo V Series Athlon Dual Core 3050U - (4 GB/1 TB HDD/Windows 10 Home) V-15 ADA Laptop,"??27,990",3.7,https://rukminim1.flixcart.com/image/312/312/kp4difk0/computer/n/l/n/v15-amd-laptop-lenovo-original-imag3fzhzkvchccq.jpeg?q=70,/lenovo-v-series-athlon-dual-core-3050u-4-gb-1-tb-hdd-windows-10-home-v-15-ada-laptop/p/itm68e3c7c0d67f7?pid=COMG3FHB7ZTAGWJN&lid=LSTCOMG3FHB7ZTAGWJN7EZNRT&marketplace=FLIPKART&store=6bo%2Fb5g&srno=b_2_39&otracker=CLP_Filters&fm=organic&iid=54e4a0fb-f19c-4410-b0cc-f5feb2ab21e5.COMG3FHB7ZTAGWJN.SEARCH&ppt=None&ppn=None&ssid=nh924fp5f40000001628536890913
Lenovo IdeaPad Gaming Ryzen 5 Hexa Core 4600H - (8 GB/512 GB SSD/Windows 10 Home/4 GB Graphics/NVIDIA ...,"??59,990",4.5,https://rukminim1.flixcart.com/image/312/312/kk2wl8w0/computer/f/k/b/na-gaming-laptop-lenovo-original-imafzgdkvx9guy8q.jpeg?q=70,/lenovo-ideapad-gaming-ryzen-5-hexa-core-4600h-8-gb-512-gb-ssd-windows-10-home-4-graphics-nvidia-geforce-gtx-1650-60-hz-15-arh-05-laptop/p/itmd00081bb4ee24?pid=COMG3TZGXDZZADQA&lid=LSTCOMG3TZGXDZZADQAT3GCMZ&marketplace=FLIPKART&store=6bo%2Fb5g&srno=b_2_40&otracker=CLP_Filters&fm=organic&iid=en_GiAjml6DCL1tElECMmYTQBGzKi1vU04lD3hLPr8Mm319yb5inn1ZfYvIJH9DB457EPPZfAqlLrTNrLYiymJOfQ%3D%3D&ppt=None&ppn=None&ssid=nh924fp5f40000001628536890913
Lenovo Legion 5 Core i5 10th Gen - (8 GB/512 GB SSD/Windows 10 Home/4 GB Graphics/NVIDIA GeForce GTX 1...,"??68,490",4.1,https://rukminim1.flixcart.com/image/312/312/kggviq80/computer/x/6/g/lenovo-original-imafwpajqjvfhrea.jpeg?q=70,/lenovo-legion-5-core-i5-10th-gen-8-gb-512-gb-ssd-windows-10-home-4-graphics-nvidia-geforce-gtx-1650-120-hz-15imh05-gaming-laptop/p/itm0c629dc2b855c?pid=COMG4BHEFBUFVMHV&lid=LSTCOMG4BHEFBUFVMHVAKJAWI&marketplace=FLIPKART&store=6bo%2Fb5g&srno=b_2_41&otracker=CLP_Filters&fm=organic&iid=54e4a0fb-f19c-4410-b0cc-f5feb2ab21e5.COMG4BHEFBUFVMHV.SEARCH&ppt=None&ppn=None&ssid=nh924fp5f40000001628536890913
Lenovo Yoga 7 Core i5 11th Gen - (8 GB/512 GB SSD/Windows 10 Home) 14ITL5 2 in 1 Laptop,"??79,990",,https://rukminim1.flixcart.com/image/312/312/kll7bm80/computer/1/o/f/na-thin-and-light-laptop-lenovo-original-imagyzfyhy6eexxu.jpeg?q=70,/lenovo-yoga-7-core-i5-11th-gen-8-gb-512-gb-ssd-windows-10-home-14itl5-2-1-laptop/p/itmeed396c03c94d?pid=COMG2RVSUFK8UDDH&lid=LSTCOMG2RVSUFK8UDDHEMMIR5&marketplace=FLIPKART&store=6bo%2Fb5g&srno=b_2_42&otracker=CLP_Filters&fm=organic&iid=54e4a0fb-f19c-4410-b0cc-f5feb2ab21e5.COMG2RVSUFK8UDDH.SEARCH&ppt=None&ppn=None&ssid=nh924fp5f40000001628536890913
Lenovo ThinkPad E15 Core i5 11th Gen - (8 GB/512 GB SSD/Windows 10 Home) E15 Laptop,"??72,990",4.5,https://rukminim1.flixcart.com/image/312/312/kngd0nk0/computer/k/q/5/na-laptop-lenovo-original-imag24kvhrgqvjut.jpeg?q=70,/lenovo-thinkpad-e15-core-i5-11th-gen-8-gb-512-gb-ssd-windows-10-home-laptop/p/itm55c46691fa99f?pid=COMGF42GESHU6AYQ&lid=LSTCOMGF42GESHU6AYQOOXKJ3&marketplace=FLIPKART&store=6bo%2Fb5g&srno=b_2_43&otracker=CLP_Filters&fm=organic&iid=54e4a0fb-f19c-4410-b0cc-f5feb2ab21e5.COMGF42GESHU6AYQ.SEARCH&ppt=None&ppn=None&ssid=nh924fp5f40000001628536890913
lenovo Yoga 7 Core i7 11th Gen Intel EVO - (16 GB/512 GB SSD/Windows 10 Home) 14ITL5 2 in 1 Laptop,"??97,988",4.8,https://rukminim1.flixcart.com/image/312/312/kkimfm80/computer/q/g/o/na-2-in-1-laptop-lenovo-original-imafzua4zhhpyyz8.jpeg?q=70,/lenovo-yoga-7-core-i7-11th-gen-intel-evo-16-gb-512-gb-ssd-windows-10-home-14itl5-2-1-laptop/p/itm707ded706da81?pid=COMFXV7SFNVVRZEF&lid=LSTCOMFXV7SFNVVRZEFVYKSLS&marketplace=FLIPKART&store=6bo%2Fb5g&srno=b_2_44&otracker=CLP_Filters&fm=organic&iid=en_GiAjml6DCL1tElECMmYTQBGzKi1vU04lD3hLPr8Mm32AKcPfpfhX%2BkwIJAgFLrgd%2B7Qr3jXlAk3uVdyDJA1ZTQ%3D%3D&ppt=None&ppn=None&ssid=nh924fp5f40000001628536890913
Lenovo Ideapad S145 Ryzen 3 Dual Core 3200U - (4 GB/1 TB HDD/Windows 10 Home) S145-15API Thin and Ligh...,"??31,090",3.9,https://rukminim1.flixcart.com/image/312/312/k6fd47k0pkrrdj/computer/5/u/s/lenovo-na-thin-and-light-laptop-original-imafjtyhemyuhgdz.jpeg?q=70,/lenovo-ideapad-s145-ryzen-3-dual-core-3200u-4-gb-1-tb-hdd-windows-10-home-s145-15api-thin-light-laptop/p/itm3028b196c8fe1?pid=COMFJM3T7ZF2Z86F&lid=LSTCOMFJM3T7ZF2Z86FUWBWK9&marketplace=FLIPKART&store=6bo%2Fb5g&srno=b_2_45&otracker=CLP_Filters&fm=organic&iid=54e4a0fb-f19c-4410-b0cc-f5feb2ab21e5.COMFJM3T7ZF2Z86F.SEARCH&ppt=None&ppn=None&ssid=nh924fp5f40000001628536890913
Lenovo Yoga Slim 7 Core i7 11th Gen - (16 GB/1 TB SSD/Windows 10 Home) Yoga Slim 7 14ITL05b Thin and L...,"??99,990",,https://rukminim1.flixcart.com/image/312/312/kdyus280/computer/v/f/k/lenovo-na-thin-and-light-laptop-original-imafuqwpgzhytd5c.jpeg?q=70,/lenovo-yoga-slim-7-core-i7-11th-gen-16-gb-1-tb-ssd-windows-10-home-14itl05b-thin-light-laptop/p/itme51f64baedfce?pid=COMG2RVMAQPESJNS&lid=LSTCOMG2RVMAQPESJNSGZCSJJ&marketplace=FLIPKART&store=6bo%2Fb5g&srno=b_2_46&otracker=CLP_Filters&fm=organic&iid=54e4a0fb-f19c-4410-b0cc-f5feb2ab21e5.COMG2RVMAQPESJNS.SEARCH&ppt=None&ppn=None&ssid=nh924fp5f40000001628536890913
Lenovo Yoga 6 Ryzen 7 Octa Core 4700U - (16 GB/512 GB SSD/Windows 10 Home) 13ARE05 2 in 1 Laptop,"??78,990",4.5,https://rukminim1.flixcart.com/image/312/312/km57hjk0/computer/s/d/8/na-2-in-1-laptop-lenovo-original-imagf3zcfzrzfczh.jpeg?q=70,/lenovo-yoga-6-ryzen-7-octa-core-4700u-16-gb-512-gb-ssd-windows-10-home-13are05-2-1-laptop/p/itm941e3a7091672?pid=COMGYZQTEEDZ9J3R&lid=LSTCOMGYZQTEEDZ9J3REQLRNW&marketplace=FLIPKART&store=6bo%2Fb5g&srno=b_2_47&otracker=CLP_Filters&fm=organic&iid=54e4a0fb-f19c-4410-b0cc-f5feb2ab21e5.COMGYZQTEEDZ9J3R.SEARCH&ppt=None&ppn=None&ssid=nh924fp5f40000001628536890913
Lenovo Ideapad Gaming 3 Ryzen 5 Hexa Core 4600H - (8 GB/1 TB HDD/256 GB SSD/Windows 10 Home/4 GB Graph...,"??63,990",4.4,https://rukminim1.flixcart.com/image/312/312/kk2wl8w0/computer/f/k/b/na-gaming-laptop-lenovo-original-imafzgdkvx9guy8q.jpeg?q=70,/lenovo-ideapad-gaming-3-ryzen-5-hexa-core-4600h-8-gb-1-tb-hdd-256-gb-ssd-windows-10-home-4-graphics-nvidia-geforce-gtx-1650-120-hz-15arh05-laptop/p/itm5bebf27dba264?pid=COMG36BSYCJQMNSW&lid=LSTCOMG36BSYCJQMNSWZFTKI7&marketplace=FLIPKART&store=6bo%2Fb5g&srno=b_2_48&otracker=CLP_Filters&fm=organic&iid=en_GiAjml6DCL1tElECMmYTQBGzKi1vU04lD3hLPr8Mm33Bmy1ZQqK1I7hFVOggh5fjoulL77rbWevw%2BMEwZJrnoQ%3D%3D&ppt=None&ppn=None&ssid=nh924fp5f40000001628536890913
lenovo Ideapad Slim 5i Core i5 11th Gen Intel EVO - (8 GB/1 TB HDD/256 GB SSD/Windows 10 Home) 15ITL05...,"??63,989",4.4,https://rukminim1.flixcart.com/image/312/312/klfhk7k0/computer/w/u/x/na-thin-and-light-laptop-lenovo-original-imagyk4hedcydqx5.jpeg?q=70,/lenovo-ideapad-slim-5i-core-i5-11th-gen-intel-evo-8-gb-1-tb-hdd-256-gb-ssd-windows-10-home-15itl05-thin-light-laptop/p/itm2dc729feb915c?pid=COMFXV7SUSSZHGTW&lid=LSTCOMFXV7SUSSZHGTW4IAVV0&marketplace=FLIPKART&store=6bo%2Fb5g&srno=b_3_49&otracker=CLP_Filters&fm=organic&iid=ca23dabd-7200-4603-aac8-b11e2b30e30f.COMFXV7SUSSZHGTW.SEARCH&ppt=None&ppn=None&ssid=shmox48bqo0000001628536893145
Lenovo Yoga Slim 7 Core i7 11th Gen - (16 GB/1 TB SSD/Windows 10 Home) Carbon 13ITL5 Thin and Light La...,"??1,17,990",,https://rukminim1.flixcart.com/image/312/312/kngd0nk0/computer/p/d/p/na-thin-and-light-laptop-lenovo-original-imag24sszcpgzhu5.jpeg?q=70,/lenovo-yoga-slim-7-core-i7-11th-gen-16-gb-1-tb-ssd-windows-10-home-carbon-13itl5-thin-light-laptop/p/itm77a08225a2c6c?pid=COMGFAZTMFAJSVZW&lid=LSTCOMGFAZTMFAJSVZWNO2EPN&marketplace=FLIPKART&store=6bo%2Fb5g&srno=b_3_50&otracker=CLP_Filters&fm=organic&iid=ca23dabd-7200-4603-aac8-b11e2b30e30f.COMGFAZTMFAJSVZW.SEARCH&ppt=None&ppn=None&ssid=shmox48bqo0000001628536893145
Lenovo Yoga S7 Carbon Core i7 11th Gen - (16 GB/1 TB SSD/Windows 10 Home) Yoga Slim 7 Carbon 13itl5 Th...,"??1,17,488",,https://rukminim1.flixcart.com/image/312/312/kmmcrrk0/computer/7/n/n/yoga-slim-7i-carbon-thin-and-light-laptop-lenovo-original-imagfhh5zhpznumg.jpeg?q=70,/lenovo-yoga-s7-carbon-core-i7-11th-gen-16-gb-1-tb-ssd-windows-10-home-slim-7-13itl5-thin-light-laptop/p/itm4ef646595b60c?pid=COMGFHH6QY7ZZGVM&lid=LSTCOMGFHH6QY7ZZGVMQ9GGFS&marketplace=FLIPKART&store=6bo%2Fb5g&srno=b_3_51&otracker=CLP_Filters&fm=organic&iid=ca23dabd-7200-4603-aac8-b11e2b30e30f.COMGFHH6QY7ZZGVM.SEARCH&ppt=None&ppn=None&ssid=shmox48bqo0000001628536893145
Lenovo ThinkPad E14 Gen2 Ryzen 5 Hexa Core 4650U 5th Gen - (8 GB/256 GB SSD/Windows 10 Home) E14 Lapto...,"??53,990",4.3,https://rukminim1.flixcart.com/image/312/312/knqd3m80/computer/b/n/w/thinkpad-e14-laptop-lenovo-original-imag2chrjgzzggrv.jpeg?q=70,/lenovo-thinkpad-e14-gen2-ryzen-5-hexa-core-4650u-5th-gen-8-gb-256-gb-ssd-windows-10-home-laptop/p/itma57c02bad3347?pid=COMG28FUNHEKGFYT&lid=LSTCOMG28FUNHEKGFYTFU52TM&marketplace=FLIPKART&store=6bo%2Fb5g&srno=b_3_52&otracker=CLP_Filters&fm=organic&iid=en_8siSpk2v0kW4NFZOUIDimnaM10%2Bu9%2BqMl8HVi8U5f6rl8xEyedgyADxOspLShonmXT5Ov%2Bm5Q5C8EV7DNkv%2Bfw%3D%3D&ppt=None&ppn=None&ssid=shmox48bqo0000001628536893145
Lenovo Yoga Slim 7 Core i5 10th Gen - (8 GB/512 GB SSD/Windows 10 Home/2 GB Graphics) 14IIL05 Thin and...,"??71,500",4.1,https://rukminim1.flixcart.com/image/312/312/kdyus280/computer/v/f/k/lenovo-na-thin-and-light-laptop-original-imafuqwpgzhytd5c.jpeg?q=70,/lenovo-yoga-slim-7-core-i5-10th-gen-8-gb-512-gb-ssd-windows-10-home-2-graphics-14iil05-thin-light-laptop/p/itmef874d2646752?pid=COMFS9YWNNPWWZGP&lid=LSTCOMFS9YWNNPWWZGPFE6XQL&marketplace=FLIPKART&store=6bo%2Fb5g&srno=b_3_53&otracker=CLP_Filters&fm=organic&iid=ca23dabd-7200-4603-aac8-b11e2b30e30f.COMFS9YWNNPWWZGP.SEARCH&ppt=None&ppn=None&ssid=shmox48bqo0000001628536893145
Lenovo Ideapad 720S Core i5 8th Gen - (8 GB/512 GB SSD/Windows 10 Home) 720S-13IKB Thin and Light Lapt...,"??74,990",3.3,https://rukminim1.flixcart.com/image/312/312/jmkwya80/computer/g/a/5/lenovo-na-thin-and-light-laptop-original-imaf9gh6stqkvph3.jpeg?q=70,/lenovo-ideapad-720s-core-i5-8th-gen-8-gb-512-gb-ssd-windows-10-home-720s-13ikb-thin-light-laptop/p/itmf7us7ygtehjef?pid=COMF7US7QH7WHGA5&lid=LSTCOMF7US7QH7WHGA5ERNAFW&marketplace=FLIPKART&store=6bo%2Fb5g&srno=b_3_54&otracker=CLP_Filters&fm=organic&iid=ca23dabd-7200-4603-aac8-b11e2b30e30f.COMF7US7QH7WHGA5.SEARCH&ppt=None&ppn=None&ssid=shmox48bqo0000001628536893145
Lenovo Ideapad Slim 5i Core i5 11th Gen - (8 GB/512 GB SSD/Windows 10 Home) Ideapad 5 14itl05 u2a Thin...,"??60,990",,https://rukminim1.flixcart.com/image/312/312/knhsgi80/computer/9/t/u/ideapad-slim-5-thin-and-light-laptop-lenovo-original-imag25w5nm2jb5pe.jpeg?q=70,/lenovo-ideapad-slim-5i-core-i5-11th-gen-8-gb-512-gb-ssd-windows-10-home-5-14itl05-u2a-thin-light-laptop/p/itm6908f72fe8e9c?pid=COMG36BSNHCBCZ2Q&lid=LSTCOMG36BSNHCBCZ2QVKWH3J&marketplace=FLIPKART&store=6bo%2Fb5g&srno=b_3_55&otracker=CLP_Filters&fm=organic&iid=ca23dabd-7200-4603-aac8-b11e2b30e30f.COMG36BSNHCBCZ2Q.SEARCH&ppt=None&ppn=None&ssid=shmox48bqo0000001628536893145
Lenovo Ideapad Gaming 3 Ryzen 5 Hexa Core 4600H - (8 GB/1 TB HDD/Windows 10 Home/4 GB Graphics/NVIDIA ...,"??57,990",4.3,https://rukminim1.flixcart.com/image/312/312/kk2wl8w0/computer/f/k/b/na-gaming-laptop-lenovo-original-imafzgdkvx9guy8q.jpeg?q=70,/lenovo-ideapad-gaming-3-ryzen-5-hexa-core-4600h-8-gb-1-tb-hdd-windows-10-home-4-gb-graphics-nvidia-geforce-gtx-1650-60-hz-15arh05-laptop/p/itm64d83a7c01261?pid=COMG3HHRTM3YFGTU&lid=LSTCOMG3HHRTM3YFGTU3SQHHJ&marketplace=FLIPKART&store=6bo%2Fb5g&srno=b_3_56&otracker=CLP_Filters&fm=organic&iid=en_8siSpk2v0kW4NFZOUIDimnaM10%2Bu9%2BqMl8HVi8U5f6qCaAWdCUypJQLL5O%2FDb0H%2BHWQ%2BYJTIMZ7IPN99YZTcww%3D%3D&ppt=None&ppn=None&ssid=shmox48bqo0000001628536893145
Lenovo ThinkPad x390 Core i7 10th Gen - (8 GB/512 GB SSD/Windows 10 Pro) ThinkPad X390 Thin and Light ...,"??1,29,990",,https://rukminim1.flixcart.com/image/312/312/kbgu1e80/computer/c/j/k/lenovo-thinkpad-x-390-business-laptop-original-imafstbgc3er9phr.jpeg?q=70,/lenovo-thinkpad-x390-core-i7-10th-gen-8-gb-512-gb-ssd-windows-10-pro-thin-light-laptop/p/itm1e495bf0a7310?pid=COMFU2JF5AGRDJEN&lid=LSTCOMFU2JF5AGRDJENLXNADV&marketplace=FLIPKART&store=6bo%2Fb5g&srno=b_3_57&otracker=CLP_Filters&fm=organic&iid=ca23dabd-7200-4603-aac8-b11e2b30e30f.COMFU2JF5AGRDJEN.SEARCH&ppt=None&ppn=None&ssid=shmox48bqo0000001628536893145
Lenovo ThinkPad Core i5 10th Gen - (16 GB/512 GB HDD/512 GB SSD/Windows 10 Pro) T14 Thin and Light Lap...,"??1,55,411",,https://rukminim1.flixcart.com/image/312/312/kplisnk0/computer/v/c/f/thinkpad-t14-thin-and-light-laptop-lenovo-original-imag3sydvdwtz7zu.jpeg?q=70,/lenovo-thinkpad-core-i5-10th-gen-16-gb-512-gb-hdd-512-ssd-windows-10-pro-t14-thin-light-laptop/p/itm7c9b701b715d1?pid=COMG2PZ3HVSHAKPK&lid=LSTCOMG2PZ3HVSHAKPKIYG37A&marketplace=FLIPKART&store=6bo%2Fb5g&srno=b_3_58&otracker=CLP_Filters&fm=organic&iid=ca23dabd-7200-4603-aac8-b11e2b30e30f.COMG2PZ3HVSHAKPK.SEARCH&ppt=None&ppn=None&ssid=shmox48bqo0000001628536893145
Lenovo X390 Core i5 10th Gen - (8 GB/512 GB SSD/Windows 10 Pro) X390 Business Laptop,"??1,20,000",,https://rukminim1.flixcart.com/image/312/312/kbgu1e80/computer/c/j/k/lenovo-thinkpad-x-390-business-laptop-original-imafstbgc3er9phr.jpeg?q=70,/lenovo-x390-core-i5-10th-gen-8-gb-512-gb-ssd-windows-10-pro-business-laptop/p/itma1319f32c5925?pid=COMFST4YVGBDVCJK&lid=LSTCOMFST4YVGBDVCJKPMKEDT&marketplace=FLIPKART&store=6bo%2Fb5g&srno=b_3_59&otracker=CLP_Filters&fm=organic&iid=ca23dabd-7200-4603-aac8-b11e2b30e30f.COMFST4YVGBDVCJK.SEARCH&ppt=None&ppn=None&ssid=shmox48bqo0000001628536893145
Lenovo Core i5 9th Gen - (8 GB/1 TB HDD/Windows 10 Home/3 GB Graphics/NVIDIA GeForce GTX 1050) L340-15...,"??49,990",4.1,https://rukminim1.flixcart.com/image/312/312/kn3i1zk0/computer/b/b/4/na-gaming-laptop-lenovo-original-imagfuzs7ydtn5ys.jpeg?q=70,/lenovo-core-i5-9th-gen-8-gb-1-tb-hdd-windows-10-home-3-gb-graphics-nvidia-geforce-gtx-1050-l340-15irh-gaming-laptop/p/itm3dccf41ac3879?pid=COMGFJQFY5ZPGUZV&lid=LSTCOMGFJQFY5ZPGUZVOVDFAP&marketplace=FLIPKART&store=6bo%2Fb5g&srno=b_3_60&otracker=CLP_Filters&fm=organic&iid=en_8siSpk2v0kW4NFZOUIDimnaM10%2Bu9%2BqMl8HVi8U5f6rZOcbfenXQn0QzaVN%2FsV16X26XkketblaZqRmqCf79%2FA%3D%3D&ppt=None&ppn=None&ssid=shmox48bqo0000001628536893145
Lenovo ThinkPad E15 Core i3 11th Gen - (4 GB/256 GB SSD/DOS) E15 Laptop,"??41,990",4.1,https://rukminim1.flixcart.com/image/312/312/kngd0nk0/computer/w/d/v/na-laptop-lenovo-original-imag24kxyrhycyxk.jpeg?q=70,/lenovo-thinkpad-e15-core-i3-11th-gen-4-gb-256-gb-ssd-dos-laptop/p/itm6574ea0e74ee4?pid=COMGF42GWMDZZW9F&lid=LSTCOMGF42GWMDZZW9F9EJXCI&marketplace=FLIPKART&store=6bo%2Fb5g&srno=b_3_61&otracker=CLP_Filters&fm=organic&iid=ca23dabd-7200-4603-aac8-b11e2b30e30f.COMGF42GWMDZZW9F.SEARCH&ppt=None&ppn=None&ssid=shmox48bqo0000001628536893145
Lenovo Ideapad Gaming 3 Ryzen 7 Octa Core 4800H - (8 GB/1 TB HDD/256 GB SSD/Windows 10 Home/4 GB Graph...,"??98,390",,https://rukminim1.flixcart.com/image/312/312/kk2wl8w0/computer/f/k/b/na-gaming-laptop-lenovo-original-imafzgdkvx9guy8q.jpeg?q=70,/lenovo-ideapad-gaming-3-ryzen-7-octa-core-4800h-8-gb-1-tb-hdd-256-gb-ssd-windows-10-home-4-graphics-nvidia-geforce-gtx-1650-ti-60-hz-15arh05-laptop/p/itmaa20354b5a620?pid=COMFVECHZFFZBHYP&lid=LSTCOMFVECHZFFZBHYPZWVLRZ&marketplace=FLIPKART&store=6bo%2Fb5g&srno=b_3_62&otracker=CLP_Filters&fm=organic&iid=ca23dabd-7200-4603-aac8-b11e2b30e30f.COMFVECHZFFZBHYP.SEARCH&ppt=None&ppn=None&ssid=shmox48bqo0000001628536893145
Lenovo Ideapad Gaming 3 Core i5 - (8 GB/1 TB HDD/256 GB SSD/Windows 10 Home/4 GB Graphics/NVIDIA GeFor...,"??78,798",,https://rukminim1.flixcart.com/image/312/312/kelptow0/computer/4/b/5/lenovo-ideapad-gaming-gaming-laptop-original-imafv9ydxgnhxtvk.jpeg?q=70,/lenovo-ideapad-gaming-3-core-i5-8-gb-1-tb-hdd-256-gb-ssd-windows-10-home-4-graphics-nvidia-geforce-gtx-nvidia-geforce-1650-ti-4gb-gddr6-15imh05d-laptop/p/itm9a75d9665a9ea?pid=COMFV8U7AUEKY4B5&lid=LSTCOMFV8U7AUEKY4B556KLUO&marketplace=FLIPKART&store=6bo%2Fb5g&srno=b_3_63&otracker=CLP_Filters&fm=organic&iid=ca23dabd-7200-4603-aac8-b11e2b30e30f.COMFV8U7AUEKY4B5.SEARCH&ppt=None&ppn=None&ssid=shmox48bqo0000001628536893145
Lenovo IdeaPad Gaming Ryzen 5 Hexa Core 4600H - (8 GB/512 GB SSD/Windows 10 Home/4 GB Graphics/NVIDIA ...,"??59,990",4.5,https://rukminim1.flixcart.com/image/312/312/kk2wl8w0/computer/f/k/b/na-gaming-laptop-lenovo-original-imafzgdkvx9guy8q.jpeg?q=70,/lenovo-ideapad-gaming-ryzen-5-hexa-core-4600h-8-gb-512-gb-ssd-windows-10-home-4-graphics-nvidia-geforce-gtx-1650-60-hz-15-arh-05-laptop/p/itmd00081bb4ee24?pid=COMG3TZGXDZZADQA&lid=LSTCOMG3TZGXDZZADQAT3GCMZ&marketplace=FLIPKART&store=6bo%2Fb5g&srno=b_3_64&otracker=CLP_Filters&fm=organic&iid=en_8siSpk2v0kW4NFZOUIDimnaM10%2Bu9%2BqMl8HVi8U5f6pRGHbMO7DidUn4b78fNgVwEPPZfAqlLrTNrLYiymJOfQ%3D%3D&ppt=None&ppn=None&ssid=shmox48bqo0000001628536893145
Lenovo Ideapad Slim 5i Core i5 11th Gen - (8 GB/1 TB HDD/256 GB SSD/Windows 10 Home/2 GB Graphics) 15 ...,"??70,990",3.8,https://rukminim1.flixcart.com/image/312/312/ko382a80/computer/7/m/h/na-thin-and-light-laptop-lenovo-original-imag2mjcwg3bubbz.jpeg?q=70,/lenovo-ideapad-slim-5i-core-i5-11th-gen-8-gb-1-tb-hdd-256-gb-ssd-windows-10-home-2-graphics-15-itl-05-thin-light-laptop/p/itmadd03e4842387?pid=COMG3TZG97PAEZPQ&lid=LSTCOMG3TZG97PAEZPQHVD3EC&marketplace=FLIPKART&store=6bo%2Fb5g&srno=b_3_65&otracker=CLP_Filters&fm=organic&iid=ca23dabd-7200-4603-aac8-b11e2b30e30f.COMG3TZG97PAEZPQ.SEARCH&ppt=None&ppn=None&ssid=shmox48bqo0000001628536893145
Lenovo ThinkPad Core i7 10th Gen - (16 GB/512 GB SSD/Windows 10 Pro) X13 Thin and Light Laptop,"??1,74,527",,https://rukminim1.flixcart.com/image/312/312/kplisnk0/computer/s/o/b/thinkpad-x13-thin-and-light-laptop-lenovo-original-imag3sy9rz4ffhhg.jpeg?q=70,/lenovo-thinkpad-core-i7-10th-gen-16-gb-512-gb-ssd-windows-10-pro-x13-thin-light-laptop/p/itm01a9c2a538ed5?pid=COMG2PZ3FHFK6XNQ&lid=LSTCOMG2PZ3FHFK6XNQOUN4HD&marketplace=FLIPKART&store=6bo%2Fb5g&srno=b_3_66&otracker=CLP_Filters&fm=organic&iid=ca23dabd-7200-4603-aac8-b11e2b30e30f.COMG2PZ3FHFK6XNQ.SEARCH&ppt=None&ppn=None&ssid=shmox48bqo0000001628536893145
Lenovo Ideapad 720S Core i7 8th Gen - (8 GB/512 GB SSD/Windows 10 Home) 720S-13IKB Thin and Light Lapt...,"??86,000",,https://rukminim1.flixcart.com/image/312/312/jmkwya80/computer/b/y/h/lenovo-na-thin-and-light-laptop-original-imaf9gh6z9fhaufa.jpeg?q=70,/lenovo-ideapad-720s-core-i7-8th-gen-8-gb-512-gb-ssd-windows-10-home-720s-13ikb-thin-light-laptop/p/itmf7us7drrxe2em?pid=COMF7US7KEMVSBYH&lid=LSTCOMF7US7KEMVSBYHGFDTG0&marketplace=FLIPKART&store=6bo%2Fb5g&srno=b_3_67&otracker=CLP_Filters&fm=organic&iid=ca23dabd-7200-4603-aac8-b11e2b30e30f.COMF7US7KEMVSBYH.SEARCH&ppt=None&ppn=None&ssid=shmox48bqo0000001628536893145
Lenovo IdeaPad Flex 5 Core i3 11th Gen - (8 GB/512 GB SSD/Windows 10 Home) 14ITL05 Thin and Light Lapt...,"??54,990",4.4,https://rukminim1.flixcart.com/image/312/312/kll7bm80/computer/k/5/x/na-thin-and-light-laptop-lenovo-original-imagyz3cykx2awtc.jpeg?q=70,/lenovo-ideapad-flex-5-core-i3-11th-gen-8-gb-512-gb-ssd-windows-10-home-14itl05-thin-light-laptop/p/itm8a55b442af5aa?pid=COMGY8Y5X3TUEA3F&lid=LSTCOMGY8Y5X3TUEA3FIADZBG&marketplace=FLIPKART&store=6bo%2Fb5g&srno=b_3_68&otracker=CLP_Filters&fm=organic&iid=en_8siSpk2v0kW4NFZOUIDimnaM10%2Bu9%2BqMl8HVi8U5f6ooDeuIYd0EKps3F6J8l%2FL0koNjC9o4NNIniVmyKAgIqg%3D%3D&ppt=None&ppn=None&ssid=shmox48bqo0000001628536893145
Lenovo Ideapad Slim 3i Core i5 11th Gen - (8 GB/512 GB SSD/Windows 10 Home) Ideapad Slim 3 Thin and Li...,"??60,990",,https://rukminim1.flixcart.com/image/312/312/krkyt8w0/computer/j/c/6/ideapad-slim-3i-thin-and-light-laptop-lenovo-original-imag5cg3ed4kyk9b.jpeg?q=70,/lenovo-ideapad-slim-3i-core-i5-11th-gen-8-gb-512-gb-ssd-windows-10-home-3-thin-light-laptop/p/itme6d6b3569c9e4?pid=COMG5CM5GX4PHVZF&lid=LSTCOMG5CM5GX4PHVZFRCXIIM&marketplace=FLIPKART&store=6bo%2Fb5g&srno=b_3_69&otracker=CLP_Filters&fm=organic&iid=ca23dabd-7200-4603-aac8-b11e2b30e30f.COMG5CM5GX4PHVZF.SEARCH&ppt=None&ppn=None&ssid=shmox48bqo0000001628536893145
Lenovo B50-70 Notebook (4th Gen Ci5/ 8GB/ 1TB/ Win8/ 2GB Graph) (59-427747),"??52,490",3.8,https://rukminim1.flixcart.com/image/312/312/computer/t/2/s/lenovo-b50-70-notebook-original-imadxweeqmwvmnwy.jpeg?q=70,/lenovo-b50-70-notebook-4th-gen-ci5-8gb-1tb-win8-2gb-graph-59-427747/p/itmf3s3fuz3hmbuc?pid=COMDXSVT4Z4RGEG9&lid=LSTCOMDXSVT4Z4RGEG9B82LBV&marketplace=FLIPKART&store=6bo%2Fb5g&srno=b_3_70&otracker=CLP_Filters&fm=organic&iid=ca23dabd-7200-4603-aac8-b11e2b30e30f.COMDXSVT4Z4RGEG9.SEARCH&ppt=None&ppn=None&ssid=shmox48bqo0000001628536893145
Lenovo ThinkPad E15 Core i5 11th Gen - (8 GB/512 GB SSD/Windows 10 Home/2 GB Graphics) E15 Laptop,"??75,990",4.9,https://rukminim1.flixcart.com/image/312/312/kngd0nk0/computer/k/q/5/na-laptop-lenovo-original-imag24kvhrgqvjut.jpeg?q=70,/lenovo-thinkpad-e15-core-i5-11th-gen-8-gb-512-gb-ssd-windows-10-home-2-graphics-laptop/p/itm65669adccf587?pid=COMGF42GHFSYMKFK&lid=LSTCOMGF42GHFSYMKFK8RVEU6&marketplace=FLIPKART&store=6bo%2Fb5g&srno=b_3_71&otracker=CLP_Filters&fm=organic&iid=ca23dabd-7200-4603-aac8-b11e2b30e30f.COMGF42GHFSYMKFK.SEARCH&ppt=None&ppn=None&ssid=shmox48bqo0000001628536893145
lenovo Yoga 7 Core i7 11th Gen Intel EVO - (16 GB/512 GB SSD/Windows 10 Home) 14ITL5 2 in 1 Laptop,"??97,988",4.8,https://rukminim1.flixcart.com/image/312/312/kkimfm80/computer/q/g/o/na-2-in-1-laptop-lenovo-original-imafzua4zhhpyyz8.jpeg?q=70,/lenovo-yoga-7-core-i7-11th-gen-intel-evo-16-gb-512-gb-ssd-windows-10-home-14itl5-2-1-laptop/p/itm707ded706da81?pid=COMFXV7SFNVVRZEF&lid=LSTCOMFXV7SFNVVRZEFVYKSLS&marketplace=FLIPKART&store=6bo%2Fb5g&srno=b_3_72&otracker=CLP_Filters&fm=organic&iid=en_8siSpk2v0kW4NFZOUIDimnaM10%2Bu9%2BqMl8HVi8U5f6pJhGDPETA7%2FYxmLDWOGAzL%2B7Qr3jXlAk3uVdyDJA1ZTQ%3D%3D&ppt=None&ppn=None&ssid=shmox48bqo0000001628536893145
Lenovo Ideapad Flex 5 Ryzen 5 Quad Core 10110U 10th Gen - (8 GB/512 GB SSD/Windows 10 Home) FLEX 5 Thi...,"??65,498",,https://rukminim1.flixcart.com/image/312/312/kdhphu80/computer/e/g/5/lenovo-ideapad-flex-5-thin-and-light-laptop-original-imafjpzgxhfexfgz.jpeg?q=70,/lenovo-ideapad-flex-5-ryzen-quad-core-10110u-10th-gen-8-gb-512-gb-ssd-windows-10-home-thin-light-laptop/p/itmc0994bc5de6de?pid=COMFUDY9ZWHYHEG5&lid=LSTCOMFUDY9ZWHYHEG5VIASY9&marketplace=FLIPKART&store=6bo%2Fb5g&srno=b_4_73&otracker=CLP_Filters&fm=organic&iid=dc4bc4c3-9dd7-4ddb-9b31-d43eef10de98.COMFUDY9ZWHYHEG5.SEARCH&ppt=None&ppn=None&ssid=xrv7dc3tjk0000001628536894356
Lenovo ThinkPad Core i5 10th Gen - (16 GB/512 GB SSD/Windows 10 Pro) X13 Thin and Light Laptop,"??1,47,000",,https://rukminim1.flixcart.com/image/312/312/kplisnk0/computer/s/o/b/thinkpad-x13-thin-and-light-laptop-lenovo-original-imag3sy9rz4ffhhg.jpeg?q=70,/lenovo-thinkpad-core-i5-10th-gen-16-gb-512-gb-ssd-windows-10-pro-x13-thin-light-laptop/p/itma0133712a539d?pid=COMG2PZ3BGGAVNDC&lid=LSTCOMG2PZ3BGGAVNDCKZY7LF&marketplace=FLIPKART&store=6bo%2Fb5g&srno=b_4_74&otracker=CLP_Filters&fm=organic&iid=dc4bc4c3-9dd7-4ddb-9b31-d43eef10de98.COMG2PZ3BGGAVNDC.SEARCH&ppt=None&ppn=None&ssid=xrv7dc3tjk0000001628536894356
Lenovo Core i5 11th Gen - (4 GB/512 GB SSD/Windows 10) 82H700J7IN Laptop,"??59,990",,https://rukminim1.flixcart.com/image/312/312/kqzj7gw0/computer/8/k/d/idea-pad-3-14itl6-laptop-lenovo-original-imag4vggnqzkbe99.jpeg?q=70,/lenovo-core-i5-11th-gen-4-gb-512-gb-ssd-windows-10-82h700j7in-laptop/p/itm27fcf3b0c0c73?pid=COMG4VGG5MPS7XJJ&lid=LSTCOMG4VGG5MPS7XJJRCV6TT&marketplace=FLIPKART&store=6bo%2Fb5g&srno=b_4_75&otracker=CLP_Filters&fm=organic&iid=dc4bc4c3-9dd7-4ddb-9b31-d43eef10de98.COMG4VGG5MPS7XJJ.SEARCH&ppt=None&ppn=None&ssid=xrv7dc3tjk0000001628536894356
Lenovo ThinkPad E14 Gen2 Ryzen 5 Hexa Core 4650U 5th Gen - (8 GB/256 GB SSD/Windows 10 Home) E14 Lapto...,"??53,990",4.3,https://rukminim1.flixcart.com/image/312/312/knqd3m80/computer/b/n/w/thinkpad-e14-laptop-lenovo-original-imag2chrjgzzggrv.jpeg?q=70,/lenovo-thinkpad-e14-gen2-ryzen-5-hexa-core-4650u-5th-gen-8-gb-256-gb-ssd-windows-10-home-laptop/p/itma57c02bad3347?pid=COMG28FUNHEKGFYT&lid=LSTCOMG28FUNHEKGFYTFU52TM&marketplace=FLIPKART&store=6bo%2Fb5g&srno=b_4_76&otracker=CLP_Filters&fm=organic&iid=en_uNyKRPUeBXaILTLzLAxAvfasssuestQEbk5PBsu7mRIiruHl3eezT%2FBwgj%2BxtgcwXT5Ov%2Bm5Q5C8EV7DNkv%2Bfw%3D%3D&ppt=None&ppn=None&ssid=xrv7dc3tjk0000001628536894356
Lenovo Core i9 10th Gen - (16 GB/1 TB SSD/Windows 10/8 GB Graphics/NVIDIA GeForce RTX 2080 super max-q...,"??2,62,998",,https://rukminim1.flixcart.com/image/312/312/kmax8y80/computer/l/6/j/legion-7i-gaming-laptop-lenovo-original-imagf8cbb5apup7t.jpeg?q=70,/lenovo-core-i9-10th-gen-16-gb-1-tb-ssd-windows-10-8-gb-graphics-nvidia-geforce-rtx-2080-super-max-q-81yu006hin-gaming-laptop/p/itm77649359419bb?pid=COMGF8HQFAZGHSND&lid=LSTCOMGF8HQFAZGHSNDFG3KA6&marketplace=FLIPKART&store=6bo%2Fb5g&srno=b_4_77&otracker=CLP_Filters&fm=organic&iid=dc4bc4c3-9dd7-4ddb-9b31-d43eef10de98.COMGF8HQFAZGHSND.SEARCH&ppt=None&ppn=None&ssid=xrv7dc3tjk0000001628536894356
Lenovo Core i5 7th Gen - (4 GB/1 TB HDD/Windows 10 Home/2 GB Graphics) 520s Laptop,"??57,999",,https://rukminim1.flixcart.com/image/312/312/km9ht3k0/computer/b/y/0/ideapad-laptop-lenovo-original-imagf7k6nzg69t2s.jpeg?q=70,/lenovo-core-i5-7th-gen-4-gb-1-tb-hdd-windows-10-home-2-gb-graphics-520s-laptop/p/itmfb31606bef2ce?pid=COMGF7PZW2HVWY6N&lid=LSTCOMGF7PZW2HVWY6NGVGGNN&marketplace=FLIPKART&store=6bo%2Fb5g&srno=b_4_78&otracker=CLP_Filters&fm=organic&iid=dc4bc4c3-9dd7-4ddb-9b31-d43eef10de98.COMGF7PZW2HVWY6N.SEARCH&ppt=None&ppn=None&ssid=xrv7dc3tjk0000001628536894356
Lenovo Legion 7i Core i7 10th Gen - (16 GB/1 TB SSD/Windows 10 Home/8 GB Graphics/NVIDIA GeForce RTX 2...,"??2,34,990",,https://rukminim1.flixcart.com/image/312/312/kdyus280/computer/t/w/3/lenovo-na-gaming-laptop-original-imafuqwpncg3bzhx.jpeg?q=70,/lenovo-legion-7i-core-i7-10th-gen-16-gb-1-tb-ssd-windows-10-home-8-gb-graphics-nvidia-geforce-rtx-2080-super-max-q-15imhg05-gaming-laptop/p/itm23265f2e8bfe9?pid=COMFU7ANQZYJGA9N&lid=LSTCOMFU7ANQZYJGA9N1SLYFW&marketplace=FLIPKART&store=6bo%2Fb5g&srno=b_4_79&otracker=CLP_Filters&fm=organic&iid=dc4bc4c3-9dd7-4ddb-9b31-d43eef10de98.COMFU7ANQZYJGA9N.SEARCH&ppt=None&ppn=None&ssid=xrv7dc3tjk0000001628536894356
Lenovo Ideapad Gaming 3 Ryzen 5 Hexa Core 4600H - (8 GB/1 TB HDD/Windows 10 Home/4 GB Graphics/NVIDIA ...,"??57,990",4.3,https://rukminim1.flixcart.com/image/312/312/kk2wl8w0/computer/f/k/b/na-gaming-laptop-lenovo-original-imafzgdkvx9guy8q.jpeg?q=70,/lenovo-ideapad-gaming-3-ryzen-5-hexa-core-4600h-8-gb-1-tb-hdd-windows-10-home-4-gb-graphics-nvidia-geforce-gtx-1650-60-hz-15arh05-laptop/p/itm64d83a7c01261?pid=COMG3HHRTM3YFGTU&lid=LSTCOMG3HHRTM3YFGTU3SQHHJ&marketplace=FLIPKART&store=6bo%2Fb5g&srno=b_4_80&otracker=CLP_Filters&fm=organic&iid=en_uNyKRPUeBXaILTLzLAxAvfasssuestQEbk5PBsu7mRL2Ikm0yQ83C8uY6uIGxVZWHWQ%2BYJTIMZ7IPN99YZTcww%3D%3D&ppt=None&ppn=None&ssid=xrv7dc3tjk0000001628536894356
Lenovo Ideapad Slim 5i Core i5 11th Gen - (8 GB/1 TB HDD/256 GB SSD/Windows 10 Home/2 GB Graphics) ide...,"??69,990",4.4,https://rukminim1.flixcart.com/image/312/312/klfhk7k0/computer/w/u/x/na-thin-and-light-laptop-lenovo-original-imagyk4hedcydqx5.jpeg?q=70,/lenovo-ideapad-slim-5i-core-i5-11th-gen-8-gb-1-tb-hdd-256-gb-ssd-windows-10-home-2-graphics-5-15itl05db-thin-light-laptop/p/itmd9c606836d4e4?pid=COMFXV7SFZHFT5ZZ&lid=LSTCOMFXV7SFZHFT5ZZMFJQCH&marketplace=FLIPKART&store=6bo%2Fb5g&srno=b_4_81&otracker=CLP_Filters&fm=organic&iid=dc4bc4c3-9dd7-4ddb-9b31-d43eef10de98.COMFXV7SFZHFT5ZZ.SEARCH&ppt=None&ppn=None&ssid=xrv7dc3tjk0000001628536894356
Lenovo Ideapad Slim 3i Core i5 11th Gen - (8 GB/256 GB SSD/Windows 10 Home) Ideapad Slim 3 Thin and Li...,"??57,990",,https://rukminim1.flixcart.com/image/312/312/krce64w0/computer/5/v/r/ideapad-slim-3i-thin-and-light-laptop-lenovo-original-imag55tcwgswpsty.jpeg?q=70,/lenovo-ideapad-slim-3i-core-i5-11th-gen-8-gb-256-gb-ssd-windows-10-home-3-thin-light-laptop/p/itm883868d161083?pid=COMG55TCSABSHKVN&lid=LSTCOMG55TCSABSHKVNWCGHGM&marketplace=FLIPKART&store=6bo%2Fb5g&srno=b_4_82&otracker=CLP_Filters&fm=organic&iid=dc4bc4c3-9dd7-4ddb-9b31-d43eef10de98.COMG55TCSABSHKVN.SEARCH&ppt=None&ppn=None&ssid=xrv7dc3tjk0000001628536894356
lenovo Yoga 7 Core i7 11th Gen Intel EVO - (16 GB/512 GB SSD/Windows 10 Home) 14ITL5 2 in 1 Laptop,"??97,988",4.8,https://rukminim1.flixcart.com/image/312/312/kkimfm80/computer/q/g/o/na-2-in-1-laptop-lenovo-original-imafzua4zhhpyyz8.jpeg?q=70,/lenovo-yoga-7-core-i7-11th-gen-intel-evo-16-gb-512-gb-ssd-windows-10-home-14itl5-2-1-laptop/p/itm707ded706da81?pid=COMFXV7SFNVVRZEF&lid=LSTCOMFXV7SFNVVRZEFVYKSLS&marketplace=FLIPKART&store=6bo%2Fb5g&srno=b_4_83&otracker=CLP_Filters&fm=organic&iid=dc4bc4c3-9dd7-4ddb-9b31-d43eef10de98.COMFXV7SFNVVRZEF.SEARCH&ppt=None&ppn=None&ssid=xrv7dc3tjk0000001628536894356
Lenovo Core i5 9th Gen - (8 GB/1 TB HDD/Windows 10 Home/3 GB Graphics/NVIDIA GeForce GTX 1050) L340-15...,"??49,990",4.1,https://rukminim1.flixcart.com/image/312/312/kn3i1zk0/computer/b/b/4/na-gaming-laptop-lenovo-original-imagfuzs7ydtn5ys.jpeg?q=70,/lenovo-core-i5-9th-gen-8-gb-1-tb-hdd-windows-10-home-3-gb-graphics-nvidia-geforce-gtx-1050-l340-15irh-gaming-laptop/p/itm3dccf41ac3879?pid=COMGFJQFY5ZPGUZV&lid=LSTCOMGFJQFY5ZPGUZVOVDFAP&marketplace=FLIPKART&store=6bo%2Fb5g&srno=b_4_84&otracker=CLP_Filters&fm=organic&iid=en_uNyKRPUeBXaILTLzLAxAvfasssuestQEbk5PBsu7mRIPNL6qZv4wldvKxhhhrQ8PX26XkketblaZqRmqCf79%2FA%3D%3D&ppt=None&ppn=None&ssid=xrv7dc3tjk0000001628536894356
Lenovo ThinkPad E15 Core i5 11th Gen - (8 GB/512 GB SSD/Windows 10 Home) E15 Laptop,"??73,990",4.3,https://rukminim1.flixcart.com/image/312/312/kngd0nk0/computer/k/q/5/na-laptop-lenovo-original-imag24kvhrgqvjut.jpeg?q=70,/lenovo-thinkpad-e15-core-i5-11th-gen-8-gb-512-gb-ssd-windows-10-home-laptop/p/itm0b7cc6a320930?pid=COMGF42G9RJGJYJH&lid=LSTCOMGF42G9RJGJYJHMIEW2B&marketplace=FLIPKART&store=6bo%2Fb5g&srno=b_4_85&otracker=CLP_Filters&fm=organic&iid=dc4bc4c3-9dd7-4ddb-9b31-d43eef10de98.COMGF42G9RJGJYJH.SEARCH&ppt=None&ppn=None&ssid=xrv7dc3tjk0000001628536894356
Lenovo Yoga Slim 7 Core i5 11th Gen - (16 GB/512 GB SSD/Windows 10 Home) Yoga Slim 7 14ITL05a Thin and...,"??76,990",4.8,https://rukminim1.flixcart.com/image/312/312/kdyus280/computer/v/f/k/lenovo-na-thin-and-light-laptop-original-imafuqwpgzhytd5c.jpeg?q=70,/lenovo-yoga-slim-7-core-i5-11th-gen-16-gb-512-gb-ssd-windows-10-home-14itl05a-thin-light-laptop/p/itm188233516c51f?pid=COMG26R9CGGQVKFX&lid=LSTCOMG26R9CGGQVKFXSVIDST&marketplace=FLIPKART&store=6bo%2Fb5g&srno=b_4_86&otracker=CLP_Filters&fm=organic&iid=dc4bc4c3-9dd7-4ddb-9b31-d43eef10de98.COMG26R9CGGQVKFX.SEARCH&ppt=None&ppn=None&ssid=xrv7dc3tjk0000001628536894356
Lenovo Ideapad 330s Core i5 8th Gen - (4 GB/1 TB HDD/Windows 10 Home/4 GB Graphics) 330S-15IKB Thin an...,"??56,990",4,https://rukminim1.flixcart.com/image/312/312/jzu60sw0/computer/z/v/d/lenovo-na-thin-and-light-laptop-original-imafjrbd3k9fhh9a.jpeg?q=70,/lenovo-ideapad-330s-core-i5-8th-gen-4-gb-1-tb-hdd-windows-10-home-4-gb-graphics-330s-15ikb-thin-light-laptop/p/itmf6358xz7yx7wg?pid=COMF6358VZFAFZVD&lid=LSTCOMF6358VZFAFZVDEISTY7&marketplace=FLIPKART&store=6bo%2Fb5g&srno=b_4_87&otracker=CLP_Filters&fm=organic&iid=dc4bc4c3-9dd7-4ddb-9b31-d43eef10de98.COMF6358VZFAFZVD.SEARCH&ppt=None&ppn=None&ssid=xrv7dc3tjk0000001628536894356
lenovo Ideapad Slim 5i Core i5 11th Gen Intel EVO - (8 GB/1 TB HDD/256 GB SSD/Windows 10 Home) 15ITL05...,"??63,989",4.4,https://rukminim1.flixcart.com/image/312/312/klfhk7k0/computer/w/u/x/na-thin-and-light-laptop-lenovo-original-imagyk4hedcydqx5.jpeg?q=70,/lenovo-ideapad-slim-5i-core-i5-11th-gen-intel-evo-8-gb-1-tb-hdd-256-gb-ssd-windows-10-home-15itl05-thin-light-laptop/p/itm2dc729feb915c?pid=COMFXV7SUSSZHGTW&lid=LSTCOMFXV7SUSSZHGTW4IAVV0&marketplace=FLIPKART&store=6bo%2Fb5g&srno=b_4_88&otracker=CLP_Filters&fm=organic&iid=en_uNyKRPUeBXaILTLzLAxAvfasssuestQEbk5PBsu7mRK0wmdTfSM%2BnBSqjCGFimPSgSXX6Tf0dYecJWWSS2J3kQ%3D%3D&ppt=None&ppn=None&ssid=xrv7dc3tjk0000001628536894356
Lenovo Core i5 10th Gen - (8 GB/1 TB HDD/256 GB SSD/Windows 10/4 GB Graphics/NVIDIA GeForce GTX GTX 16...,"??79,988",,https://rukminim1.flixcart.com/image/312/312/kgfg2vk0/computer/5/m/e/lenovo-legion-5i-gaming-laptop-original-imafwzy9bhygkj6f.jpeg?q=70,/lenovo-core-i5-10th-gen-8-gb-1-tb-hdd-256-gb-ssd-windows-10-4-graphics-nvidia-geforce-gtx-1650-82au004kin-gaming-laptop/p/itmd78976c80fcf9?pid=COMFWNUAWGYG85ME&lid=LSTCOMFWNUAWGYG85MENK9V0C&marketplace=FLIPKART&store=6bo%2Fb5g&srno=b_4_89&otracker=CLP_Filters&fm=organic&iid=dc4bc4c3-9dd7-4ddb-9b31-d43eef10de98.COMFWNUAWGYG85ME.SEARCH&ppt=None&ppn=None&ssid=xrv7dc3tjk0000001628536894356
Lenovo Ideapad 330 Core i5 8th Gen - (8 GB/1 TB HDD/Windows 10 Home/2 GB Graphics) 330-15IKB Laptop,"??46,990",4.2,https://rukminim1.flixcart.com/image/312/312/jms25jk0/computer/d/e/x/lenovo-na-laptop-original-imaf9hu7hyuktyaw.jpeg?q=70,/lenovo-ideapad-330-core-i5-8th-gen-8-gb-1-tb-hdd-windows-10-home-2-gb-graphics-330-15ikb-laptop/p/itmf8fdmhehekgq9?pid=COMF8FDMUGYGCDEX&lid=LSTCOMF8FDMUGYGCDEXATHBNX&marketplace=FLIPKART&store=6bo%2Fb5g&srno=b_4_90&otracker=CLP_Filters&fm=organic&iid=dc4bc4c3-9dd7-4ddb-9b31-d43eef10de98.COMF8FDMUGYGCDEX.SEARCH&ppt=None&ppn=None&ssid=xrv7dc3tjk0000001628536894356
Lenovo Core i3 10th Gen - (8 GB/256 GB SSD/Windows 10 Home) 81WA00K1IN Laptop,"??44,790",,https://rukminim1.flixcart.com/image/312/312/krf91u80/computer/z/0/m/ideapad-slim-laptop-lenovo-original-imag57x3p7bw8y8b.jpeg?q=70,/lenovo-core-i3-10th-gen-8-gb-256-gb-ssd-windows-10-home-81wa00k1in-laptop/p/itm3837bca9ea617?pid=COMG57X3HRJ5C8KC&lid=LSTCOMG57X3HRJ5C8KCVBKISD&marketplace=FLIPKART&store=6bo%2Fb5g&srno=b_4_91&otracker=CLP_Filters&fm=organic&iid=dc4bc4c3-9dd7-4ddb-9b31-d43eef10de98.COMG57X3HRJ5C8KC.SEARCH&ppt=None&ppn=None&ssid=xrv7dc3tjk0000001628536894356
Lenovo IdeaPad Gaming Ryzen 5 Hexa Core 4600H - (8 GB/512 GB SSD/Windows 10 Home/4 GB Graphics/NVIDIA ...,"??59,990",4.5,https://rukminim1.flixcart.com/image/312/312/kk2wl8w0/computer/f/k/b/na-gaming-laptop-lenovo-original-imafzgdkvx9guy8q.jpeg?q=70,/lenovo-ideapad-gaming-ryzen-5-hexa-core-4600h-8-gb-512-gb-ssd-windows-10-home-4-graphics-nvidia-geforce-gtx-1650-60-hz-15-arh-05-laptop/p/itmd00081bb4ee24?pid=COMG3TZGXDZZADQA&lid=LSTCOMG3TZGXDZZADQAT3GCMZ&marketplace=FLIPKART&store=6bo%2Fb5g&srno=b_4_92&otracker=CLP_Filters&fm=organic&iid=en_uNyKRPUeBXaILTLzLAxAvfasssuestQEbk5PBsu7mRIgV2x5NAYhtaRXwrGvqntGEPPZfAqlLrTNrLYiymJOfQ%3D%3D&ppt=None&ppn=None&ssid=xrv7dc3tjk0000001628536894356
lenovo Yoga 9 Core i7 11th Gen Intel EVO - (16 GB/1 TB SSD/Windows 10 Home) 14ITL5 2 in 1 Laptop,"??1,71,998",,https://rukminim1.flixcart.com/image/312/312/klfhk7k0/computer/d/k/s/na-2-in-1-laptop-lenovo-original-imagyk4hrfg326hv.jpeg?q=70,/lenovo-yoga-9-core-i7-11th-gen-intel-evo-16-gb-1-tb-ssd-windows-10-home-14itl5-2-1-laptop/p/itmfd2d53ce2e01b?pid=COMFXV7SEYSGQ2FU&lid=LSTCOMFXV7SEYSGQ2FUG07JM5&marketplace=FLIPKART&store=6bo%2Fb5g&srno=b_4_93&otracker=CLP_Filters&fm=organic&iid=dc4bc4c3-9dd7-4ddb-9b31-d43eef10de98.COMFXV7SEYSGQ2FU.SEARCH&ppt=None&ppn=None&ssid=xrv7dc3tjk0000001628536894356
Lenovo Ideapad Flex 5 Core i3 10th Gen - (4 GB/256 GB SSD/Windows 10 Home) 14IIL05 2 in 1 Laptop,"??49,990",4.4,https://rukminim1.flixcart.com/image/312/312/kf5pzm80/computer/k/j/x/lenovo-original-imafvzj5jpys6zrt.jpeg?q=70,/lenovo-ideapad-flex-5-core-i3-10th-gen-4-gb-256-gb-ssd-windows-10-home-14iil05-2-1-laptop/p/itmd07fbd631d8af?pid=COMFVECHWGFMXHFZ&lid=LSTCOMFVECHWGFMXHFZVSEDBH&marketplace=FLIPKART&store=6bo%2Fb5g&srno=b_4_94&otracker=CLP_Filters&fm=organic&iid=dc4bc4c3-9dd7-4ddb-9b31-d43eef10de98.COMFVECHWGFMXHFZ.SEARCH&ppt=None&ppn=None&ssid=xrv7dc3tjk0000001628536894356
Lenovo APU Dual Core A9 A99425 - (4 GB/1 TB HDD/DOS) E41-45 Notebook,"??26,000",,https://rukminim1.flixcart.com/image/312/312/kqjtd3k0/computer/i/s/f/na-gaming-laptop-lenovo-original-imag4jpd8dhhbxs6.jpeg?q=70,/lenovo-apu-dual-core-a9-a99425-4-gb-1-tb-hdd-dos-e41-45-notebook/p/itm2ef41e685de3b?pid=COMG4J4JBR9VSTFZ&lid=LSTCOMG4J4JBR9VSTFZLVMJDV&marketplace=FLIPKART&store=6bo%2Fb5g&srno=b_4_95&otracker=CLP_Filters&fm=organic&iid=dc4bc4c3-9dd7-4ddb-9b31-d43eef10de98.COMG4J4JBR9VSTFZ.SEARCH&ppt=None&ppn=None&ssid=xrv7dc3tjk0000001628536894356
Lenovo IdeaPad Flex 5 Core i3 11th Gen - (8 GB/512 GB SSD/Windows 10 Home) 14ITL05 Thin and Light Lapt...,"??54,990",4.4,https://rukminim1.flixcart.com/image/312/312/kll7bm80/computer/k/5/x/na-thin-and-light-laptop-lenovo-original-imagyz3cykx2awtc.jpeg?q=70,/lenovo-ideapad-flex-5-core-i3-11th-gen-8-gb-512-gb-ssd-windows-10-home-14itl05-thin-light-laptop/p/itm8a55b442af5aa?pid=COMGY8Y5X3TUEA3F&lid=LSTCOMGY8Y5X3TUEA3FIADZBG&marketplace=FLIPKART&store=6bo%2Fb5g&srno=b_4_96&otracker=CLP_Filters&fm=organic&iid=en_uNyKRPUeBXaILTLzLAxAvfasssuestQEbk5PBsu7mRIP0f9xTc99r9tEYCycTKXEkoNjC9o4NNIniVmyKAgIqg%3D%3D&ppt=None&ppn=None&ssid=xrv7dc3tjk0000001628536894356
Lenovo Ideapad Slim 3i Core i5 11th Gen - (8 GB/512 GB SSD/Windows 10 Home) Ideapad 3 14ITL6 Thin and ...,"??59,998",,https://rukminim1.flixcart.com/image/312/312/kr2e3680/computer/x/k/j/ideapad-slim-3i-thin-and-light-laptop-lenovo-original-imag4yf2ka5stf2w.jpeg?q=70,/lenovo-ideapad-slim-3i-core-i5-11th-gen-8-gb-512-gb-ssd-windows-10-home-3-14itl6-thin-light-laptop/p/itm670f2b7fb1895?pid=COMG4YF2Z3S7ZBPW&lid=LSTCOMG4YF2Z3S7ZBPWGHPLBU&marketplace=FLIPKART&store=6bo%2Fb5g&srno=b_5_97&otracker=CLP_Filters&fm=organic&iid=8318547e-5983-452e-b6d5-0776e5153fd1.COMG4YF2Z3S7ZBPW.SEARCH&ppt=None&ppn=None&ssid=077ibq5zcw0000001628536895230
Lenovo Yoga Slim 7 Ryzen 7 Octa Core 4800U - (8 GB/512 GB SSD/Windows 10 Home) 14ARE05 Thin and Light ...,"??76,500",4.8,https://rukminim1.flixcart.com/image/312/312/kdyus280/computer/v/f/k/lenovo-na-thin-and-light-laptop-original-imafuqwpgzhytd5c.jpeg?q=70,/lenovo-yoga-slim-7-ryzen-octa-core-4800u-8-gb-512-gb-ssd-windows-10-home-14are05-thin-light-laptop/p/itm87e8ac7c45470?pid=COMFZDRAWSYUS2Z8&lid=LSTCOMFZDRAWSYUS2Z8UDFKA6&marketplace=FLIPKART&store=6bo%2Fb5g&srno=b_5_98&otracker=CLP_Filters&fm=organic&iid=8318547e-5983-452e-b6d5-0776e5153fd1.COMFZDRAWSYUS2Z8.SEARCH&ppt=None&ppn=None&ssid=077ibq5zcw0000001628536895230
Lenovo Ideapad 330 Ryzen 5 Quad Core 2500U - (8 GB/1 TB HDD/DOS) 330-15ARR U Laptop,"??50,000",4.1,https://rukminim1.flixcart.com/image/312/312/jmz7csw0/computer/4/c/t/lenovo-na-laptop-original-imaf9ry4vqyh8fhv.jpeg?q=70,/lenovo-ideapad-330-ryzen-5-quad-core-2500u-8-gb-1-tb-hdd-dos-330-15arr-u-laptop/p/itmf7garh6dfwhvf?pid=COMF7GAR3PCNB4CT&lid=LSTCOMF7GAR3PCNB4CTA81IKM&marketplace=FLIPKART&store=6bo%2Fb5g&srno=b_5_99&otracker=CLP_Filters&fm=organic&iid=8318547e-5983-452e-b6d5-0776e5153fd1.COMF7GAR3PCNB4CT.SEARCH&ppt=None&ppn=None&ssid=077ibq5zcw0000001628536895230
Lenovo ThinkPad E14 Gen2 Ryzen 5 Hexa Core 4650U 5th Gen - (8 GB/256 GB SSD/Windows 10 Home) E14 Lapto...,"??53,990",4.3,https://rukminim1.flixcart.com/image/312/312/knqd3m80/computer/b/n/w/thinkpad-e14-laptop-lenovo-original-imag2chrjgzzggrv.jpeg?q=70,/lenovo-thinkpad-e14-gen2-ryzen-5-hexa-core-4650u-5th-gen-8-gb-256-gb-ssd-windows-10-home-laptop/p/itma57c02bad3347?pid=COMG28FUNHEKGFYT&lid=LSTCOMG28FUNHEKGFYTFU52TM&marketplace=FLIPKART&store=6bo%2Fb5g&srno=b_5_100&otracker=CLP_Filters&fm=organic&iid=en_2m1XJIjt9evVHH3Z0WlI61TDp080Z3e0tM7uKtlIuBY8fVPs1e8l8Y7RlVOSvy%2BqXT5Ov%2Bm5Q5C8EV7DNkv%2Bfw%3D%3D&ppt=None&ppn=None&ssid=077ibq5zcw0000001628536895230
Lenovo Ideapad S340 Core i5 8th Gen - (8 GB/512 GB SSD/Windows 10 Home/2 GB Graphics) S340 Thin and Li...,"??77,000",4.3,https://rukminim1.flixcart.com/image/312/312/k1mgu4w0/computer/u/6/c/lenovo-lenovo-ideapad-s340-8th-generation-i5-14-inch-fhd-thin-original-imafj79vvptshxgr.jpeg?q=70,/lenovo-ideapad-s340-core-i5-8th-gen-8-gb-512-gb-ssd-windows-10-home-2-graphics-thin-light-laptop/p/itm942ac72c666d0?pid=COMFKMFCBTEHF3RV&lid=LSTCOMFKMFCBTEHF3RVOXCPT4&marketplace=FLIPKART&store=6bo%2Fb5g&srno=b_5_101&otracker=CLP_Filters&fm=organic&iid=8318547e-5983-452e-b6d5-0776e5153fd1.COMFKMFCBTEHF3RV.SEARCH&ppt=None&ppn=None&ssid=077ibq5zcw0000001628536895230
Lenovo Ideapad 3 Core i5 10th Gen - (4 GB/1 TB HDD/Windows 10 Home) 15IIL05 Laptop,"??53,000",3.6,https://rukminim1.flixcart.com/image/312/312/keaaavk0/computer/x/m/y/lenovo-na-laptop-original-imafuzt8r5jqppfn.jpeg?q=70,/lenovo-ideapad-3-core-i5-10th-gen-4-gb-1-tb-hdd-windows-10-home-15iil05-laptop/p/itmca95fcab361b5?pid=COMFS9YWKZZHDPHD&lid=LSTCOMFS9YWKZZHDPHDACF6YQ&marketplace=FLIPKART&store=6bo%2Fb5g&srno=b_5_102&otracker=CLP_Filters&fm=organic&iid=8318547e-5983-452e-b6d5-0776e5153fd1.COMFS9YWKZZHDPHD.SEARCH&ppt=None&ppn=None&ssid=077ibq5zcw0000001628536895230
Lenovo Core i3 10th Gen - (4 GB/1 TB HDD/DOS) V14 IIL Thin and Light Laptop,"??38,000",,https://rukminim1.flixcart.com/image/312/312/kflftzk0/computer/p/k/3/lenovo-v14-thin-and-light-laptop-original-imafwyvcwnhxzwfz.jpeg?q=70,/lenovo-core-i3-10th-gen-4-gb-1-tb-hdd-dos-v14-iil-thin-light-laptop/p/itmfb66a37452edf?pid=COMFWYKWAMCYXPK3&lid=LSTCOMFWYKWAMCYXPK3BCTWS9&marketplace=FLIPKART&store=6bo%2Fb5g&srno=b_5_103&otracker=CLP_Filters&fm=organic&iid=8318547e-5983-452e-b6d5-0776e5153fd1.COMFWYKWAMCYXPK3.SEARCH&ppt=None&ppn=None&ssid=077ibq5zcw0000001628536895230
Lenovo Ideapad Gaming 3 Ryzen 5 Hexa Core 4600H - (8 GB/1 TB HDD/Windows 10 Home/4 GB Graphics/NVIDIA ...,"??57,990",4.3,https://rukminim1.flixcart.com/image/312/312/kk2wl8w0/computer/f/k/b/na-gaming-laptop-lenovo-original-imafzgdkvx9guy8q.jpeg?q=70,/lenovo-ideapad-gaming-3-ryzen-5-hexa-core-4600h-8-gb-1-tb-hdd-windows-10-home-4-gb-graphics-nvidia-geforce-gtx-1650-60-hz-15arh05-laptop/p/itm64d83a7c01261?pid=COMG3HHRTM3YFGTU&lid=LSTCOMG3HHRTM3YFGTU3SQHHJ&marketplace=FLIPKART&store=6bo%2Fb5g&srno=b_5_104&otracker=CLP_Filters&fm=organic&iid=en_2m1XJIjt9evVHH3Z0WlI61TDp080Z3e0tM7uKtlIuBbi4gn6Da2DO69IGJB0TzIAHWQ%2BYJTIMZ7IPN99YZTcww%3D%3D&ppt=None&ppn=None&ssid=077ibq5zcw0000001628536895230
Lenovo Yoga Slim 7 Core i7 10th Gen - (8 GB/512 GB SSD/Windows 10 Home/2 GB Graphics) 14IIL05 Thin and...,"??90,885",4.5,https://rukminim1.flixcart.com/image/312/312/kdyus280/computer/v/f/k/lenovo-na-thin-and-light-laptop-original-imafuqwpgzhytd5c.jpeg?q=70,/lenovo-yoga-slim-7-core-i7-10th-gen-8-gb-512-gb-ssd-windows-10-home-2-graphics-14iil05-thin-light-laptop/p/itme4a02830c33e2?pid=COMFS9YWHRY7KVFK&lid=LSTCOMFS9YWHRY7KVFKAO1NWN&marketplace=FLIPKART&store=6bo%2Fb5g&srno=b_5_105&otracker=CLP_Filters&fm=organic&iid=8318547e-5983-452e-b6d5-0776e5153fd1.COMFS9YWHRY7KVFK.SEARCH&ppt=None&ppn=None&ssid=077ibq5zcw0000001628536895230
Lenovo Core i7 10th Gen - (8 GB/1 TB HDD/256 GB SSD/Windows 10/4 GB Graphics/NVIDIA GeForce GTX GTX 16...,"??1,09,999",,https://rukminim1.flixcart.com/image/312/312/kgfg2vk0/computer/n/p/f/lenovo-legion-5i-gaming-laptop-original-imafwz84qrqxzw7z.jpeg?q=70,/lenovo-core-i7-10th-gen-8-gb-1-tb-hdd-256-gb-ssd-windows-10-4-graphics-nvidia-geforce-gtx-1650ti-82au004rin-gaming-laptop/p/itm3d0a5ddc71d9c?pid=COMFWZF7ZQSXQNPF&lid=LSTCOMFWZF7ZQSXQNPFPKUUJN&marketplace=FLIPKART&store=6bo%2Fb5g&srno=b_5_106&otracker=CLP_Filters&fm=organic&iid=8318547e-5983-452e-b6d5-0776e5153fd1.COMFWZF7ZQSXQNPF.SEARCH&ppt=None&ppn=None&ssid=077ibq5zcw0000001628536895230
Lenovo Legion Core i7 7th Gen - (8 GB/1 TB HDD/128 GB SSD/Windows 10 Home/4 GB Graphics/NVIDIA GeForce...,"??82,990",4.4,https://rukminim1.flixcart.com/image/312/312/j2qgscw0/computer/u/k/b/lenovo-notebook-original-imaeuyykhvfchm83.jpeg?q=70,/lenovo-legion-core-i7-7th-gen-8-gb-1-tb-hdd-128-gb-ssd-windows-10-home-4-graphics-nvidia-geforce-gtx-1050-y520-gaming-laptop/p/itmf3s3fzmfg4hbr?pid=COMEUYY5ZHZCJUKB&lid=LSTCOMEUYY5ZHZCJUKBMACIGC&marketplace=FLIPKART&store=6bo%2Fb5g&srno=b_5_107&otracker=CLP_Filters&fm=organic&iid=8318547e-5983-452e-b6d5-0776e5153fd1.COMEUYY5ZHZCJUKB.SEARCH&ppt=None&ppn=None&ssid=077ibq5zcw0000001628536895230
Lenovo Core i5 9th Gen - (8 GB/1 TB HDD/Windows 10 Home/3 GB Graphics/NVIDIA GeForce GTX 1050) L340-15...,"??49,990",4.1,https://rukminim1.flixcart.com/image/312/312/kn3i1zk0/computer/b/b/4/na-gaming-laptop-lenovo-original-imagfuzs7ydtn5ys.jpeg?q=70,/lenovo-core-i5-9th-gen-8-gb-1-tb-hdd-windows-10-home-3-gb-graphics-nvidia-geforce-gtx-1050-l340-15irh-gaming-laptop/p/itm3dccf41ac3879?pid=COMGFJQFY5ZPGUZV&lid=LSTCOMGFJQFY5ZPGUZVOVDFAP&marketplace=FLIPKART&store=6bo%2Fb5g&srno=b_5_108&otracker=CLP_Filters&fm=organic&iid=en_2m1XJIjt9evVHH3Z0WlI61TDp080Z3e0tM7uKtlIuBZ9hEyFUeT2cdRO9NcG6hv8X26XkketblaZqRmqCf79%2FA%3D%3D&ppt=None&ppn=None&ssid=077ibq5zcw0000001628536895230
Lenovo Ideapad S540 Core i5 10th Gen - (8 GB/512 GB SSD/Windows 10 Home/2 GB Graphics) S540-13IML Thin...,"??81,999",4.3,https://rukminim1.flixcart.com/image/312/312/k5o7r0w0/computer/z/5/z/lenovo-na-thin-and-light-laptop-original-imafzby9gnwhzw45.jpeg?q=70,/lenovo-ideapad-s540-core-i5-10th-gen-8-gb-512-gb-ssd-windows-10-home-2-graphics-s540-13iml-thin-light-laptop/p/itmec859e1264e9a?pid=COMFNXKSSGEFWZ5Z&lid=LSTCOMFNXKSSGEFWZ5Z64UKE8&marketplace=FLIPKART&store=6bo%2Fb5g&srno=b_5_109&otracker=CLP_Filters&fm=organic&iid=8318547e-5983-452e-b6d5-0776e5153fd1.COMFNXKSSGEFWZ5Z.SEARCH&ppt=None&ppn=None&ssid=077ibq5zcw0000001628536895230
Lenovo Core i7 11th Gen - (16 GB/512 GB SSD/Windows 10 Home) 82BH004HIN Laptop,"??1,17,999",,https://rukminim1.flixcart.com/image/312/312/koono280/computer/t/e/o/yoga-7-laptop-lenovo-original-imag332ahggczumj.jpeg?q=70,/lenovo-core-i7-11th-gen-16-gb-512-gb-ssd-windows-10-home-82bh004hin-laptop/p/itm49c00263f5346?pid=COMG332AR95J9MJG&lid=LSTCOMG332AR95J9MJGKV3CZA&marketplace=FLIPKART&store=6bo%2Fb5g&srno=b_5_110&otracker=CLP_Filters&fm=organic&iid=8318547e-5983-452e-b6d5-0776e5153fd1.COMG332AR95J9MJG.SEARCH&ppt=None&ppn=None&ssid=077ibq5zcw0000001628536895230
Lenovo V15 Athlon Dual Core 3050U - (4 GB/1 TB HDD/DOS) V15 Laptop,"??23,990",3.5,https://rukminim1.flixcart.com/image/312/312/kp2y2kw0/computer/m/c/n/ada-laptop-lenovo-original-imag3ej9yecnezut.jpeg?q=70,/lenovo-v15-athlon-dual-core-3050u-4-gb-1-tb-hdd-dos-laptop/p/itme3d766b0e3bba?pid=COMG3EJAHEUMMZEH&lid=LSTCOMG3EJAHEUMMZEHHP5TYZ&marketplace=FLIPKART&store=6bo%2Fb5g&srno=b_5_111&otracker=CLP_Filters&fm=organic&iid=8318547e-5983-452e-b6d5-0776e5153fd1.COMG3EJAHEUMMZEH.SEARCH&ppt=None&ppn=None&ssid=077ibq5zcw0000001628536895230
lenovo Ideapad Slim 5i Core i5 11th Gen Intel EVO - (8 GB/1 TB HDD/256 GB SSD/Windows 10 Home) 15ITL05...,"??63,989",4.4,https://rukminim1.flixcart.com/image/312/312/klfhk7k0/computer/w/u/x/na-thin-and-light-laptop-lenovo-original-imagyk4hedcydqx5.jpeg?q=70,/lenovo-ideapad-slim-5i-core-i5-11th-gen-intel-evo-8-gb-1-tb-hdd-256-gb-ssd-windows-10-home-15itl05-thin-light-laptop/p/itm2dc729feb915c?pid=COMFXV7SUSSZHGTW&lid=LSTCOMFXV7SUSSZHGTW4IAVV0&marketplace=FLIPKART&store=6bo%2Fb5g&srno=b_5_112&otracker=CLP_Filters&fm=organic&iid=en_2m1XJIjt9evVHH3Z0WlI61TDp080Z3e0tM7uKtlIuBZcdkJxa8z%2FWOGik0c14%2BX5gSXX6Tf0dYecJWWSS2J3kQ%3D%3D&ppt=None&ppn=None&ssid=077ibq5zcw0000001628536895230
Lenovo Core i3 10th Gen - (4 GB/256 GB SSD/DOS) V14 Laptop,"??37,682",2,https://rukminim1.flixcart.com/image/312/312/kflftzk0/computer/p/k/3/lenovo-v14-thin-and-light-laptop-original-imafwyvcwnhxzwfz.jpeg?q=70,/lenovo-core-i3-10th-gen-4-gb-256-gb-ssd-dos-v14-laptop/p/itm09ed786ecb32b?pid=COMFWHGBDHP4FJMR&lid=LSTCOMFWHGBDHP4FJMRGLPHMD&marketplace=FLIPKART&store=6bo%2Fb5g&srno=b_5_113&otracker=CLP_Filters&fm=organic&iid=8318547e-5983-452e-b6d5-0776e5153fd1.COMFWHGBDHP4FJMR.SEARCH&ppt=None&ppn=None&ssid=077ibq5zcw0000001628536895230
Lenovo Ideapad Slim 3i (2021) Core i3 10th Gen - (8 GB/1 TB HDD/Windows 10) Ideapad 3 15IML05 Thin and...,"??39,990",,https://rukminim1.flixcart.com/image/312/312/kr58yvk0/computer/t/p/0/ideapad-slim-3i-thin-and-light-laptop-lenovo-original-imag4zzgggwmwzux.jpeg?q=70,/lenovo-ideapad-slim-3i-2021-core-i3-10th-gen-8-gb-1-tb-hdd-windows-10-3-15iml05-thin-light-laptop/p/itmbe337b0ac5a77?pid=COMG5FN9SPFBATXF&lid=LSTCOMG5FN9SPFBATXFKRJIHS&marketplace=FLIPKART&store=6bo%2Fb5g&srno=b_5_114&otracker=CLP_Filters&fm=organic&iid=8318547e-5983-452e-b6d5-0776e5153fd1.COMG5FN9SPFBATXF.SEARCH&ppt=None&ppn=None&ssid=077ibq5zcw0000001628536895230
Lenovo IdeaPad Gaming Ryzen 5 Hexa Core 4600H - (8 GB/512 GB SSD/Windows 10 Home/4 GB Graphics/NVIDIA ...,"??59,990",4.5,https://rukminim1.flixcart.com/image/312/312/kk2wl8w0/computer/f/k/b/na-gaming-laptop-lenovo-original-imafzgdkvx9guy8q.jpeg?q=70,/lenovo-ideapad-gaming-ryzen-5-hexa-core-4600h-8-gb-512-gb-ssd-windows-10-home-4-graphics-nvidia-geforce-gtx-1650-60-hz-15-arh-05-laptop/p/itmd00081bb4ee24?pid=COMG3TZGXDZZADQA&lid=LSTCOMG3TZGXDZZADQAT3GCMZ&marketplace=FLIPKART&store=6bo%2Fb5g&srno=b_5_115&otracker=CLP_Filters&fm=organic&iid=en_2m1XJIjt9evVHH3Z0WlI61TDp080Z3e0tM7uKtlIuBYkWHFErS3rP0%2BvEjCG49taEPPZfAqlLrTNrLYiymJOfQ%3D%3D&ppt=None&ppn=None&ssid=077ibq5zcw0000001628536895230
