Title,Online_price,MRP_price,image_url,Product_href
,,,,
,,,,
"Lenovo IdeaPad Slim 3i (82H801CSIN) 15.6"" FHD Laptop (Core i5-1135G7 / 8GB /256GB SSD /Iris Xe Graphics /Win 10 /Office'19) Arctic Grey","56,500","₹59,990₹59,990",https://m.media-amazon.com/images/I/61jbOQZmWGL._AC_UL320_.jpg,/gp/slredirect/picassoRedirect.html/ref=pa_sp_atf_browse_computers_sr_pg2_1?ie=UTF8&adId=A018766014RNKNDAXGLFD&url=%2FLenovo-82H801CSIN-i5-1135G7-Graphics-Office19%2Fdp%2FB09B284L38%2Fref%3Dsr_1_25_sspa%3Fdchild%3D1%26qid%3D1628622553%26s%3Dcomputers%26sr%3D1-25-spons%26psc%3D1%26smid%3DA2W4R6KXCY4TRS&qualifier=1628622553&id=6986256157306568&widgetName=sp_atf_browse
"Lenovo IdeaPad Slim 3i (82H801CSIN) 15.6"" FHD Laptop (Core i5-1135G7 / 8GB /256GB SSD /Iris Xe Graphics /Win 10 /Office'19) Arctic Grey","56,500","₹59,990₹59,990",https://m.media-amazon.com/images/I/61jbOQZmWGL._AC_UL320_.jpg,/gp/slredirect/picassoRedirect.html/ref=pa_sp_atf_browse_computers_sr_pg2_1?ie=UTF8&adId=A018766014RNKNDAXGLFD&url=%2FLenovo-82H801CSIN-i5-1135G7-Graphics-Office19%2Fdp%2FB09B284L38%2Fref%3Dsr_1_25_sspa%3Fdchild%3D1%26qid%3D1628622553%26s%3Dcomputers%26sr%3D1-25-spons%26psc%3D1%26smid%3DA2W4R6KXCY4TRS&qualifier=1628622553&id=6986256157306568&widgetName=sp_atf_browse
"(Renewed) Lenovo Thinkpad Laptop X260 Intel Core i5 - 6300u Processor, 8 GB Ram & 256 GB ssd, Win10, 12.5 Inches 1.3 KG Ultralight Computer","46,390","₹1,29,000₹1,29,000",https://m.media-amazon.com/images/I/41HjDPvBQEL._AC_UL320_.jpg,/gp/slredirect/picassoRedirect.html/ref=pa_sp_atf_browse_computers_sr_pg2_1?ie=UTF8&adId=A05145503CEGMH5KGHVDT&url=%2FRenewed-Lenovo-Thinkpad-Laptop-Intel%2Fdp%2FB09B71WC56%2Fref%3Dsr_1_26_sspa%3Fdchild%3D1%26qid%3D1628622553%26s%3Dcomputers%26sr%3D1-26-spons%26psc%3D1&qualifier=1628622553&id=6986256157306568&widgetName=sp_atf_browse
"Lenovo Legion Y540 9th Gen Intel Core i5-9300HF 15.6"" (39.63cm) FHD IPS Gaming Laptop (8GB/1TB + 256GB SSD/Windows 10/NVIDIA GTX 1650 4GB/60Hz Refresh Display/Raven Black/2.3Kg), 81SY00UBIN","60,990","₹86,690₹86,690",https://m.media-amazon.com/images/I/71zm3gbS9SL._AC_UL320_.jpg,/Lenovo-i5-9300HF-39-63cm-Windows-81SY00UBIN/dp/B092MT55XP/ref=sr_1_27?dchild=1&qid=1628622553&s=computers&sr=1-27
"Lenovo IdeaPad Slim 3 2021 Intel Core i3 11th Gen 14"" (35.56cm) FHD IPS Thin & Light Laptop (8GB/256GB SSD/Windows 10/MS Office/Backlit/Fingerprint Reader/2 Yr Warranty/Arctic Grey/1.41kg), 82H700J8IN","47,000","₹51,900₹51,900",https://m.media-amazon.com/images/I/61XJ6xrICAL._AC_UL320_.jpg,/Lenovo-IdeaPad-Fingerprint-Warranty-82H700J8IN/dp/B096SHTH39/ref=sr_1_28?dchild=1&qid=1628622553&s=computers&sr=1-28
"Lenovo Legion 5 10th Gen Intel Core i5-10300H 15.6"" (39.63cm) FHD IPS Gaming Laptop (8GB/512GB SSD/Windows 10/NVIDIA GTX 1650 4GB/120Hz Refresh Display/Phantom Black/2.3Kg), 82AU00PMIN","68,490","₹93,690₹93,690",https://m.media-amazon.com/images/I/61p3lA4N3uL._AC_UL320_.jpg,/Lenovo-i5-10300H-39-63cm-Windows-82AU00PMIN/dp/B097TYRFJJ/ref=sr_1_29?dchild=1&qid=1628622553&s=computers&sr=1-29
"Lenovo V15 AMD Ryzen 5 15.6""(39.62cms) FHD Thin and Light Laptop (8GB/1TB HDD/Windows 10/AMD Radeon Vega 8 Graphics/Iron Grey/1.85Kg), 82C7003PIH","45,990","₹58,900₹58,900",https://m.media-amazon.com/images/I/61U0JQ6HnHL._AC_UL320_.jpg,/Lenovo-V15-Windows-Graphics-82C7003PIH/dp/B08HJJKDSH/ref=sr_1_30?dchild=1&qid=1628622553&s=computers&sr=1-30
Lenovo 82C700D4IH V15 ADA Laptop (AMD Athlon Silver 3050U/4GB Ram/ 1TB HDD/ 15.6 inch HD AG/ DOS/Integrated AMD Radeon Graphics/ Iron Grey),"27,295","₹29,990₹29,990",https://m.media-amazon.com/images/I/51RSK3t7tsL._AC_UL320_.jpg,/Lenovo-82C700D4IH-Laptop-Integrated-Graphics/dp/B08DHT9JSK/ref=sr_1_31?dchild=1&qid=1628622553&s=computers&sr=1-31
Lenovo 82C7A006IH V15 ADA Laptop (AMD Athlon Silver 3050U/4GB Ram/ 1TB HDD/ 15.6 inch HD AG/ Windows-10/Integrated AMD Radeon Graphics/ Iron Grey),"29,370","₹33,000₹33,000",https://m.media-amazon.com/images/I/51RSK3t7tsL._AC_UL320_.jpg,/Lenovo-82C7A006IH-Windows-10-Integrated-Graphics/dp/B08DHZS1XQ/ref=sr_1_32?dchild=1&qid=1628622553&s=computers&sr=1-32
"Lenovo V15 AMD 15.6-inch FHD Thin and Light Laptop (AMD Athlon Gold 3150U/ 4GB RAM/ 1TB HDD/ Dos /Integrated AMD Radeon Graphics/ Iron Grey), 82C700JCIH","26,806","₹29,500₹29,500",https://m.media-amazon.com/images/I/411oQKL9dUS._AC_UL320_.jpg,
"Lenovo IdeaPad Slim 5 11th Gen Intel Core i5 14"" (35.56cm) FHD IPS Thin & Light Laptop (8GB/512GB SSD/Windows 10/MS Office/Backlit Keyboard/Fingerprint Reader/Graphite Grey/1.39Kg), 82FE00QLIN","64,985","₹88,090₹88,090",https://m.media-amazon.com/images/I/6177wJ0CIrL._AC_UL320_.jpg,
"Lenovo IdeaPad Slim 3 Intel Celeron N4020 15.6"" (39.62cms) HD Thin and Light Laptop (4GB/256GB SSD/Windows 10/Platinum Grey/1.7Kg), 81WQ003LIN",,,https://m.media-amazon.com/images/I/61Dw5Z8LzJL._AC_UL320_.jpg,
"Lenovo V15 AMD Ryzen 3 3250U 15.6-inch HD Laptop (4GB/1TB/Windows 10/AMD Radeon Graphics/Grey/1.85Kg),82C70017IH","34,990","₹38,999₹38,999",https://m.media-amazon.com/images/I/61U0JQ6HnHL._AC_UL320_.jpg,/Lenovo-V15-15-6-inch-Graphics-82C70017IH/dp/B08DYB7D8J/ref=sr_1_36?dchild=1&qid=1628622553&s=computers&sr=1-36
"Lenovo ThinkPad E15 (2021) Intel Core i5 11th Gen 15.6-inch (39.62 cm) FHD Thin and Light Laptop (16GB RAM/1TB SSD/Windows 10/MS Office/Fingerprint Reader/Black/Aluminium Surface/ 1.7 kg), 20TDS0G000","84,990","₹86,969₹86,969",https://m.media-amazon.com/images/I/71TuueY7JDS._AC_UL320_.jpg,/Lenovo-15-6-inch-Fingerprint-Aluminium-20TDS0G000/dp/B095SRFK8G/ref=sr_1_37?dchild=1&qid=1628622553&s=computers&sr=1-37
"Lenovo IdeaPad Flex 5 11th Gen Intel Core i7 14""(35.56cm) FHD IPS 2-in-1 Touchscreen Laptop(16GB/512GB SSD/Windows 10/MS Office/Lenovo Digital Pen/Fingerprint Reader/Graphite Grey/1.5Kg), 82HS0092IN","90,490","₹1,18,890₹1,18,890",https://m.media-amazon.com/images/I/61ta6vDkCRL._AC_UL320_.jpg,/Lenovo-Touchscreen-Fingerprint-Graphite-82HS0092IN/dp/B08WRZQBQ6/ref=sr_1_38?dchild=1&qid=1628622553&s=computers&sr=1-38
Lenovo V14 AMD Ryzen 3 3250U 14.1-inch HD Laptop (8GB/1TB/Windows 10/AMD Radeon Graphics/Grey/1.85Kg),"34,990","₹48,990₹48,990",https://m.media-amazon.com/images/I/51Fogk+EHiL._AC_UL320_.jpg,/Lenovo-14-1-inch-Laptop-Windows-Graphics/dp/B09BJYRRZ2/ref=sr_1_39?dchild=1&qid=1628622553&s=computers&sr=1-39
"Lenovo IdeaPad Slim 3 2021 11th Gen Intel Core i5 15.6"" (39.62cms) FHD IPS Thin & Light Laptop (8GB/512GB SSD/Windows 10/MS Office/2 Year Warranty/Arctic Grey/1.65Kg), 82H800RFIN","57,990","₹69,890₹69,890",https://m.media-amazon.com/images/I/61q6x-ll5FL._AC_UL320_.jpg,/Lenovo-IdeaPad-39-62cms-Warranty-82H800RFIN/dp/B095KS8QVV/ref=sr_1_40?dchild=1&qid=1628622553&s=computers&sr=1-40
"Lenovo ThinkPad E15 (2021) Intel Core i3 11th Gen 15.6 inch (39.6 cm) FHD Thin and Light Laptop (4GB RAM/256GB SSD/Windows 10/MS Office/Fingerprint Reader/Black/Aluminium Surface/ 1.7 kg), 20TDS0AB00","49,797","₹59,239₹59,239",https://m.media-amazon.com/images/I/71TuueY7JDS._AC_UL320_.jpg,/Lenovo-ThinkPad-15-6-inch-Microsoft-20TDS0AB00/dp/B08Y927FK4/ref=sr_1_41?dchild=1&qid=1628622553&s=computers&sr=1-41
"Lenovo Yoga 7 11th Gen Intel Core i7-1165G7 14"" (35.56cm) FHD IPS 2-in-1 Touchscreen Laptop (16GB/512GB SSD/Windows 10/MS Office/Lenovo Digital Pen/Fingerprint Reader/Slate Grey/1.43Kg), 82BH004HIN","1,03,000","₹1,39,890₹1,39,890",https://m.media-amazon.com/images/I/719CfPeuu5L._AC_UL320_.jpg,
"Lenovo IdeaPad Slim 5 11th Gen Intel Core i5 15.6"" (39.6cm) FHD IPS Thin & Light Laptop(8GB/1TB+256GB SSD/Windows 10/MS Office/Nvidia GeForce MX450/Fingerprint Reader/Graphite Grey/1.66Kg), 82FG010AIN","66,899","₹96,490₹96,490",https://m.media-amazon.com/images/I/61WNxdAeAoL._AC_UL320_.jpg,/Lenovo-IdeaPad-Fingerprint-Graphite-82FG010AIN/dp/B096SJT7TY/ref=sr_1_43?dchild=1&qid=1628622553&s=computers&sr=1-43
"Lenovo IdeaPad Slim 3 2021 11th Gen Intel Core i5 15.6"" (39.62cms) FHD IPS Thin & Light Laptop (8GB/256GB SSD/Windows 10/MS Office/2 Year Warranty/Arctic Grey/1.65Kg), 82H800RDIN","55,990","₹67,090₹67,090",https://m.media-amazon.com/images/I/61q6x-ll5FL._AC_UL320_.jpg,/Lenovo-IdeaPad-39-62cms-Warranty-82H800RDIN/dp/B095KT2457/ref=sr_1_44?dchild=1&qid=1628622553&s=computers&sr=1-44
"Lenovo Legion Y540 9th Gen Intel Core i5-9300HF 15.6"" (39.63cm) FHD IPS Gaming Laptop (8GB/512GB SSD/Windows 10/NVIDIA GTX 1650 4GB/60Hz Refresh Display/Raven Black/2.3Kg), 81SY00UCIN","62,700","₹79,000₹79,000",https://m.media-amazon.com/images/I/71zm3gbS9SL._AC_UL320_.jpg,/Lenovo-i5-9300HF-39-63cm-Windows-81SY00UCIN/dp/B094X6LM8D/ref=sr_1_45?dchild=1&qid=1628622553&s=computers&sr=1-45
"Lenovo IdeaPad Slim 3 AMD 3020e 15.6"" (39.63cm) HD Thin & Light Laptop (4GB/1TB HDD/Windows 10/AMD Radeon Graphics/2 Year Warranty/Platinum Grey/1.85Kg), 81W100HHIN",,,https://m.media-amazon.com/images/I/61Dw5Z8LzJL._AC_UL320_.jpg,
"Lenovo IdeaPad Gaming 3 AMD Ryzen 5 4600H 15.6-inch Full HD IPS Laptop (8GB/512GB SSD/Windows 10/60 Hz/NVIDIA GTX 1650 4GB GDDR6 Graphics/Onyx Black/2.2Kg), 82EY00RYIN","59,990","₹60,710₹60,710",https://m.media-amazon.com/images/I/61TlKHyOHLL._AC_UL320_.jpg,/Lenovo-IdeaPad-15-6-inch-Graphics-82EY00RYIN/dp/B08QYV5PB3/ref=sr_1_47?dchild=1&qid=1628622553&s=computers&sr=1-47
"Lenovo Yoga 7 11th Gen Intel Core i5-1135G7 14"" (35.56cm) FHD IPS 2-in-1 Touchscreen Laptop (16GB/512GB SSD/Windows 10/MS Office/Lenovo Digital Pen/Fingerprint Reader/Slate Grey/1.43Kg), 82BH00CTIN","87,004","₹1,25,890₹1,25,890",https://m.media-amazon.com/images/I/71Q5Wo8yyOL._AC_UL320_.jpg,/Lenovo-i5-1135G7-Touchscreen-Fingerprint-82BH00CTIN/dp/B097W2YRN2/ref=sr_1_48?dchild=1&qid=1628622553&s=computers&sr=1-48
"Lenovo V15 AMD 15.6-inch FHD Thin and Light Laptop (AMD Athlon Silver 3050 U/ 4GB RAM/ 1TB HDD/ DOS /Integrated AMD Radeon Graphics/ Iron Grey/ 1.85 kg), 82C700HXIH","26,290","₹30,000₹30,000",https://m.media-amazon.com/images/I/411HK-wMOES._AC_UL320_.jpg,/Lenovo-15-6-inch-Integrated-Graphics-82C700HXIH/dp/B095JW3CCX/ref=sr_1_49?dchild=1&qid=1628622553&s=computers&sr=1-49
"Lenovo V15-ADA AMD RYZEN 3 3250U 15.6-inch HD Laptop (4GB/1TB/Windows 10/Iron Grey),82C700H3IH",,,https://m.media-amazon.com/images/I/51jLW8T47US._AC_UL320_.jpg,
,,,,
,,,,
,,,,
,,,,
"Lenovo Yoga 6 AMD Ryzen 7 4700U 13.3"" (33.78 cms) Full HD IPS 2-in-1 Touchscreen Laptop (16GB/512GB SSD/Windows 10/MS Office 2019/Fingerprint Reader/Abyss Blue/Fabric Surface/1.32Kg), 82FN004QIN","89,900","₹99,990₹99,990",https://m.media-amazon.com/images/I/61jBhFd7JoL._AC_UL320_.jpg,/gp/slredirect/picassoRedirect.html/ref=pa_sp_atf_browse_computers_sr_pg3_1?ie=UTF8&adId=A0506843Y547R0PRW0YN&url=%2FLenovo-Touchscreen-Windows-Fingerprint-82FN004QIN%2Fdp%2FB08Y96J1ZJ%2Fref%3Dsr_1_49_sspa%3Fdchild%3D1%26qid%3D1628622555%26s%3Dcomputers%26sr%3D1-49-spons%26psc%3D1&qualifier=1628622555&id=2963853312627731&widgetName=sp_atf_browse
"Lenovo Yoga 6 AMD Ryzen 7 4700U 13.3"" (33.78 cms) Full HD IPS 2-in-1 Touchscreen Laptop (16GB/512GB SSD/Windows 10/MS Office 2019/Fingerprint Reader/Abyss Blue/Fabric Surface/1.32Kg), 82FN004QIN","89,900","₹99,990₹99,990",https://m.media-amazon.com/images/I/61jBhFd7JoL._AC_UL320_.jpg,/gp/slredirect/picassoRedirect.html/ref=pa_sp_atf_browse_computers_sr_pg3_1?ie=UTF8&adId=A0506843Y547R0PRW0YN&url=%2FLenovo-Touchscreen-Windows-Fingerprint-82FN004QIN%2Fdp%2FB08Y96J1ZJ%2Fref%3Dsr_1_49_sspa%3Fdchild%3D1%26qid%3D1628622555%26s%3Dcomputers%26sr%3D1-49-spons%26psc%3D1&qualifier=1628622555&id=2963853312627731&widgetName=sp_atf_browse
"Lenovo Legion 5 10th Gen Intel Core i5-10300H 15.6"" (39.63cm) FHD IPS Gaming Laptop (8GB/512GB SSD/Windows 10/NVIDIA GTX 1650 4GB/120Hz Refresh Display/Phantom Black/2.3Kg), 82AU00PMIN","68,490","₹93,690₹93,690",https://m.media-amazon.com/images/I/61p3lA4N3uL._AC_UL320_.jpg,/gp/slredirect/picassoRedirect.html/ref=pa_sp_atf_browse_computers_sr_pg3_1?ie=UTF8&adId=A02815761NWVQB0HCW4YJ&url=%2FLenovo-i5-10300H-39-63cm-Windows-82AU00PMIN%2Fdp%2FB097TYRFJJ%2Fref%3Dsr_1_50_sspa%3Fdchild%3D1%26qid%3D1628622555%26s%3Dcomputers%26sr%3D1-50-spons%26psc%3D1&qualifier=1628622555&id=2963853312627731&widgetName=sp_atf_browse
"Lenovo IdeaPad Slim 5 AMD Ryzen 5 5500U 15.6"" (39.63cm) FHD IPS Thin & Light Laptop (8GB/512GB SSD/Windows 10/MS Office/Backlit Keyboard/Fingerprint Reader/Graphite Grey/1.66Kg), 82LN00GTIN","57,990","₹82,490₹82,490",https://m.media-amazon.com/images/I/71jP9Frsr6L._AC_UL320_.jpg,/gp/slredirect/picassoRedirect.html/ref=pa_sp_atf_browse_computers_sr_pg3_1?ie=UTF8&adId=A0472061ALRA5A4N9PFO&url=%2FLenovo-Keyboard-Fingerprint-Graphite-82LN00GTIN%2Fdp%2FB098FK9KQ2%2Fref%3Dsr_1_51_sspa%3Fdchild%3D1%26qid%3D1628622555%26s%3Dcomputers%26sr%3D1-51-spons%26psc%3D1&qualifier=1628622555&id=2963853312627731&widgetName=sp_atf_browse
"Lenovo IdeaPad Gaming 3 Intel Core i7 10th Gen 15.6"" FHD IPS 250Nits Gaming Laptop (8GB/512GB SSD/Win10/NVIDIA GTX 1650 4GB GDDR6 Graphics/120Hz/Onyx Black/2.2Kg), 81Y4019EIN","73,990","₹86,690₹86,690",https://m.media-amazon.com/images/I/61fpo-87DyL._AC_UL320_.jpg,/Lenovo-IdeaPad-250Nits-Graphics-81Y4019EIN/dp/B097TZMG7R/ref=sr_1_52?dchild=1&qid=1628622555&s=computers&sr=1-52
"Lenovo ThinkPad E15 (2021) Intel Core i7 11th Gen 15.6-inch (39.62 cm) Full HD IPS Thin and Light Laptop (16GB RAM/512GB SSD/Windows 10/MS Office/NVIDIA MX450 2GB Graphics/Black/1.7 kg), 20TDS0A700","1,01,490","₹1,01,606₹1,01,606",https://m.media-amazon.com/images/I/71TuueY7JDS._AC_UL320_.jpg,/Lenovo-ThinkPad-15-6-inch-Graphics-20TDS0A700/dp/B08Y91Z123/ref=sr_1_53?dchild=1&qid=1628622555&s=computers&sr=1-53
"Lenovo IdeaPad Slim 3 2021 Intel Core i3 11th Gen 14"" (35.56cm) FHD IPS Thin & Light Laptop (8GB/256GB SSD/Windows 10/MS Office/Backlit/Fingerprint Reader/2 Yr Warranty/Arctic Grey/1.41kg), 82H700KAIN","43,990","₹58,890₹58,890",https://m.media-amazon.com/images/I/61+gLXwdCgS._AC_UL320_.jpg,/Lenovo-IdeaPad-Fingerprint-Warranty-82H700KAIN/dp/B09634WK1T/ref=sr_1_54?dchild=1&qid=1628622555&s=computers&sr=1-54
"Lenovo ThinkPad E15 (2021) Intel Core i5 11th Gen 15.6-inch (39.62 cm)FHD Thin and Light Laptop (8GB RAM/512GB SSD/Windows 10/MS Office/Fingerprint Reader/Black/Aluminium Surface/ 1.7 kg), 20TDS0G700","73,290","₹75,879₹75,879",https://m.media-amazon.com/images/I/71TuueY7JDS._AC_UL320_.jpg,/Lenovo-15-6-inch-Fingerprint-Aluminium-20TDS0G700/dp/B095SST8N9/ref=sr_1_55?dchild=1&qid=1628622555&s=computers&sr=1-55
"Lenovo IdeaPad Slim 5 11th Gen Intel Core i5 15.6""(39.62cms) FHD IPS T&L Laptop (8GB/1TB HDD+256GB SSD/Windows10/Office 2019/Fingerprint Reader/Graphite Grey/Aluminium Surface/1.66Kg)82FG00BQIN","65,999","₹76,000₹76,000",https://m.media-amazon.com/images/I/61WNxdAeAoL._AC_UL320_.jpg,/Lenovo-Windows10-Fingerprint-Aluminium-82FG00BQIN/dp/B08P3LX5BQ/ref=sr_1_56?dchild=1&qid=1628622555&s=computers&sr=1-56
"(Renewed) Lenovo Intel Core i3-4th Gen -17 inch(43.18 cms) 1398 x 780 Desktop(16 GB RAM/ 1TB HDD/ Windows 10 Pro, MS Office/Intel Integrated Graphics 17""Monitor, Black)Thinkcenter E73","21,999","₹70,000₹70,000",https://m.media-amazon.com/images/I/31Xw6wxzs7S._AC_UL320_.jpg,/Renewed-Lenovo-Integrated-Graphics-Thinkcenter/dp/B099PZVFFN/ref=sr_1_57?dchild=1&qid=1628622555&s=computers&sr=1-57
"Lenovo ThinkPad E15 (2021) Intel Core i5 11th Gen 15.6-inch (39.62 cm) FHD Thin and Light Laptop (16GB RAM/512GB SSD/Windows 10/MS Office/Fingerprint Reader/Black/Aluminium Surface/1.7 kg), 20TDS0G300","78,490","₹80,366₹80,366",https://m.media-amazon.com/images/I/71TuueY7JDS._AC_UL320_.jpg,/Lenovo-15-6-inch-Fingerprint-Aluminium-20TDS0G300/dp/B095SQM9KM/ref=sr_1_58?dchild=1&qid=1628622555&s=computers&sr=1-58
"Lenovo V145-AMD-A6 15.6 inch HD Laptop (4GB RAM/ 1TB HDD/ Windows 10 Home/ Black/ 2.1 kg), 81MTA000IH","31,990","₹34,990₹34,990",https://m.media-amazon.com/images/I/71-La7HQx8L._AC_UL320_.jpg,/Lenovo-V145-AMD-A6-Laptop-Windows-81MTA000IH/dp/B083C9RDCW/ref=sr_1_59?dchild=1&qid=1628622555&s=computers&sr=1-59
"Lenovo V14 AMD RYZEN 3 3250U 14"" (35.56cms) HD Laptop (4GB/1TB/Dos/Iron Grey/1.85Kg) 82C6000KIH","32,000","₹35,900₹35,900",https://m.media-amazon.com/images/I/51ZE3adhGVL._AC_UL320_.jpg,/Lenovo-V14-14-inch-Laptop-82C6000KIH/dp/B08CXSLPTZ/ref=sr_1_60?dchild=1&qid=1628622555&s=computers&sr=1-60
"Lenovo ThinkPad E15 (2021) Intel Core i7 11th Gen 15.6"" FHD IPS Thin and Light Laptop (16GB RAM/1TB SSD/Windows 10/MS Office/NVIDIA MX450 2GB Graphics/ FPR/Black/Aluminium Surface/ 1.7 kg), 20TDS0AA00","1,07,990","₹1,08,276₹1,08,276",https://m.media-amazon.com/images/I/71TuueY7JDS._AC_UL320_.jpg,/Lenovo-ThinkPad-Graphics-Aluminium-20TDS0AA00/dp/B08Y92TD4M/ref=sr_1_61?dchild=1&qid=1628622555&s=computers&sr=1-61
"Lenovo V15 AMD RYZEN 3 3250U 15.6"" (39.62cms) HD Laptop (4GB/1TB/DOS/Grey/1.85Kg),82C70016IH","31,650","₹39,000₹39,000",https://m.media-amazon.com/images/I/61ZSIAryRmL._AC_UL320_.jpg,/Lenovo-V15-39-62cms-Laptop-82C70016IH/dp/B08RQ4J6T4/ref=sr_1_62?dchild=1&qid=1628622555&s=computers&sr=1-62
(Renewed) Lenovo ThinkPad Bluetooth High Performance 14 inch HD Light Laptop (Core I5 5200U/8 GB(Upto 16GB)/256 GB SSD/Win 10 Pro/Office 2019/USB 3.0/SIM/Cardreader/TPM/Integrated Graphics),"37,799","₹89,999₹89,999",https://m.media-amazon.com/images/I/618FguGul3L._AC_UL320_.jpg,/Lenovo-Bluetooth-Performance-Cardreader-Integrated/dp/B0925RX2R6/ref=sr_1_63?dchild=1&qid=1628622555&s=computers&sr=1-63
"Lenovo IdeaPad Slim 5 AMD Ryzen 7 4700U 14"" (35.56cm) FHD IPS Thin & Light Laptop (8GB/512GB SSD/Windows 10/MS Office/Backlit Keyboard/Fingerprint Reader/Graphite Grey/1.39Kg), 81YM002TIN","60,785","₹79,690₹79,690",https://m.media-amazon.com/images/I/61LiK6CvJHL._AC_UL320_.jpg,/gp/slredirect/picassoRedirect.html/ref=pa_sp_mtf_browse_computers_sr_pg3_1?ie=UTF8&adId=A05924173CNU7BYYEUYYB&url=%2FLenovo-Integrated-Graphics-Graphite-81YM002TIN%2Fdp%2FB087D3VVW3%2Fref%3Dsr_1_64_sspa%3Fdchild%3D1%26qid%3D1628622555%26s%3Dcomputers%26sr%3D1-64-spons%26psc%3D1&qualifier=1628622555&id=2963853312627731&widgetName=sp_mtf_browse
"Lenovo Yoga Slim 7 AMD Ryzen 7 4800U 14"" (35.56cms) Full HD IPS Thin and Light Laptop (8GB/512GB SSD/Windows 10/MS Office 2019/Integrated AMD Radeon Graphics/Slate Grey/1.33Kg), 82A2008VIN","75,700","₹89,000₹89,000",https://m.media-amazon.com/images/I/61tcZHczA8L._AC_UL320_.jpg,/gp/slredirect/picassoRedirect.html/ref=pa_sp_mtf_browse_computers_sr_pg3_1?ie=UTF8&adId=A0465615CU6EJJSCEDA8&url=%2FLenovo-14-inch-Integrated-Graphics-82A2008VIN%2Fdp%2FB08LKQBR8R%2Fref%3Dsr_1_65_sspa%3Fdchild%3D1%26qid%3D1628622555%26s%3Dcomputers%26sr%3D1-65-spons%26psc%3D1&qualifier=1628622555&id=2963853312627731&widgetName=sp_mtf_browse
"Lenovo IdeaPad Gaming 3 AMD Ryzen 5 4600H 15.6"" (39.63cm) FHD IPS Gaming Laptop (8GB/512GB SSD/Windows 10/NVIDIA GTX 1650 4GB/60Hz Refresh Display/Onyx Black/2.2Kg), 82EY00L9IN","59,906","₹78,290₹78,290",https://m.media-amazon.com/images/I/61TlKHyOHLL._AC_UL320_.jpg,/gp/slredirect/picassoRedirect.html/ref=pa_sp_mtf_browse_computers_sr_pg3_1?ie=UTF8&adId=A07599661AO9IVY5ZJJRX&url=%2FLenovo-IdeaPad-39-62cms-Graphics-82EY00L9IN%2Fdp%2FB08SK27PKH%2Fref%3Dsr_1_66_sspa%3Fdchild%3D1%26qid%3D1628622555%26s%3Dcomputers%26sr%3D1-66-spons%26psc%3D1&qualifier=1628622555&id=2963853312627731&widgetName=sp_mtf_browse
"Lenovo Ideapad Slim 3 AMD Ryzen 3 15.6 inch (39.62 cms) Full HD Thin and Light Laptop (4GB/1TB HDD/Windows 10/MS Office 2019/Platinum Grey/1.85Kg), 81W10057IN","37,489","₹38,490₹38,490",https://m.media-amazon.com/images/I/61Dw5Z8LzJL._AC_UL320_.jpg,/Lenovo-Ideapad-Windows-Platinum-81W10057IN/dp/B087D3JHGB/ref=sr_1_67?dchild=1&qid=1628622555&s=computers&sr=1-67
"(Renewed) Lenovo Thinkpad Intel 2nd Gen Core i5 14-Inch (35.56 cms) 1366x768 Laptop (4 GB/500 GB/Windows 7/Intel Integrated Graphics/Black/2 Kg), T420-i5-4 GB-500 GB","29,499","₹2,30,000₹2,30,000",https://m.media-amazon.com/images/I/6131jyv5dOL._AC_UL320_.jpg,/Lenovo-T420-i5-4-GB-500-GB-Integrated/dp/B07KYH14QV/ref=sr_1_68?dchild=1&qid=1628622555&s=computers&sr=1-68
Lenovo Thinkpad E495 AMD Ryzen 5 14 Inch Thin and Light Laptop (Ryzen5 3500U 8GB Ram 512GB SSD DOS),"63,500","₹67,800₹67,800",https://m.media-amazon.com/images/I/41UkS-SPW8L._AC_UL320_.jpg,/Lenovo-Thinkpad-Ryzen-Laptop-Ryzen5/dp/B08V8VT84W/ref=sr_1_69?dchild=1&qid=1628622555&s=computers&sr=1-69
"Lenovo V14 Intel Core i3 10th Gen 14-inch HD Thin and Light Laptop (4GB RAM/ 1TB HDD/ Windows 10 Professional/ Grey/ 1.6 kg), 82C4016TIH","38,780","₹75,900₹75,900",https://m.media-amazon.com/images/I/71iyJJMr-NL._AC_UL320_.jpg,/Lenovo-14-inch-Windows-Professional-82C4016TIH/dp/B08BXZF8PS/ref=sr_1_70?dchild=1&qid=1628622555&s=computers&sr=1-70
"(Renewed) Lenovo Intel Core i5 6th Gen 14 Inch(35.56 cms) 1920 x 1080 HD Laptop (12GB RAM/512GB SSD/Windows 10 Pro/MS Office 2019/ Intel HD graphics,Black,1.3kg) Slim Lenovo ThinkPad T460s","52,999","₹1,20,000₹1,20,000",https://m.media-amazon.com/images/I/617qQNo7g4S._AC_UL320_.jpg,/Renewed-Lenovo-Windows-graphics-ThinkPad/dp/B096PMTQH2/ref=sr_1_71?dchild=1&qid=1628622555&s=computers&sr=1-71
"(Renewed) Lenovo Intel Core I5 4th Gen 17 inch(43.18 cms) 1398 x 780 Desktop(4 GB RAM/ 128GB SSD/ Windows 10 Pro, MS Office/Intel Integrated Graphics, 17""Monitor,Black)Thinkcenter M93p Tiny","19,999","₹70,000₹70,000",https://m.media-amazon.com/images/I/41+yqY8poCS._AC_UL320_.jpg,/Renewed-Lenovo-Integrated-Graphics-Thinkcenter/dp/B099HDTMTV/ref=sr_1_72?dchild=1&qid=1628622555&s=computers&sr=1-72
"Lenovo Ideapad Slim 3 10th Gen Intel Core i3 15.6 inch FHD Thin and Light Laptop (4GB/1TB/Windows 10/MS Office/Grey/1.85Kg), 81WE0081IN","41,580","₹49,999₹49,999",https://m.media-amazon.com/images/I/61Dw5Z8LzJL._AC_UL320_.jpg,
"Lenovo Yoga Slim 7 10th Gen Intel Core i5 14"" (35.56cms) Full HD IPS Thin and Light Laptop (8GB/512GB SSD/Windows 10/MS Office 2019/NVIDIA MX350 2GB GDDR5 Graphics/Slate Grey/1.55Kg), 82A1009LIN","71,500","₹1,13,290₹1,13,290",https://m.media-amazon.com/images/I/61tcZHczA8L._AC_UL320_.jpg,/Lenovo-Laptop-Windows-Graphics-82A1009LIN/dp/B087D47QXB/ref=sr_1_74?dchild=1&qid=1628622555&s=computers&sr=1-74
"Lenovo V145-AMD-A4 15.6 inch HD Thin and Light Laptop (4GB RAM/ 1TB HDD/ DOS/ with DVD Writer/ Black/ 2.1 kg), 81MT001BIH",,,https://m.media-amazon.com/images/I/61+ybwGPLWL._AC_UL320_.jpg,
"Lenovo Legion 7i 10th Gen Intel Core i7 15.6"" FHD Gaming Laptop (16GB/1TB SSD/Windows/Office/144 Hz/NVIDIA RTX 2070 8GB GDDR6 Graphics), 81YU0029IN + Lenovo 2 Year Extra Accidental Damage Protection","1,51,889","₹2,87,381₹2,87,381",https://m.media-amazon.com/images/I/61LaVk3+rfL._AC_UL320_.jpg,/Lenovo-Graphics-81YU0029IN-Accidental-Protection/dp/B08Z9JMWNL/ref=sr_1_76?dchild=1&qid=1628622555&s=computers&sr=1-76
"Lenovo ThinkPad E14 Intel Core i3 10th Gen 14"" (35.56cms) Full HD Thin and Light Laptop (4GB RAM/ 1TB HDD/ Windows 10 Home/ Black/ 1.69 kg), 20RAS0SC00","44,800","₹48,900₹48,900",https://m.media-amazon.com/images/I/71k3N4gxNeL._AC_UL320_.jpg,/Lenovo-ThinkPad-14-inch-Windows-20RAS0SC00/dp/B086R72F16/ref=sr_1_77?dchild=1&qid=1628622555&s=computers&sr=1-77
"Lenovo V14 Intel Core i3 10th Gen 14-inch HD Thin and Light Laptop (4GB RAM/ 256GB SSD/ Dos / Grey/ 1.6 kg), 82C4A00QIH","37,399","₹37,682₹37,682",https://m.media-amazon.com/images/I/61++rkOM+qL._AC_UL320_.jpg,/Lenovo-Intel-14-inch-Laptop-82C4A00QIH/dp/B08DFVPHVY/ref=sr_1_78?dchild=1&qid=1628622555&s=computers&sr=1-78
"Lenovo IdeaPad Slim 5 11th Gen Intel Core i5 15.6"" (39.63cm) FHD IPS Thin & Light Laptop (8GB/1TB+256GB SSD/Windows 10/MS Office/Backlit Keyboard/Fingerprint Reader/Graphite Grey/1.66Kg), 82FG010BIN","62,088","₹85,290₹85,290",https://m.media-amazon.com/images/I/61WNxdAeAoL._AC_UL320_.jpg,/gp/slredirect/picassoRedirect.html/ref=pa_sp_btf_browse_computers_sr_pg3_1?ie=UTF8&adId=A05457562ZS17ZQ6FAQ89&url=%2FLenovo-Keyboard-Fingerprint-Graphite-82FG010BIN%2Fdp%2FB096SHMYJJ%2Fref%3Dsr_1_79_sspa%3Fdchild%3D1%26qid%3D1628622555%26s%3Dcomputers%26sr%3D1-79-spons%26psc%3D1&qualifier=1628622555&id=2963853312627731&widgetName=sp_btf_browse
"Lenovo IdeaPad Slim 3 2021 11th Gen Intel Core i5 15.6 FHD Thin & Light Laptop (8GB/512GB SSD/Windows 10/MS Office/Backlit Keyboard/2 Year Warranty/Arctic Grey/1.65Kg), 82H801CWIN","57,990","₹81,090₹81,090",https://m.media-amazon.com/images/I/61q6x-ll5FL._AC_UL320_.jpg,/gp/slredirect/picassoRedirect.html/ref=pa_sp_btf_browse_computers_sr_pg3_1?ie=UTF8&adId=A04719619YNZAU79UH9I&url=%2FLenovo-IdeaPad-Keyboard-Warranty-82H801CWIN%2Fdp%2FB09999TTV3%2Fref%3Dsr_1_80_sspa%3Fdchild%3D1%26qid%3D1628622555%26s%3Dcomputers%26sr%3D1-80-spons%26psc%3D1&qualifier=1628622555&id=2963853312627731&widgetName=sp_btf_browse
"Lenovo IdeaPad Slim 3 2021 Intel Core i5 11th Gen 14"" (35.56cm) FHD IPS Thin & Light Laptop (8GB/512GB SSD/Windows 10/MS Office/Backlit/Fingerprint Reader/2 Yr Warranty/Arctic Grey/1.41kg), 82H700KTIN","58,990","₹74,390₹74,390",https://m.media-amazon.com/images/I/61XJ6xrICAL._AC_UL320_.jpg,/gp/slredirect/picassoRedirect.html/ref=pa_sp_btf_browse_computers_sr_pg3_1?ie=UTF8&adId=A05453562B6S92V327RWJ&url=%2FLenovo-IdeaPad-Fingerprint-Warranty-82H700KTIN%2Fdp%2FB096SKD3V7%2Fref%3Dsr_1_81_sspa%3Fdchild%3D1%26qid%3D1628622555%26s%3Dcomputers%26sr%3D1-81-spons%26psc%3D1&qualifier=1628622555&id=2963853312627731&widgetName=sp_btf_browse
,,,,
,,,,
,,,,
,,,,
"Lenovo Yoga 6 AMD Ryzen 7 4700U 13.3"" (33.78 cms) Full HD IPS 2-in-1 Touchscreen Laptop (16GB/512GB SSD/Windows 10/MS Office 2019/Fingerprint Reader/Abyss Blue/Fabric Surface/1.32Kg), 82FN004QIN","89,900","₹99,990₹99,990",https://m.media-amazon.com/images/I/61jBhFd7JoL._AC_UL320_.jpg,/gp/slredirect/picassoRedirect.html/ref=pa_sp_atf_browse_computers_sr_pg4_1?ie=UTF8&adId=A0506843Y547R0PRW0YN&url=%2FLenovo-Touchscreen-Windows-Fingerprint-82FN004QIN%2Fdp%2FB08Y96J1ZJ%2Fref%3Dsr_1_73_sspa%3Fdchild%3D1%26qid%3D1628622556%26s%3Dcomputers%26sr%3D1-73-spons%26psc%3D1&qualifier=1628622556&id=5032281744917998&widgetName=sp_atf_browse
"Lenovo Yoga 6 AMD Ryzen 7 4700U 13.3"" (33.78 cms) Full HD IPS 2-in-1 Touchscreen Laptop (16GB/512GB SSD/Windows 10/MS Office 2019/Fingerprint Reader/Abyss Blue/Fabric Surface/1.32Kg), 82FN004QIN","89,900","₹99,990₹99,990",https://m.media-amazon.com/images/I/61jBhFd7JoL._AC_UL320_.jpg,/gp/slredirect/picassoRedirect.html/ref=pa_sp_atf_browse_computers_sr_pg4_1?ie=UTF8&adId=A0506843Y547R0PRW0YN&url=%2FLenovo-Touchscreen-Windows-Fingerprint-82FN004QIN%2Fdp%2FB08Y96J1ZJ%2Fref%3Dsr_1_73_sspa%3Fdchild%3D1%26qid%3D1628622556%26s%3Dcomputers%26sr%3D1-73-spons%26psc%3D1&qualifier=1628622556&id=5032281744917998&widgetName=sp_atf_browse
"Lenovo IdeaPad Slim 5 AMD Ryzen 5 5500U 15.6"" (39.63cm) FHD IPS Thin & Light Laptop (8GB/512GB SSD/Windows 10/MS Office/Backlit Keyboard/Fingerprint Reader/Graphite Grey/1.66Kg), 82LN00GTIN","57,990","₹82,490₹82,490",https://m.media-amazon.com/images/I/71jP9Frsr6L._AC_UL320_.jpg,/gp/slredirect/picassoRedirect.html/ref=pa_sp_atf_browse_computers_sr_pg4_1?ie=UTF8&adId=A0472061ALRA5A4N9PFO&url=%2FLenovo-Keyboard-Fingerprint-Graphite-82LN00GTIN%2Fdp%2FB098FK9KQ2%2Fref%3Dsr_1_74_sspa%3Fdchild%3D1%26qid%3D1628622556%26s%3Dcomputers%26sr%3D1-74-spons%26psc%3D1&qualifier=1628622556&id=5032281744917998&widgetName=sp_atf_browse
"Lenovo Legion 5 10th Gen Intel Core i5-10300H 15.6"" (39.63cm) FHD IPS Gaming Laptop (8GB/512GB SSD/Windows 10/NVIDIA GTX 1650 4GB/120Hz Refresh Display/Phantom Black/2.3Kg), 82AU00PMIN","68,490","₹93,690₹93,690",https://m.media-amazon.com/images/I/61p3lA4N3uL._AC_UL320_.jpg,/gp/slredirect/picassoRedirect.html/ref=pa_sp_atf_browse_computers_sr_pg4_1?ie=UTF8&adId=A02815761NWVQB0HCW4YJ&url=%2FLenovo-i5-10300H-39-63cm-Windows-82AU00PMIN%2Fdp%2FB097TYRFJJ%2Fref%3Dsr_1_75_sspa%3Fdchild%3D1%26qid%3D1628622556%26s%3Dcomputers%26sr%3D1-75-spons%26psc%3D1&qualifier=1628622556&id=5032281744917998&widgetName=sp_atf_browse
"Lenovo Yoga Slim7 Carbon 11thGen i7 13.3""QHD IPS Ultra-Light&Thin(16GB/1TB SSD/Win/MS/Iris Xe GFX/HD IR Camera/Carbon Fiber/0.96 Kg)82EV003WIN+Lenovo 2Yr Extra Accidental Damage Protect & Premium Care","1,20,886","₹2,05,173₹2,05,173",https://m.media-amazon.com/images/I/51p0Divll1L._AC_UL320_.jpg,/Lenovo-11thGen-Ultra-Light-82EV003WIN-Accidental/dp/B09B7S39V6/ref=sr_1_76?dchild=1&qid=1628622556&s=computers&sr=1-76
"(Renewed) Lenovo ThinkPad Intel 3rd Gen Core i5 14-Inch (35.56 cms) 1366x768 Laptop (8 GB/500 GB/Windows 10/Intel HD Graphics 4000/Black/1.80 kg), L430","33,629","₹1,28,999₹1,28,999",https://m.media-amazon.com/images/I/513fzMsongL._AC_UL320_.jpg,/Lenovo-ThinkPad-L430-Integrated-Graphics/dp/B07MV936TW/ref=sr_1_77?dchild=1&qid=1628622556&s=computers&sr=1-77
"Lenovo V15 AMD 15.6-inch FHD Thin and Light Laptop (AMD Ryzen 3 3250 U/ 4GB RAM/ 1TB HDD/ DOS /Integrated AMD Radeon Graphics/ Iron Grey/ 1.85 kg), 82C700J6IH","34,900","₹42,900₹42,900",https://m.media-amazon.com/images/I/411oQKL9dUS._AC_UL320_.jpg,/Lenovo-15-6-inch-Integrated-Graphics-82C700J6IH/dp/B0972ZTGQG/ref=sr_1_78?dchild=1&qid=1628622556&s=computers&sr=1-78
"Lenovo ThinkPad E14 Intel Core i3 10th Gen 14"" (35.56cms) Full HD Thin and Light Laptop (4GB RAM/ 256GB SSD/ DOS/ Black/ 1.69 kg), 20RAS0SE00","43,870","₹1,09,000₹1,09,000",https://m.media-amazon.com/images/I/5170M8kT8rL._AC_UL320_.jpg,/Lenovo-ThinkPad-14-inch-Laptop-20RAS0SE00/dp/B086R6L9C8/ref=sr_1_79?dchild=1&qid=1628622556&s=computers&sr=1-79
"Lenovo IdeaPad Gaming3 AMD Ryzen5 4600H 15.6"" FHD IPS Laptop (8GB/512GB SSD/Win/GTX 1650 4GB GDDR6) 82EY00L9IN + Lenovo 2Yr Extra Accidental Damage Protection + 2Yr Extra Warranty with Onsite Service","63,904","₹94,649₹94,649",https://m.media-amazon.com/images/I/81pt8yeDemL._AC_UL320_.jpg,/Lenovo-82EY00L9IN-Accidental-Protection-Warranty/dp/B08XYBDVJD/ref=sr_1_80?dchild=1&qid=1628622556&s=computers&sr=1-80
"(Renewed) Lenovo ThinkCenter M72e Desktop (Intel Core i3 /16 GB RAM /2 TB HDD/ Windows 10 Pro , MS Office/USB, Ethernet,VGA19"" Wide Full HD Monitor (1920 x 1080), Black","32,999","₹80,000₹80,000",https://m.media-amazon.com/images/I/41kwwl4YvcL._AC_UL320_.jpg,/Renewed-Lenovo-ThinkCenter-M72e-Ethernet/dp/B08T96X5GG/ref=sr_1_81?dchild=1&qid=1628622556&s=computers&sr=1-81
Lenovo Legion Y540 Intel Core i5 9th Gen 15.6 inch FHD Gaming Laptop (8GB/1TB + 256 GB SSD/Windows 10/4GB GTX 1650 Graphics/Black/2.3Kg) 81SY00SNIN + Lenovo 2 Year Extra Warranty with Onsite Service,"63,489","₹1,11,648₹1,11,648",https://m.media-amazon.com/images/I/813fOXH-6ZL._AC_UL320_.jpg,/Lenovo-Windows-Graphics-81SY00SNIN-Warranty/dp/B08Z7C6YKT/ref=sr_1_82?dchild=1&qid=1628622556&s=computers&sr=1-82
"Lenovo Ideapad Gaming 3 Intel Core i5 10th Gen 15.6 inch FHD Gaming Laptop (8GB/1TB+256GB SSD/Windows 10/MS Office 2019/NVIDIA GTX 1650 4GB Graphics/Onyx Black/2.2Kg), 81Y400E1IN","65,990","₹1,07,690₹1,07,690",https://m.media-amazon.com/images/I/61fpo-87DyL._AC_UL320_.jpg,/Lenovo-Ideapad-Windows-Graphics-81Y400E1IN/dp/B08BSGG6V9/ref=sr_1_83?dchild=1&qid=1628622556&s=computers&sr=1-83
"Lenovo IdeaPad Flex 5i 11thGen i3 14"" FHD IPS 2-in-1 Convertible(8GB/256GB SSD/Win/MSO/FingerprintRead/HD 720p Camera)82HS008YIN+Lenovo 100 Stereo Analog Headset (3.5mm Jack)|30mm Audio Drivers","53,489","₹72,870₹72,870",https://m.media-amazon.com/images/I/712V8kHbB3L._AC_UL320_.jpg,/Lenovo-IdeaPad-Convertible-FingerprintRead-82HS008YIN/dp/B08Z9KJH4W/ref=sr_1_84?dchild=1&qid=1628622556&s=computers&sr=1-84
"(Renewed) Lenovo Intel 4th Gen Core i5 14.1-Inch (35.81 cms) 1600x900 Laptop (8 GB/256 GB SSD/Windows 7 Professional/Intel HD Graphics 3000/Black/1.9 Kg), T440","35,671","₹80,000₹80,000",https://m.media-amazon.com/images/I/21+pKaVtAVL._AC_UL320_.jpg,/Certified-REFURBISHED-Lenovo-T440-Integrated/dp/B07CTV7MW1/ref=sr_1_85?dchild=1&qid=1628622556&s=computers&sr=1-85
"Lenovo Legion 5 10th Gen Intel Core i5 15.6"" FHD Gaming Laptop(8GB/1TB HDD + 256GB SSD/Win10/Office2019/120 Hz/NVIDIA GTX 1650 4GB GDDR6/with M300 RGB Gaming Mouse/Phantom Black/2.3Kg), 82AU004KIN","78,990","₹1,18,890₹1,18,890",https://m.media-amazon.com/images/I/61p3lA4N3uL._AC_UL320_.jpg,/Lenovo-Legion-Office2019-Phantom-82AU004KIN/dp/B08GG8VV3W/ref=sr_1_86?dchild=1&qid=1628622556&s=computers&sr=1-86
"(Renewed) Lenovo Intel Core i5 3320M 14-Inch (35.56 cms) 1366x768 Laptop (8 GB/500 GB HDD/Windows 10/MS Office Pro 2019 /Intel HD Graphics 4000/Black/1.60 Kg), Thinkpad T430","35,470","₹80,000₹80,000",https://m.media-amazon.com/images/I/612VugUICLL._AC_UL320_.jpg,/Lenovo-Thinkpad-T430-Integrated-graphics/dp/B07ZD7CBLL/ref=sr_1_87?dchild=1&qid=1628622556&s=computers&sr=1-87
"Lenovo IdeaPad Slim 5 AMD Ryzen 7 4700U 14"" (35.56cm) FHD IPS Thin & Light Laptop (8GB/512GB SSD/Windows 10/MS Office/Backlit Keyboard/Fingerprint Reader/Graphite Grey/1.39Kg), 81YM002TIN","60,785","₹79,690₹79,690",https://m.media-amazon.com/images/I/61LiK6CvJHL._AC_UL320_.jpg,/gp/slredirect/picassoRedirect.html/ref=pa_sp_mtf_browse_computers_sr_pg4_1?ie=UTF8&adId=A05924173CNU7BYYEUYYB&url=%2FLenovo-Integrated-Graphics-Graphite-81YM002TIN%2Fdp%2FB087D3VVW3%2Fref%3Dsr_1_88_sspa%3Fdchild%3D1%26qid%3D1628622556%26s%3Dcomputers%26sr%3D1-88-spons%26psc%3D1&qualifier=1628622556&id=5032281744917998&widgetName=sp_mtf_browse
"Lenovo Yoga Slim 7 AMD Ryzen 7 4800U 14"" (35.56cms) Full HD IPS Thin and Light Laptop (8GB/512GB SSD/Windows 10/MS Office 2019/Integrated AMD Radeon Graphics/Slate Grey/1.33Kg), 82A2008VIN","75,700","₹89,000₹89,000",https://m.media-amazon.com/images/I/61tcZHczA8L._AC_UL320_.jpg,/gp/slredirect/picassoRedirect.html/ref=pa_sp_mtf_browse_computers_sr_pg4_1?ie=UTF8&adId=A0465615CU6EJJSCEDA8&url=%2FLenovo-14-inch-Integrated-Graphics-82A2008VIN%2Fdp%2FB08LKQBR8R%2Fref%3Dsr_1_89_sspa%3Fdchild%3D1%26qid%3D1628622556%26s%3Dcomputers%26sr%3D1-89-spons%26psc%3D1&qualifier=1628622556&id=5032281744917998&widgetName=sp_mtf_browse
"Lenovo IdeaPad Gaming 3 AMD Ryzen 5 4600H 15.6"" (39.63cm) FHD IPS Gaming Laptop (8GB/512GB SSD/Windows 10/NVIDIA GTX 1650 4GB/60Hz Refresh Display/Onyx Black/2.2Kg), 82EY00L9IN","59,906","₹78,290₹78,290",https://m.media-amazon.com/images/I/61TlKHyOHLL._AC_UL320_.jpg,/gp/slredirect/picassoRedirect.html/ref=pa_sp_mtf_browse_computers_sr_pg4_1?ie=UTF8&adId=A07599661AO9IVY5ZJJRX&url=%2FLenovo-IdeaPad-39-62cms-Graphics-82EY00L9IN%2Fdp%2FB08SK27PKH%2Fref%3Dsr_1_90_sspa%3Fdchild%3D1%26qid%3D1628622556%26s%3Dcomputers%26sr%3D1-90-spons%26psc%3D1&qualifier=1628622556&id=5032281744917998&widgetName=sp_mtf_browse
"Lenovo Ideapad Slim5 AMD Ryzen7 14"" FHD Thin&Light Laptop (8GB/512 GB SSD/Win10/MSO)81YM002TIN + Lenovo 100 Stereo Analog Headset (3.5mm Jack) | 30mm Audio Drivers|Learn & Work from Home","62,284","₹82,670₹82,670",https://m.media-amazon.com/images/I/81eEVP6uP3L._AC_UL320_.jpg,/Lenovo-Ideapad-81YM002TIN-Headset-Drivers/dp/B08Z9Q651S/ref=sr_1_91?dchild=1&qid=1628622556&s=computers&sr=1-91
"Lenovo Ideapad S145 Intel Core i5 10th Gen 15.6 inch (39.62 cms) FHD Thin and Light Laptop (8GB/1TB/Windows 10/Grey/1.85Kg), 81W800FLIN","42,990","₹71,590₹71,590",https://m.media-amazon.com/images/I/81EoCoV-8tL._AC_UL320_.jpg,/Lenovo-Ideapad-Laptop-Windows-81W800FLIN/dp/B087D4C4H5/ref=sr_1_92?dchild=1&qid=1628622556&s=computers&sr=1-92
"Lenovo IdeaPad Gaming 3 AMD Ryzen 5 4600H 15.6"" (39.62cms) Full HD IPS Gaming Laptop (8GB/256GB SSD+1TB HDD/Windows 10/NVIDIA GTX 1650 4GB GDDR6 Graphics/Onyx Black/2.2Kg), 82EY00UBIN","67,300","₹89,999₹89,999",https://m.media-amazon.com/images/I/61TlKHyOHLL._AC_UL320_.jpg,/Lenovo-IdeaPad-39-62cms-Graphics-82EY00UBIN/dp/B095KQFDMJ/ref=sr_1_93?dchild=1&qid=1628622556&s=computers&sr=1-93
"Lenovo IdeaPad Gaming 3 10th Gen Intel Core i5-10300H 15.6 FHD IPS Gaming Laptop (8GB/1TB+256GB SSD/Windows 10/NVIDIA GTX 1650Ti 4GB/Onyx Black/2.2Kg), 81Y400VBIN","67,990","₹1,09,990₹1,09,990",https://m.media-amazon.com/images/I/61fpo-87DyL._AC_UL320_.jpg,/Lenovo-15-6-inch-Windows10-Graphics-81Y400VBIN/dp/B08SK1Z5CK/ref=sr_1_94?dchild=1&qid=1628622556&s=computers&sr=1-94
"Lenovo ThinkPad X390 Intel Core i5 10th Gen 13.3"" (33.78cms) FHD (1920x1080) IPS Thin and Light Laptop (8GB RAM / 512GB SSD/ Windows 10 Professional 64/ Black/ 1.29Kg), 20SCS01F00","89,990","₹1,43,265₹1,43,265",https://m.media-amazon.com/images/I/61gTDV4KU0L._AC_UL320_.jpg,/Lenovo-ThinkPad-13-3-inch-Professional-20SCS01F00/dp/B087K1H42W/ref=sr_1_95?dchild=1&qid=1628622556&s=computers&sr=1-95
"(Renewed) Lenovo Ideapad Slim 5 AMD R Series 14-Inch (35.56 cms) Full HD (1920 X 1080) Thin and Light Laptop (8 GB/512 GB SSD/Windows 10/MS Office /Integrated Graphics/GRAPHITE GREY/1.58 Kg), 81YM002TIN","52,490","₹60,785₹60,785",https://m.media-amazon.com/images/I/61Tub0QI5FL._AC_UL320_.jpg,/Renewed-Lenovo-Ideapad-Graphite-81YM002TIN/dp/B08FDFG9Q7/ref=sr_1_96?dchild=1&qid=1628622556&s=computers&sr=1-96
"(Renewed) Lenovo Intel 4th Gen Core i5 14inch (35.56 cms)HD 1366x766 Laptop (16 GB/1 TB HDD/Windows 10/MS Office/Integrated Graphics), Black,ThinkPad L440","42,949","₹89,999₹89,999",https://m.media-amazon.com/images/I/41h23imJbDL._AC_UL320_.jpg,
"Lenovo IdeaPad Slim3 2021 11thGen i5 15.6""FHD Thin&Light Laptop(8GB/512GB SSD/Win/MS/Backlit Keyboard/2Yr Warranty)82H801CWIN+Lenovo 3Yr Accidental Damage Protect+Extra 1Yr Warranty with OnsiteService","61,988","₹97,596₹97,596",https://m.media-amazon.com/images/I/61udP8snbPL._AC_UL320_.jpg,/Lenovo-Keyboard-82H801CWIN-Accidental-OnsiteService/dp/B09B7S39TJ/ref=sr_1_98?dchild=1&qid=1628622556&s=computers&sr=1-98
Lenovo E41-45 (82BF000EIH) Laptop (AMD A6-7350B/ 4GB RAM/ 1TB HDD/ DOS/ 14 Inch Screen),"28,500","₹31,280₹31,280",https://m.media-amazon.com/images/I/41T2Oimq0AL._AC_UL320_.jpg,
"Lenovo V15 Intel Core i3 10th Generation 15.6 inch Screen Laptop (4 GB RAM, 1 TB HDD/Win 10 Home/ Colour Name / Weight), Model Number 82C5A00AIH","37,990","₹49,000₹49,000",https://m.media-amazon.com/images/I/71cd41RWSNL._AC_UL320_.jpg,/Lenovo-Generation-Screen-Laptop-82C5A00AIH/dp/B08KYBTJ7W/ref=sr_1_100?dchild=1&qid=1628622556&s=computers&sr=1-100
"(Renewed) Lenovo Thinkpad Hybrid Laptop X230 Intel Core i5 - 3320m Processor, 4 GB Ram & 128 GB SSD & 500GB HDD, Win10, 12.5 Inches 1.34 KG Ultralight Computer","29,999","₹89,999₹89,999",https://m.media-amazon.com/images/I/61R6kEAt-9S._AC_UL320_.jpg,/Renewed-Lenovo-Thinkpad-Hybrid-Laptop/dp/B097C3VXN8/ref=sr_1_101?dchild=1&qid=1628622556&s=computers&sr=1-101
"Lenovo V15 (2021) Intel Core i3 10th Gen 15.6"" FHD Thin and Light Laptop (8GB RAM/ 256GB SSD/ Windows 10 Home/ Microsoft Office Home & Student/ Iron Grey/ 1.85 kg), 82C500X8IH","42,790","₹49,083₹49,083",https://m.media-amazon.com/images/I/41uZ4VsGHUS._AC_UL320_.jpg,/Lenovo-Windows-Microsoft-Student-82C500X8IH/dp/B095YTYHR7/ref=sr_1_102?dchild=1&qid=1628622556&s=computers&sr=1-102
"Lenovo IdeaPad Slim 5 11th Gen Intel Core i5 15.6"" (39.63cm) FHD IPS Thin & Light Laptop (8GB/1TB+256GB SSD/Windows 10/MS Office/Backlit Keyboard/Fingerprint Reader/Graphite Grey/1.66Kg), 82FG010BIN","62,088","₹85,290₹85,290",https://m.media-amazon.com/images/I/61WNxdAeAoL._AC_UL320_.jpg,/gp/slredirect/picassoRedirect.html/ref=pa_sp_btf_browse_computers_sr_pg4_1?ie=UTF8&adId=A05457562ZS17ZQ6FAQ89&url=%2FLenovo-Keyboard-Fingerprint-Graphite-82FG010BIN%2Fdp%2FB096SHMYJJ%2Fref%3Dsr_1_103_sspa%3Fdchild%3D1%26qid%3D1628622556%26s%3Dcomputers%26sr%3D1-103-spons%26psc%3D1&qualifier=1628622556&id=5032281744917998&widgetName=sp_btf_browse
"Lenovo IdeaPad Slim 3 2021 11th Gen Intel Core i5 15.6 FHD Thin & Light Laptop (8GB/512GB SSD/Windows 10/MS Office/Backlit Keyboard/2 Year Warranty/Arctic Grey/1.65Kg), 82H801CWIN","57,990","₹81,090₹81,090",https://m.media-amazon.com/images/I/61q6x-ll5FL._AC_UL320_.jpg,/gp/slredirect/picassoRedirect.html/ref=pa_sp_btf_browse_computers_sr_pg4_1?ie=UTF8&adId=A04719619YNZAU79UH9I&url=%2FLenovo-IdeaPad-Keyboard-Warranty-82H801CWIN%2Fdp%2FB09999TTV3%2Fref%3Dsr_1_104_sspa%3Fdchild%3D1%26qid%3D1628622556%26s%3Dcomputers%26sr%3D1-104-spons%26psc%3D1&qualifier=1628622556&id=5032281744917998&widgetName=sp_btf_browse
"Lenovo IdeaPad Slim 3 2021 Intel Core i5 11th Gen 14"" (35.56cm) FHD IPS Thin & Light Laptop (8GB/512GB SSD/Windows 10/MS Office/Backlit/Fingerprint Reader/2 Yr Warranty/Arctic Grey/1.41kg), 82H700KTIN","58,990","₹74,390₹74,390",https://m.media-amazon.com/images/I/61XJ6xrICAL._AC_UL320_.jpg,/gp/slredirect/picassoRedirect.html/ref=pa_sp_btf_browse_computers_sr_pg4_1?ie=UTF8&adId=A05453562B6S92V327RWJ&url=%2FLenovo-IdeaPad-Fingerprint-Warranty-82H700KTIN%2Fdp%2FB096SKD3V7%2Fref%3Dsr_1_105_sspa%3Fdchild%3D1%26qid%3D1628622556%26s%3Dcomputers%26sr%3D1-105-spons%26psc%3D1&qualifier=1628622556&id=5032281744917998&widgetName=sp_btf_browse
,,,,
,,,,
,,,,
,,,,
"Lenovo Yoga 6 AMD Ryzen 7 4700U 13.3"" (33.78 cms) Full HD IPS 2-in-1 Touchscreen Laptop (16GB/512GB SSD/Windows 10/MS Office 2019/Fingerprint Reader/Abyss Blue/Fabric Surface/1.32Kg), 82FN004QIN","89,900","₹99,990₹99,990",https://m.media-amazon.com/images/I/61jBhFd7JoL._AC_UL320_.jpg,/gp/slredirect/picassoRedirect.html/ref=pa_sp_atf_browse_computers_sr_pg5_1?ie=UTF8&adId=A0506843Y547R0PRW0YN&url=%2FLenovo-Touchscreen-Windows-Fingerprint-82FN004QIN%2Fdp%2FB08Y96J1ZJ%2Fref%3Dsr_1_97_sspa%3Fdchild%3D1%26qid%3D1628622558%26s%3Dcomputers%26sr%3D1-97-spons%26psc%3D1&qualifier=1628622558&id=4962781855242050&widgetName=sp_atf_browse
"Lenovo Yoga 6 AMD Ryzen 7 4700U 13.3"" (33.78 cms) Full HD IPS 2-in-1 Touchscreen Laptop (16GB/512GB SSD/Windows 10/MS Office 2019/Fingerprint Reader/Abyss Blue/Fabric Surface/1.32Kg), 82FN004QIN","89,900","₹99,990₹99,990",https://m.media-amazon.com/images/I/61jBhFd7JoL._AC_UL320_.jpg,/gp/slredirect/picassoRedirect.html/ref=pa_sp_atf_browse_computers_sr_pg5_1?ie=UTF8&adId=A0506843Y547R0PRW0YN&url=%2FLenovo-Touchscreen-Windows-Fingerprint-82FN004QIN%2Fdp%2FB08Y96J1ZJ%2Fref%3Dsr_1_97_sspa%3Fdchild%3D1%26qid%3D1628622558%26s%3Dcomputers%26sr%3D1-97-spons%26psc%3D1&qualifier=1628622558&id=4962781855242050&widgetName=sp_atf_browse
"Lenovo Legion 5 10th Gen Intel Core i5-10300H 15.6"" (39.63cm) FHD IPS Gaming Laptop (8GB/512GB SSD/Windows 10/NVIDIA GTX 1650 4GB/120Hz Refresh Display/Phantom Black/2.3Kg), 82AU00PMIN","68,490","₹93,690₹93,690",https://m.media-amazon.com/images/I/61p3lA4N3uL._AC_UL320_.jpg,/gp/slredirect/picassoRedirect.html/ref=pa_sp_atf_browse_computers_sr_pg5_1?ie=UTF8&adId=A02815761NWVQB0HCW4YJ&url=%2FLenovo-i5-10300H-39-63cm-Windows-82AU00PMIN%2Fdp%2FB097TYRFJJ%2Fref%3Dsr_1_98_sspa%3Fdchild%3D1%26qid%3D1628622558%26s%3Dcomputers%26sr%3D1-98-spons%26psc%3D1&qualifier=1628622558&id=4962781855242050&widgetName=sp_atf_browse
"Lenovo IdeaPad Slim 5 AMD Ryzen 5 5500U 15.6"" (39.63cm) FHD IPS Thin & Light Laptop (8GB/512GB SSD/Windows 10/MS Office/Backlit Keyboard/Fingerprint Reader/Graphite Grey/1.66Kg), 82LN00GTIN","57,990","₹82,490₹82,490",https://m.media-amazon.com/images/I/71jP9Frsr6L._AC_UL320_.jpg,/gp/slredirect/picassoRedirect.html/ref=pa_sp_atf_browse_computers_sr_pg5_1?ie=UTF8&adId=A0472061ALRA5A4N9PFO&url=%2FLenovo-Keyboard-Fingerprint-Graphite-82LN00GTIN%2Fdp%2FB098FK9KQ2%2Fref%3Dsr_1_99_sspa%3Fdchild%3D1%26qid%3D1628622558%26s%3Dcomputers%26sr%3D1-99-spons%26psc%3D1&qualifier=1628622558&id=4962781855242050&widgetName=sp_atf_browse
"(Renewed) Lenovo Intel Core i5 6200U 14-Inch (35.56 cms) 1366x768 Ultra Thin & Light Laptop (20 GB/512 GB SSD/Windows/Intel/Black/1.80 kg), LenovoThinkpad T460","56,999","₹1,00,000₹1,00,000",https://m.media-amazon.com/images/I/61veTp+yyKL._AC_UL320_.jpg,
"Lenovo ThinkPad E15 Laptop, 15.6"" FHD Display, Intel Core i5-10210U Upto 4.2GHz, 16GB RAM, 512GB NVMe SSD, HDMI, Wi-Fi, Bluetooth, Windows 10 Pro","96,000","₹1,09,000₹1,09,000",https://m.media-amazon.com/images/I/4163WUZoqxL._AC_UL320_.jpg,/Lenovo-ThinkPad-E15-i5-10210U-Bluetooth/dp/B087GBCL4G/ref=sr_1_101?dchild=1&qid=1628622558&s=computers&sr=1-101
"Lenovo Yoga Slim 7 10th Gen Intel Core i7 14 inch Full HD IPS Thin and Light Laptop (8GB/512GB SSD/Windows 10/MS Office 2019/NVIDIA MX350 2GB GDDR5 Graphics/Slate Grey/1.55Kg), 82A1009KIN","83,990","₹1,32,890₹1,32,890",https://m.media-amazon.com/images/I/61tcZHczA8L._AC_UL320_.jpg,/Lenovo-Laptop-Windows-Graphics-82A1009KIN/dp/B087D38ZP4/ref=sr_1_102?dchild=1&qid=1628622558&s=computers&sr=1-102
"(Renewed) Lenovo ThinkPad Intel 3rd Gen Core i5 14-Inch (35.56 cms) 1366x768 Laptop (4 GB/320 GB/Windows 10/Intel HD Graphics 4000/Black/1.99 Kg), L430","30,989","₹60,999₹60,999",https://m.media-amazon.com/images/I/719T1aMejJL._AC_UL320_.jpg,
"Lenovo V15 AMD RYZEN 3 3250U 15.6-inch HD Laptop (4GB/1TB/DOS/Grey/1.85Kg),82C7001WIH","32,490","₹45,990₹45,990",https://m.media-amazon.com/images/I/61U0JQ6HnHL._AC_UL320_.jpg,/Lenovo-V15-15-6-inch-Laptop-82C7001WIH/dp/B0897Q717P/ref=sr_1_104?dchild=1&qid=1628622558&s=computers&sr=1-104
"Lenovo Ideapad S145 Intel Core I3 8th Gen 15.6-inch FHD Thin and Light Laptop ( 4GB RAM / 1TB HDD / Windows 10 Home / Office Home and Student 2019 / Grey / 1.85kg ), 81MV009JIN","36,344","₹48,690₹48,690",https://m.media-amazon.com/images/I/81P-8b4iBPL._AC_UL320_.jpg,/Lenovo-Ideapad-15-6-inch-Windows-81MV009JIN/dp/B07S3WHYNL/ref=sr_1_105?dchild=1&qid=1628622558&s=computers&sr=1-105
"(Renewed) Lenovo Intel Core i5-5200U 12.5-Inch (31.75 cms) 1366x768 Laptop (4 GB/1 TB/Window 8/Intel HD Graphics/Black/2.5 Kg), Thinkpad X250","29,089","₹1,19,000₹1,19,000",https://m.media-amazon.com/images/I/71AFVwHNQLL._AC_UL320_.jpg,/REFURBISHED-Lenovo-Thinkpad-X250-Integrated/dp/B078SV3CVS/ref=sr_1_106?dchild=1&qid=1628622558&s=computers&sr=1-106
"Lenovo IdeaPad Flex 5i 11th Gen Intel i3 14"" FHD IPS 2-in-1 Touchscreen Laptop (8GB/512GB SSD/Win/MSO19/Lenovo Digital Pen/Fingerprint Reader) 82HS009GIN +Lenovo 2Yr Extra Warranty with Onsite Service","57,489","₹86,238₹86,238",https://m.media-amazon.com/images/I/61QmvEJWLVL._AC_UL320_.jpg,/Lenovo-Touchscreen-Fingerprint-82HS009GIN-Warranty/dp/B08Z6K9887/ref=sr_1_107?dchild=1&qid=1628622558&s=computers&sr=1-107
"Lenovo Ideapad S340 10th Generation Intel Core i3 14"" (35.56cms) FHD Thin and Light Laptop (8GB/1TB/Windows 10/Office 2019/Black/1.69Kg), 81VV00HEIN","45,000","₹48,900₹48,900",https://m.media-amazon.com/images/I/81VjI7T+hjL._AC_UL320_.jpg,/Lenovo-Ideapad-Generation-Windows-81VV00HEIN/dp/B08695NVCP/ref=sr_1_108?dchild=1&qid=1628622558&s=computers&sr=1-108
"(Renewed) Lenovo Thinkpad Hybrid Laptop X230 Intel Core i5 - 3320m Processor, 8 GB Ram & 256 GB SSD & 320GB HDD, Win10, 12.5 Inches 1.34 KG Ultralight Computer","34,999","₹89,999₹89,999",https://m.media-amazon.com/images/I/61R6kEAt-9S._AC_UL320_.jpg,/Renewed-Lenovo-Thinkpad-Hybrid-Laptop/dp/B097C3LQ52/ref=sr_1_109?dchild=1&qid=1628622558&s=computers&sr=1-109
"(Renewed) Lenovo Intel 6th Gen Core i5 6300HQ 14-Inch (35.56 cms) 1920x1080 Laptop (8 GB/256 GB SSD/Windows 10/MS Office /Intel HD/Black/1.90 Kg), Thinkpad L460","39,999","₹89,999₹89,999",https://m.media-amazon.com/images/I/51d4n4gUAiL._AC_UL320_.jpg,/Renewed-Lenovo-Thinkpad-Integrated-Graphics/dp/B08CB9Y427/ref=sr_1_110?dchild=1&qid=1628622558&s=computers&sr=1-110
"Lenovo Thinkpad P14s AMD 14"" FHD IPS Workstation (AMD Ryzen 7 Pro 4750U / 8GB RAM /512GB SSD /Windows 10 Professional /1.47Kg), 20Y2S0DD00","94,990","₹1,08,787₹1,08,787",https://m.media-amazon.com/images/I/51HzlhRs1VL._AC_UL320_.jpg,/Lenovo-Thinkpad-Workstation-Professional-20Y2S0DD00/dp/B095KJQXDZ/ref=sr_1_111?dchild=1&qid=1628622558&s=computers&sr=1-111
"Lenovo IdeaPad Slim 5 AMD Ryzen 7 4700U 14"" (35.56cm) FHD IPS Thin & Light Laptop (8GB/512GB SSD/Windows 10/MS Office/Backlit Keyboard/Fingerprint Reader/Graphite Grey/1.39Kg), 81YM002TIN","60,785","₹79,690₹79,690",https://m.media-amazon.com/images/I/61LiK6CvJHL._AC_UL320_.jpg,/gp/slredirect/picassoRedirect.html/ref=pa_sp_mtf_browse_computers_sr_pg5_1?ie=UTF8&adId=A05924173CNU7BYYEUYYB&url=%2FLenovo-Integrated-Graphics-Graphite-81YM002TIN%2Fdp%2FB087D3VVW3%2Fref%3Dsr_1_112_sspa%3Fdchild%3D1%26qid%3D1628622558%26s%3Dcomputers%26sr%3D1-112-spons%26psc%3D1&qualifier=1628622558&id=4962781855242050&widgetName=sp_mtf_browse
"Lenovo Yoga Slim 7 AMD Ryzen 7 4800U 14"" (35.56cms) Full HD IPS Thin and Light Laptop (8GB/512GB SSD/Windows 10/MS Office 2019/Integrated AMD Radeon Graphics/Slate Grey/1.33Kg), 82A2008VIN","75,700","₹89,000₹89,000",https://m.media-amazon.com/images/I/61tcZHczA8L._AC_UL320_.jpg,/gp/slredirect/picassoRedirect.html/ref=pa_sp_mtf_browse_computers_sr_pg5_1?ie=UTF8&adId=A0465615CU6EJJSCEDA8&url=%2FLenovo-14-inch-Integrated-Graphics-82A2008VIN%2Fdp%2FB08LKQBR8R%2Fref%3Dsr_1_113_sspa%3Fdchild%3D1%26qid%3D1628622558%26s%3Dcomputers%26sr%3D1-113-spons%26psc%3D1&qualifier=1628622558&id=4962781855242050&widgetName=sp_mtf_browse
"Lenovo IdeaPad Gaming 3 AMD Ryzen 5 4600H 15.6"" (39.63cm) FHD IPS Gaming Laptop (8GB/512GB SSD/Windows 10/NVIDIA GTX 1650 4GB/60Hz Refresh Display/Onyx Black/2.2Kg), 82EY00L9IN","59,906","₹78,290₹78,290",https://m.media-amazon.com/images/I/61TlKHyOHLL._AC_UL320_.jpg,/gp/slredirect/picassoRedirect.html/ref=pa_sp_mtf_browse_computers_sr_pg5_1?ie=UTF8&adId=A07599661AO9IVY5ZJJRX&url=%2FLenovo-IdeaPad-39-62cms-Graphics-82EY00L9IN%2Fdp%2FB08SK27PKH%2Fref%3Dsr_1_114_sspa%3Fdchild%3D1%26qid%3D1628622558%26s%3Dcomputers%26sr%3D1-114-spons%26psc%3D1&qualifier=1628622558&id=4962781855242050&widgetName=sp_mtf_browse
"Lenovo Legion 5 10th Gen Intel Core i5 15.6"" (39.62cms) Full HD Gaming Laptop (8GB/1TB HDD + 256GB SSD/Windows 10/120 Hz/NVIDIA GTX 1650Ti 4GB GDDR6 Graphics/Phantom Black/2.3Kg), 82AU00B6IN","86,457","₹1,20,390₹1,20,390",https://m.media-amazon.com/images/I/61p3lA4N3uL._AC_UL320_.jpg,/Lenovo-Windows-Graphics-Phantom-82AU00B6IN/dp/B08CQBY9SZ/ref=sr_1_115?dchild=1&qid=1628622558&s=computers&sr=1-115
"(Renewed) Lenovo Thinkpad Hybrid Laptop X230 Intel Core i5 - 3320m Processor, 4 GB Ram & 128 GB SSD & 320GB HDD, Win10, 12.5 Inches 1.34 KG Ultralight Computer","38,989","₹50,000₹50,000",https://m.media-amazon.com/images/I/61R6kEAt-9S._AC_UL320_.jpg,/Renewed-Lenovo-Thinkpad-Hybrid-Laptop/dp/B097C54RF5/ref=sr_1_116?dchild=1&qid=1628622558&s=computers&sr=1-116
"Lenovo Ideapad S145 81W800E9IN 15.6-inch FHD Thin and Light Laptop (10th Gen i5-1035G1/8GB/512GB SSD/Windows 10/Microsoft Office 2019/Integrated Graphics), Grey","54,999","₹62,999₹62,999",https://m.media-amazon.com/images/I/81EoCoV-8tL._AC_UL320_.jpg,/Lenovo-81W800E9IN-15-6-inch-i5-1035G1-Integrated/dp/B084VXS5GW/ref=sr_1_117?dchild=1&qid=1628622558&s=computers&sr=1-117
"Lenovo IdeaPad Slim 3 AMD Athlon Silver 3050U 15.6"" (39.63cm) HD Thin & Light Laptop (4GB/1TB HDD/Windows 10/AMD Radeon Graphics/Platinum Grey/1.85Kg), 81W100W9IN",,,https://m.media-amazon.com/images/I/61Dw5Z8LzJL._AC_UL320_.jpg,
"(Renewed) Lenovo Yoga 7 11th Gen Intel Core i7 14"" (35.56cms) Full HD IPS 2-in-1 Touchscreen Laptop (16GB/512GB SSD/Windows 10/MS Office 2019/Fingerprint Reader/Slate Grey/Aluminium Surface/1.43Kg), 82BH004HIN","87,990","₹1,03,000₹1,03,000",https://m.media-amazon.com/images/I/71InO2+WxyS._AC_UL320_.jpg,/Lenovo-Touchscreen-Fingerprint-Aluminium-82BH004HIN/dp/B0989W5Y4Z/ref=sr_1_119?dchild=1&qid=1628622558&s=computers&sr=1-119
"(Renewed) Lenovo Intel Core i5 14-Inch (35.56 cms) 1366x768 Laptop (8 GB/128 GB SSD/Windows 10 Pro/Intel HD Graphics 520/Black/1.91 Kg), Thinkpad T440","35,199","₹1,20,000₹1,20,000",https://m.media-amazon.com/images/I/51wZeZnRwzL._AC_UL320_.jpg,
"(Renewed) Lenovo Thinkpad L450 14 inch laptop(Core i5/8 GB/256 GB SSD/Intel Vpro tech/Windows 10/MS Office 2019/Integrated Graphics), Black","37,999","₹89,999₹89,999",https://m.media-amazon.com/images/I/51dyRz6ghaL._AC_UL320_.jpg,/Lenovo-Thinkpad-L450-Integrated-Graphics/dp/B07WX3K5DM/ref=sr_1_121?dchild=1&qid=1628622558&s=computers&sr=1-121
"(Renewed) Lenovo Intel 2nd Gen Core i5 14.1-Inch (35.81 cms) 1366x768 Laptop (4 GB/320 GB/Windows 7 Professional/Intel HD Graphics 3000/Black/1.50 Kg), L420","27,979","₹2,50,000₹2,50,000",https://m.media-amazon.com/images/I/51DrKXwtxKL._AC_UL320_.jpg,/Certified-REFURBISHED-Lenovo-L420-Integrated/dp/B07D3DWKTB/ref=sr_1_122?dchild=1&qid=1628622558&s=computers&sr=1-122
"(Renewed) Lenovo Thinkpad Hybrid Laptop X230 Intel Core i5 - 3320m Processor, 4 GB Ram & 256 GB SSD & 1TB HDD, Win10, 12.5 Inches 1.34 KG Ultralight Computer",,,https://m.media-amazon.com/images/I/61R6kEAt-9S._AC_UL320_.jpg,
"(Renewed) Lenovo Intel 4th Gen Core i5 4200M 14-Inch (35.56 cms) HD (1366 X 768) Laptop (8 GB/500 GB/Windows 10 Pro/Intel HD Graphics 4600/Black/1.80 kg), Thinkpad L440","32,989",,https://m.media-amazon.com/images/I/21d7Vx1-2VL._AC_UL320_.jpg,/Renewed-Lenovo-ThinkPad-L440-I5-8GB-500-Graphics/dp/B07V5CS3LX/ref=sr_1_124?dchild=1&qid=1628622558&s=computers&sr=1-124
"(Renewed) Lenovo T430 14-inch Laptop (Core i7/ 16GB RAM/512GB SSD/Windows 10 Pro/MS Office 2019, Intel Integrated Graphics, PAN INDIA WARRANTY) Black","55,999","₹80,000₹80,000",https://m.media-amazon.com/images/I/61lDNohfRnL._AC_UL320_.jpg,/Renewed-Lenovo-Integrated-Graphics-WARRANTY/dp/B092Z9VHVM/ref=sr_1_125?dchild=1&qid=1628622558&s=computers&sr=1-125
"(Renewed) Lenovo Thinkpad L450 14 inch Laptop (Core I5 5th Gen/8GB/500 GB/Windows 10 Pro/MS Office/Anti Glare Display/Webcam/Bluetooth/Wifi/Integrated Graphics), Black","32,499","₹94,900₹94,900",https://m.media-amazon.com/images/I/51VEObNzzCL._AC_UL320_.jpg,
"Lenovo IdeaPad Slim 5 11th Gen Intel Core i5 15.6"" (39.63cm) FHD IPS Thin & Light Laptop (8GB/1TB+256GB SSD/Windows 10/MS Office/Backlit Keyboard/Fingerprint Reader/Graphite Grey/1.66Kg), 82FG010BIN","62,088","₹85,290₹85,290",https://m.media-amazon.com/images/I/61WNxdAeAoL._AC_UL320_.jpg,/gp/slredirect/picassoRedirect.html/ref=pa_sp_btf_browse_computers_sr_pg5_1?ie=UTF8&adId=A05457562ZS17ZQ6FAQ89&url=%2FLenovo-Keyboard-Fingerprint-Graphite-82FG010BIN%2Fdp%2FB096SHMYJJ%2Fref%3Dsr_1_127_sspa%3Fdchild%3D1%26qid%3D1628622558%26s%3Dcomputers%26sr%3D1-127-spons%26psc%3D1&qualifier=1628622558&id=4962781855242050&widgetName=sp_btf_browse
"Lenovo IdeaPad Slim 3 2021 11th Gen Intel Core i5 15.6 FHD Thin & Light Laptop (8GB/512GB SSD/Windows 10/MS Office/Backlit Keyboard/2 Year Warranty/Arctic Grey/1.65Kg), 82H801CWIN","57,990","₹81,090₹81,090",https://m.media-amazon.com/images/I/61q6x-ll5FL._AC_UL320_.jpg,/gp/slredirect/picassoRedirect.html/ref=pa_sp_btf_browse_computers_sr_pg5_1?ie=UTF8&adId=A04719619YNZAU79UH9I&url=%2FLenovo-IdeaPad-Keyboard-Warranty-82H801CWIN%2Fdp%2FB09999TTV3%2Fref%3Dsr_1_128_sspa%3Fdchild%3D1%26qid%3D1628622558%26s%3Dcomputers%26sr%3D1-128-spons%26psc%3D1&qualifier=1628622558&id=4962781855242050&widgetName=sp_btf_browse
"Lenovo IdeaPad Slim 3 2021 Intel Core i5 11th Gen 14"" (35.56cm) FHD IPS Thin & Light Laptop (8GB/512GB SSD/Windows 10/MS Office/Backlit/Fingerprint Reader/2 Yr Warranty/Arctic Grey/1.41kg), 82H700KTIN","58,990","₹74,390₹74,390",https://m.media-amazon.com/images/I/61XJ6xrICAL._AC_UL320_.jpg,/gp/slredirect/picassoRedirect.html/ref=pa_sp_btf_browse_computers_sr_pg5_1?ie=UTF8&adId=A05453562B6S92V327RWJ&url=%2FLenovo-IdeaPad-Fingerprint-Warranty-82H700KTIN%2Fdp%2FB096SKD3V7%2Fref%3Dsr_1_129_sspa%3Fdchild%3D1%26qid%3D1628622558%26s%3Dcomputers%26sr%3D1-129-spons%26psc%3D1&qualifier=1628622558&id=4962781855242050&widgetName=sp_btf_browse
,,,,
,,,,
,,,,
,,,,
"Lenovo IdeaPad Gaming 3 AMD Ryzen 5 4600H 15.6"" (39.63cm) FHD IPS Gaming Laptop (8GB/512GB SSD/Windows 10/NVIDIA GTX 1650 4GB/120Hz Refresh Display/Onyx Black/2.2Kg), 82EY00UAIN","60,993","₹64,330₹64,330",https://m.media-amazon.com/images/I/61TlKHyOHLL._AC_UL320_.jpg,/gp/slredirect/picassoRedirect.html/ref=pa_sp_atf_browse_computers_sr_pg6_1?ie=UTF8&adId=A07595662RED1O4H9VU2&url=%2FLenovo-IdeaPad-39-63cm-Windows-82EY00UAIN%2Fdp%2FB095KQ1G3X%2Fref%3Dsr_1_121_sspa%3Fdchild%3D1%26qid%3D1628622560%26s%3Dcomputers%26sr%3D1-121-spons%26psc%3D1&qualifier=1628622560&id=3470364532863950&widgetName=sp_atf_browse
"Lenovo IdeaPad Gaming 3 AMD Ryzen 5 4600H 15.6"" (39.63cm) FHD IPS Gaming Laptop (8GB/512GB SSD/Windows 10/NVIDIA GTX 1650 4GB/120Hz Refresh Display/Onyx Black/2.2Kg), 82EY00UAIN","60,993","₹64,330₹64,330",https://m.media-amazon.com/images/I/61TlKHyOHLL._AC_UL320_.jpg,/gp/slredirect/picassoRedirect.html/ref=pa_sp_atf_browse_computers_sr_pg6_1?ie=UTF8&adId=A07595662RED1O4H9VU2&url=%2FLenovo-IdeaPad-39-63cm-Windows-82EY00UAIN%2Fdp%2FB095KQ1G3X%2Fref%3Dsr_1_121_sspa%3Fdchild%3D1%26qid%3D1628622560%26s%3Dcomputers%26sr%3D1-121-spons%26psc%3D1&qualifier=1628622560&id=3470364532863950&widgetName=sp_atf_browse
"Lenovo Yoga 6 AMD Ryzen 7 4700U 13.3"" (33.78 cms) Full HD IPS 2-in-1 Touchscreen Laptop (16GB/512GB SSD/Windows 10/MS Office 2019/Fingerprint Reader/Abyss Blue/Fabric Surface/1.32Kg), 82FN004QIN","89,900","₹99,990₹99,990",https://m.media-amazon.com/images/I/61jBhFd7JoL._AC_UL320_.jpg,/gp/slredirect/picassoRedirect.html/ref=pa_sp_atf_browse_computers_sr_pg6_1?ie=UTF8&adId=A0506843Y547R0PRW0YN&url=%2FLenovo-Touchscreen-Windows-Fingerprint-82FN004QIN%2Fdp%2FB08Y96J1ZJ%2Fref%3Dsr_1_122_sspa%3Fdchild%3D1%26qid%3D1628622560%26s%3Dcomputers%26sr%3D1-122-spons%26psc%3D1&qualifier=1628622560&id=3470364532863950&widgetName=sp_atf_browse
"Lenovo Legion 5 10th Gen Intel Core i5-10300H 15.6"" (39.63cm) FHD IPS Gaming Laptop (8GB/512GB SSD/Windows 10/NVIDIA GTX 1650 4GB/120Hz Refresh Display/Phantom Black/2.3Kg), 82AU00PMIN","68,490","₹93,690₹93,690",https://m.media-amazon.com/images/I/61p3lA4N3uL._AC_UL320_.jpg,/gp/slredirect/picassoRedirect.html/ref=pa_sp_atf_browse_computers_sr_pg6_1?ie=UTF8&adId=A02815761NWVQB0HCW4YJ&url=%2FLenovo-i5-10300H-39-63cm-Windows-82AU00PMIN%2Fdp%2FB097TYRFJJ%2Fref%3Dsr_1_123_sspa%3Fdchild%3D1%26qid%3D1628622560%26s%3Dcomputers%26sr%3D1-123-spons%26psc%3D1&qualifier=1628622560&id=3470364532863950&widgetName=sp_atf_browse
(Renewed) Lenovo ThinkPad X260 High Performance 12.5 inch IPS Panel 1.5kg Laptop (Core i5 6300U/8 GB DDR4 RAM/500 GB/Windows 10 Pro/Office 2019/Webcam/USB 3.0/SIM/BT/Integrated Graphics),"35,998","₹1,29,000₹1,29,000",https://m.media-amazon.com/images/I/519zEGbMFLL._AC_UL320_.jpg,/Lenovo-ThinkPad-Performance-Integrated-Graphics/dp/B08X2PCS8V/ref=sr_1_124?dchild=1&qid=1628622560&s=computers&sr=1-124
"(Renewed) Lenovo Thinkpad X230 12.5-inch Laptop (Core i5 3rd Gen/8GB/128GB SSD/Windows 10/MS Office Pro 2019/Integrated Graphics/IPS display), Black","33,999","₹89,999₹89,999",https://m.media-amazon.com/images/I/41H-YztRRKL._AC_UL320_.jpg,/Lenovo-Thinkpad-12-5-inch-Integrated-Graphics/dp/B08SMMP731/ref=sr_1_125?dchild=1&qid=1628622560&s=computers&sr=1-125
"(Renewed) Lenovo Thinkpad Intel 5th Gen Core i5 5300U 14-Inch (35.56 cms) 1600 x 900 (HD+) Laptop (8 GB/512 GB SSD/Windows 10/Intel HD Graphics 5500/Black/1.90 Kg), T450","41,499","₹89,999₹89,999",https://m.media-amazon.com/images/I/616Wfk6L9VL._AC_UL320_.jpg,/Certified-REFURBISHED-Lenovo-T450-Integrated/dp/B07HPV69ZQ/ref=sr_1_126?dchild=1&qid=1628622560&s=computers&sr=1-126
"(Renewed) Lenovo T430 14-inch Laptop (Core i7/ 16GB RAM/500GB HDD/Windows 10 Pro/MS Office 2019, Intel Integrated Graphics, PAN INDIA WARRANTY) Black","46,999","₹80,000₹80,000",https://m.media-amazon.com/images/I/61lDNohfRnL._AC_UL320_.jpg,/Renewed-Lenovo-Integrated-Graphics-WARRANTY/dp/B092Z9RC4Z/ref=sr_1_127?dchild=1&qid=1628622560&s=computers&sr=1-127
"Lenovo IdeaPad Flex 5 11th Gen Intel Core i3 14-inch FHD IPS 2-in-1 Touchscreen Laptop (8GB/256GB SSD/Win 10/Office 2019/Lenovo Digital Pen Stylus/Fingerprint Reader/Graphite Grey/1.5Kg), 82HS009FIN","69,990","₹71,290₹71,290",https://m.media-amazon.com/images/I/61ta6vDkCRL._AC_UL320_.jpg,/Lenovo-Touchscreen-Fingerprint-Graphite-82HS009FIN/dp/B092MSQ87Z/ref=sr_1_128?dchild=1&qid=1628622560&s=computers&sr=1-128
"(Renewed) Lenovo IdeaPad B40-70 14-inch Laptop (Core i3/16GB RAM/512GB SSD/Windows 10 Pro/MS Office 2019/More than 4 GB Intel Integrated Graphics, Fingerprint Scanner), Black","39,999","₹60,000₹60,000",https://m.media-amazon.com/images/I/51MVKMAJZzS._AC_UL320_.jpg,/Renewed-Lenovo-Integrated-Graphics-Fingerprint/dp/B091N5G6W9/ref=sr_1_129?dchild=1&qid=1628622560&s=computers&sr=1-129
"Lenovo Ideapad S540 Intel Core i7 10th Gen 15.6 inch FHD Thin and Light Laptop (8GB/1TB+256GB SSD/Windows 10/Office/NVIDIA MX250 2GB Graphics/Mineral Grey/1.8KG), 81NG00BWIN","89,990","₹1,11,890₹1,11,890",https://m.media-amazon.com/images/I/911dhIY2SCL._AC_UL320_.jpg,
"(Renewed) Lenovo Intel 3rd Gen Core i5 3320M 12.5-Inch (31.75 cms) 1366x768 Laptop (4 GB/750 GB HDD/Windows/MS Office Pro 2019 /Intel/Black/1.45 Kg), LenovoThinkpad X230","39,999",,https://m.media-amazon.com/images/I/41H-YztRRKL._AC_UL320_.jpg,/Renewed-Lenovo-12-5-Inch-1366x768-LenovoThinkpad/dp/B08S752MGP/ref=sr_1_131?dchild=1&qid=1628622560&s=computers&sr=1-131
"Lenovo Legion 5 AMD Ryzen 5 4600H 15.6"" (39.62cms) Full HD Gaming Laptop (8GB/512GB SSD/Windows 10/120 Hz/NVIDIA GTX 1650 4GB GDDR6 Graphics/Phantom Black/2.3Kg), 82B500FJIN","84,500","₹92,290₹92,290",https://m.media-amazon.com/images/I/61ItfhQmaFL._AC_UL320_.jpg,/Lenovo-Windows-Graphics-Phantom-82B500FJIN/dp/B08GGBC2ST/ref=sr_1_132?dchild=1&qid=1628622560&s=computers&sr=1-132
"(Renewed) Lenovo Intel 4th Gen Core i5 4200M 14-Inch (35.56 cms) 1366x768 Laptop (4 GB/500 GB/Windows/MS Office Pro 2019 /Intel HD Graphics 4600/Black/1.50 Kg), Thinkpad L440","32,499","₹80,000₹80,000",https://m.media-amazon.com/images/I/41h23imJbDL._AC_UL320_.jpg,/Renewed-Lenovo-1366x768-Graphics-Thinkpad/dp/B08S73KG3J/ref=sr_1_133?dchild=1&qid=1628622560&s=computers&sr=1-133
"Lenovo Legion 5 10th Gen Intel Core i5 15.6"" FHD Gaming Laptop (8GB/1TB HDD + 256GB SSD/Win10/Office2019/120 Hz/NVIDIA GTX 1650Ti 4GB GDDR6/with M300 RGB Gaming Mouse/Phantom Black/2.3Kg), 82AU004NIN","83,999","₹1,25,890₹1,25,890",https://m.media-amazon.com/images/I/61p3lA4N3uL._AC_UL320_.jpg,/Lenovo-Legion-Office2019-Phantom-82AU004NIN/dp/B08GG9HYPG/ref=sr_1_134?dchild=1&qid=1628622560&s=computers&sr=1-134
"(Renewed) Lenovo ThinkPad L430 14-inch Laptop (Core i5 3rd Gen/4 GB/256 GB SSD/Windows 10/MS Office Pro 2019/Integrated Graphics/Superior Web-conferencing), Black","32,599","₹60,000₹60,000",https://m.media-amazon.com/images/I/71LAAhw+9bL._AC_UL320_.jpg,
"Lenovo IdeaPad Slim 5 AMD Ryzen 7 4700U 14"" (35.56cm) FHD IPS Thin & Light Laptop (8GB/512GB SSD/Windows 10/MS Office/Backlit Keyboard/Fingerprint Reader/Graphite Grey/1.39Kg), 81YM002TIN","60,785","₹79,690₹79,690",https://m.media-amazon.com/images/I/61LiK6CvJHL._AC_UL320_.jpg,/gp/slredirect/picassoRedirect.html/ref=pa_sp_mtf_browse_computers_sr_pg6_1?ie=UTF8&adId=A05924173CNU7BYYEUYYB&url=%2FLenovo-Integrated-Graphics-Graphite-81YM002TIN%2Fdp%2FB087D3VVW3%2Fref%3Dsr_1_136_sspa%3Fdchild%3D1%26qid%3D1628622560%26s%3Dcomputers%26sr%3D1-136-spons%26psc%3D1&qualifier=1628622560&id=3470364532863950&widgetName=sp_mtf_browse
"Lenovo Yoga Slim 7 AMD Ryzen 7 4800U 14"" (35.56cms) Full HD IPS Thin and Light Laptop (8GB/512GB SSD/Windows 10/MS Office 2019/Integrated AMD Radeon Graphics/Slate Grey/1.33Kg), 82A2008VIN","75,700","₹89,000₹89,000",https://m.media-amazon.com/images/I/61tcZHczA8L._AC_UL320_.jpg,/gp/slredirect/picassoRedirect.html/ref=pa_sp_mtf_browse_computers_sr_pg6_1?ie=UTF8&adId=A0465615CU6EJJSCEDA8&url=%2FLenovo-14-inch-Integrated-Graphics-82A2008VIN%2Fdp%2FB08LKQBR8R%2Fref%3Dsr_1_137_sspa%3Fdchild%3D1%26qid%3D1628622560%26s%3Dcomputers%26sr%3D1-137-spons%26psc%3D1&qualifier=1628622560&id=3470364532863950&widgetName=sp_mtf_browse
"Lenovo IdeaPad Slim 5 AMD Ryzen 5 5500U 15.6"" (39.63cm) FHD IPS Thin & Light Laptop (8GB/512GB SSD/Windows 10/MS Office/Backlit Keyboard/Fingerprint Reader/Graphite Grey/1.66Kg), 82LN00GTIN","57,990","₹82,490₹82,490",https://m.media-amazon.com/images/I/71jP9Frsr6L._AC_UL320_.jpg,/gp/slredirect/picassoRedirect.html/ref=pa_sp_mtf_browse_computers_sr_pg6_1?ie=UTF8&adId=A07022566JL3I54L63Y8&url=%2FLenovo-Keyboard-Fingerprint-Graphite-82LN00GTIN%2Fdp%2FB098FK9KQ2%2Fref%3Dsr_1_138_sspa%3Fdchild%3D1%26qid%3D1628622560%26s%3Dcomputers%26sr%3D1-138-spons%26psc%3D1&qualifier=1628622560&id=3470364532863950&widgetName=sp_mtf_browse
"(Renewed) Lenovo Intel 4th Gen Core i5 4200M 14-Inch (35.56 cms) 720p HD Ready Laptop (4 GB/320 GB/Windows 10 Pro/Intel HD Graphics 4600/Black/2.26 Kg), Thinkpad L440","32,999","₹1,04,000₹1,04,000",https://m.media-amazon.com/images/I/41uod9T2ZiL._AC_UL320_.jpg,/Renewed-Lenovo-ThinkPad-L440-i5-4GB-320GB-Graphics/dp/B07V4CCJ3H/ref=sr_1_139?dchild=1&qid=1628622560&s=computers&sr=1-139
"(Renewed) Lenovo T430 14-inch Laptop (Core i7/ 16GB RAM/256GB SSD/Windows 10 Pro/MS Office 2019, Intel Integrated Graphics, PAN INDIA WARRANTY) Black","51,999","₹80,000₹80,000",https://m.media-amazon.com/images/I/61lDNohfRnL._AC_UL320_.jpg,/Renewed-Lenovo-Integrated-Graphics-WARRANTY/dp/B092Z9PXWT/ref=sr_1_140?dchild=1&qid=1628622560&s=computers&sr=1-140
"(Renewed) Lenovo Intel 4th Gen Core i5 14-inch(35.56 cms) HD 1366x768 Laptop (8GB/500GB HDD/Windows 10/MS Office/Integrated Graphics,Black)Thinkpad T440","34,999","₹80,000₹80,000",https://m.media-amazon.com/images/I/61UO61Kd8-L._AC_UL320_.jpg,/Lenovo-1366x768-Integrated-Graphics-Thinkpad/dp/B08S7C5NTL/ref=sr_1_141?dchild=1&qid=1628622560&s=computers&sr=1-141
"(Renewed) Lenovo Thinkpad Laptop X230 Intel Core i5 - 3320m Processor, 4 GB Ram & 256 GB SSD, Win10, 12.5 Inches 1.34 KG Ultralight Computer","37,989","₹50,000₹50,000",https://m.media-amazon.com/images/I/61R6kEAt-9S._AC_UL320_.jpg,/Renewed-Lenovo-Thinkpad-Laptop-Intel/dp/B097C566CW/ref=sr_1_142?dchild=1&qid=1628622560&s=computers&sr=1-142
"(Renewed) Lenovo Think Pad Intel 6th Gen Core i5 12.5-Inch (31.75 cms) 1920x1080 Laptop (8 GB/500 GB/Windows 10/Integrated Graphics/Black/2.50 Kg), X260","39,998","₹1,29,000₹1,29,000",https://m.media-amazon.com/images/I/61TMekpNlaL._AC_UL320_.jpg,
"Lenovo ThinkPad E495 14” HD Anti-Glare Business Laptop, AMD Ryzen 3 3200U Processor, AMD Radeon Vega 3, 8GB DDR4, 1TB HDD, Webcam (720p HD), 802.11ac, Bluetooth, USB 3.1 Type-C, HDMI, Windows 10","54,500","₹67,800₹67,800",https://m.media-amazon.com/images/I/71UrtqOe46L._AC_UL320_.jpg,/Lenovo-E495-Anti-Glare-Processor-Bluetooth/dp/B0821DCCDJ/ref=sr_1_144?dchild=1&qid=1628622560&s=computers&sr=1-144
"(Renewed) Lenovo Intel Core i5 3320M 12.5-Inch (31.75 cms) 1366x768 Laptop (4 GB/320 GB HDD/Windows 10/MS Office Pro 2019 /Intel HD Graphics 4000/Black/1.80 kg), Thinkpad X230","41,499","₹80,000₹80,000",https://m.media-amazon.com/images/I/51STdhlvsDL._AC_UL320_.jpg,/Lenovo-Thinkpad-X230-Integrated-graphics/dp/B07XG2RF3D/ref=sr_1_145?dchild=1&qid=1628622560&s=computers&sr=1-145
"(Renewed) Lenovo Intel 5th Gen Core I5 14-inch (35.56 cms) 1366x768 Laptop/8 GB/1 TB HDD/Windows 10/MS Office/Integrated Graphics), Black,Thinkpad T450","37,999","₹80,000₹80,000",https://m.media-amazon.com/images/I/61dqVlF4l7L._AC_UL320_.jpg,/Renewed-Lenovo-Thinkpad-Integrated-Graphics/dp/B084G4F8PL/ref=sr_1_146?dchild=1&qid=1628622560&s=computers&sr=1-146
"Lenovo Legion Y740 Intel Core i7 9th Gen 15.6 inch FHD Gaming Laptop (16GB/1TB SSD/Windows/Office/NVIDIA RTX 2070 8GB Graphics/Black/2.2Kg), 81UH00BQIN","1,45,990","₹2,23,890₹2,23,890",https://m.media-amazon.com/images/I/71bKbg0Df4L._AC_UL320_.jpg,/Lenovo-Legion-Windows-Graphics-81UH00BQIN/dp/B08BSF4TMN/ref=sr_1_147?dchild=1&qid=1628622560&s=computers&sr=1-147
"(Renewed) Lenovo Intel 4th Gen Core i5 4300U 12.5-Inch (31.75 cms) 1366x768 Laptop (8 GB/500 GB HDD/Windows 10/MS Office 2019 /Intel HD Graphics 4400/Black/1.61 Kg), ThinkPad X240",,,https://m.media-amazon.com/images/I/71Ryfe1e4WL._AC_UL320_.jpg,
"Lenovo ThinkPad E14 Intel Core i7 10th Gen 14-inch Full HD IPS Thin and Light Laptop (16GB RAM/ 512GB SSD/ Windows 10 Professional/ RX640 2GB Graphics/ Black/ 1.69 kg), 20RAS08A00",,,https://m.media-amazon.com/images/I/71k3N4gxNeL._AC_UL320_.jpg,
"(Renewed) Lenovo Intel 5th Gen Core i7 5600U 14-Inch (35.56 cms) 1920X1080 Laptop (8 GB/256 GB SSD/Windows 10/Intel HD Graphics 5500/Black/2.27 Kg), Thinkpad X1 Carbon","50,999","₹1,80,000₹1,80,000",https://m.media-amazon.com/images/I/61ofhFSpLaL._AC_UL320_.jpg,/Lenovo-ThinkPad-X1-Integrated-Graphics/dp/B0827XT57Z/ref=sr_1_150?dchild=1&qid=1628622560&s=computers&sr=1-150
"Lenovo IdeaPad Slim 5 11th Gen Intel Core i5 15.6"" (39.63cm) FHD IPS Thin & Light Laptop (8GB/1TB+256GB SSD/Windows 10/MS Office/Backlit Keyboard/Fingerprint Reader/Graphite Grey/1.66Kg), 82FG010BIN","62,088","₹85,290₹85,290",https://m.media-amazon.com/images/I/61WNxdAeAoL._AC_UL320_.jpg,
"Lenovo IdeaPad Slim 3 2021 11th Gen Intel Core i5 15.6 FHD Thin & Light Laptop (8GB/512GB SSD/Windows 10/MS Office/Backlit Keyboard/2 Year Warranty/Arctic Grey/1.65Kg), 82H801CWIN","57,990","₹81,090₹81,090",https://m.media-amazon.com/images/I/61q6x-ll5FL._AC_UL320_.jpg,
"Lenovo IdeaPad Slim 3 2021 Intel Core i5 11th Gen 14"" (35.56cm) FHD IPS Thin & Light Laptop (8GB/512GB SSD/Windows 10/MS Office/Backlit/Fingerprint Reader/2 Yr Warranty/Arctic Grey/1.41kg), 82H700KTIN","58,990","₹74,390₹74,390",https://m.media-amazon.com/images/I/61XJ6xrICAL._AC_UL320_.jpg,/gp/slredirect/picassoRedirect.html/ref=pa_sp_btf_browse_computers_sr_pg6_1?ie=UTF8&adId=A05453562B6S92V327RWJ&url=%2FLenovo-IdeaPad-Fingerprint-Warranty-82H700KTIN%2Fdp%2FB096SKD3V7%2Fref%3Dsr_1_153_sspa%3Fdchild%3D1%26qid%3D1628622560%26s%3Dcomputers%26sr%3D1-153-spons%26psc%3D1&qualifier=1628622560&id=3470364532863950&widgetName=sp_btf_browse
,,,,
,,,,
,,,,
,,,,
"Lenovo IdeaPad Gaming 3 AMD Ryzen 5 4600H 15.6"" (39.63cm) FHD IPS Gaming Laptop (8GB/512GB SSD/Windows 10/NVIDIA GTX 1650 4GB/120Hz Refresh Display/Onyx Black/2.2Kg), 82EY00UAIN","60,993","₹64,330₹64,330",https://m.media-amazon.com/images/I/61TlKHyOHLL._AC_UL320_.jpg,/gp/slredirect/picassoRedirect.html/ref=pa_sp_atf_browse_computers_sr_pg7_1?ie=UTF8&adId=A07595662RED1O4H9VU2&url=%2FLenovo-IdeaPad-39-63cm-Windows-82EY00UAIN%2Fdp%2FB095KQ1G3X%2Fref%3Dsr_1_145_sspa%3Fdchild%3D1%26qid%3D1628622563%26s%3Dcomputers%26sr%3D1-145-spons%26psc%3D1&qualifier=1628622563&id=8583028485232653&widgetName=sp_atf_browse
"Lenovo IdeaPad Gaming 3 AMD Ryzen 5 4600H 15.6"" (39.63cm) FHD IPS Gaming Laptop (8GB/512GB SSD/Windows 10/NVIDIA GTX 1650 4GB/120Hz Refresh Display/Onyx Black/2.2Kg), 82EY00UAIN","60,993","₹64,330₹64,330",https://m.media-amazon.com/images/I/61TlKHyOHLL._AC_UL320_.jpg,/gp/slredirect/picassoRedirect.html/ref=pa_sp_atf_browse_computers_sr_pg7_1?ie=UTF8&adId=A07595662RED1O4H9VU2&url=%2FLenovo-IdeaPad-39-63cm-Windows-82EY00UAIN%2Fdp%2FB095KQ1G3X%2Fref%3Dsr_1_145_sspa%3Fdchild%3D1%26qid%3D1628622563%26s%3Dcomputers%26sr%3D1-145-spons%26psc%3D1&qualifier=1628622563&id=8583028485232653&widgetName=sp_atf_browse
"Lenovo Yoga 6 AMD Ryzen 7 4700U 13.3"" (33.78 cms) Full HD IPS 2-in-1 Touchscreen Laptop (16GB/512GB SSD/Windows 10/MS Office 2019/Fingerprint Reader/Abyss Blue/Fabric Surface/1.32Kg), 82FN004QIN","89,900","₹99,990₹99,990",https://m.media-amazon.com/images/I/61jBhFd7JoL._AC_UL320_.jpg,/gp/slredirect/picassoRedirect.html/ref=pa_sp_atf_browse_computers_sr_pg7_1?ie=UTF8&adId=A0506843Y547R0PRW0YN&url=%2FLenovo-Touchscreen-Windows-Fingerprint-82FN004QIN%2Fdp%2FB08Y96J1ZJ%2Fref%3Dsr_1_146_sspa%3Fdchild%3D1%26qid%3D1628622563%26s%3Dcomputers%26sr%3D1-146-spons%26psc%3D1&qualifier=1628622563&id=8583028485232653&widgetName=sp_atf_browse
"Lenovo IdeaPad Slim 3 2021 11th Gen Intel Core i5 15.6"" (39.62cm) FHD Thin & Light Laptop (8GB/256GB SSD/Windows 10/MS Office/Backlit Keyboard/2 Year Warranty/Arctic Grey/1.65Kg), 82H80156IN","56,990","₹75,390₹75,390",https://m.media-amazon.com/images/I/61q6x-ll5FL._AC_UL320_.jpg,/gp/slredirect/picassoRedirect.html/ref=pa_sp_atf_browse_computers_sr_pg7_1?ie=UTF8&adId=A03949342H8PZFR3LW7WD&url=%2FLenovo-IdeaPad-Keyboard-Warranty-82H80156IN%2Fdp%2FB09BCSPX7X%2Fref%3Dsr_1_147_sspa%3Fdchild%3D1%26qid%3D1628622563%26s%3Dcomputers%26sr%3D1-147-spons%26psc%3D1&qualifier=1628622563&id=8583028485232653&widgetName=sp_atf_browse
"Lenovo ThinkBook 14 Intel Core i3 10th Gen 14-inch Full HD Thin and Light Laptop (4GB RAM/ 1TB HDD/ DOS/ Mineral Gray/ 1.49 kg), 20SL00LUIH","36,999","₹49,990₹49,990",https://m.media-amazon.com/images/I/71TfvpA+6gL._AC_UL320_.jpg,/Lenovo-ThinkBook-14-inch-Mineral-20SL00LUIH/dp/B08GM6LJ91/ref=sr_1_148?dchild=1&qid=1628622563&s=computers&sr=1-148
Lenovo Ideapad S145 Intel Core I3 8th Gen 15.6-inch FHD Thin and Light Laptop ( 4GB RAM / 1TB HDD / Windows 10 Home / Office Home and Student 2019 / Grey / 1.85kg ) & B210 Bag Combo,"37,243","₹50,209₹50,209",https://m.media-amazon.com/images/I/81KMVojrJlL._AC_UL320_.jpg,/Lenovo-Ideapad-15-6-inch-Windows-Student/dp/B07XPBPDN7/ref=sr_1_149?dchild=1&qid=1628622563&s=computers&sr=1-149
"Lenovo IdeaPad Gaming 3 AMD Ryzen 5 15.6"" IPS Full HD Laptop (8GB/256GB SSD + 1TB HDD/GeForce GTX 1650 4GB Graphics/Windows10/Onyx Black), 82EY0024IN","64,990","₹82,490₹82,490",https://m.media-amazon.com/images/I/61TlKHyOHLL._AC_UL320_.jpg,/Lenovo-IdeaPad-Graphics-Windows10-82EY0024IN/dp/B08GG8JC2L/ref=sr_1_150?dchild=1&qid=1628622563&s=computers&sr=1-150
"Lenovo ThinkPad E14 Intel Core i5 10th Gen 14-inch Full HD IPS Thin and Light Laptop (8GB RAM/ 256GB SSD/ Windows 10 Home/ Black/ 1.69 kg), 20RAS1MD00",,,https://m.media-amazon.com/images/I/71k3N4gxNeL._AC_UL320_.jpg,
(Renewed) Lenovo Intel 5th Gen Core i5 12.5-Inch (31.75 cms) Laptop (8 GB/500 GB HDD//MS Office Pro 2019 /Black/2.20 Kg),"39,999","₹2,50,000₹2,50,000",https://m.media-amazon.com/images/I/71zNMQeCI0L._AC_UL320_.jpg,
"Lenovo Legion Y530 Intel Core I5 8th Gen 15.6 - inch Gaming FHD Laptop (8GB/ 1TB HDD +128GB SSD/ Windows 10 Home/ Nvidia 4GB 1050 Ti Graphics/ Black), 81FV00JLIN","77,990","₹1,14,490₹1,14,490",https://m.media-amazon.com/images/I/71ePzdnZXRL._AC_UL320_.jpg,/Lenovo-Legion-Y530-Intel-Core/dp/B07GB7P6KC/ref=sr_1_153?dchild=1&qid=1628622563&s=computers&sr=1-153
"Lenovo Legion 5i 10thGen Intel i5 15.6"" FHD Gaming Laptop (8GB/1TB HDD/256GB SSD/Win10/120 Hz/NVIDIA GTX 1650Ti 4GB GDDR6/2.3Kg) 82AU00B6IN + Legion Headset + M300 Gaming Mouse Upto 8K DPI/16.8M RGB","91,855","₹1,30,239₹1,30,239",https://m.media-amazon.com/images/I/71gqEq+p41L._AC_UL320_.jpg,/Lenovo-Legion-10thGen-82AU00B6IN-Headset/dp/B08L5WCVFX/ref=sr_1_154?dchild=1&qid=1628622563&s=computers&sr=1-154
"(Renewed) Lenovo Thinkpad Laptop X230 Intel Core i5 - 3320m Processor, 8 GB Ram & 1TB SSD, Win10, 12.5 Inches 1.34 KG Ultralight Computer","45,989","₹70,000₹70,000",https://m.media-amazon.com/images/I/61R6kEAt-9S._AC_UL320_.jpg,/Renewed-Lenovo-Thinkpad-Laptop-Intel/dp/B097C61VV2/ref=sr_1_155?dchild=1&qid=1628622563&s=computers&sr=1-155
"(Renewed) Lenovo Intel Core i7 5600U 12.5-Inch (31.75 cms) HD (1366 X 768) Laptop (8 GB/256 GB SSD/Windows 10/Intel HD 5500//1.53 Kg), Lenovo X250","46,698","₹2,00,000₹2,00,000",https://m.media-amazon.com/images/I/41Om9k8p4JL._AC_UL320_.jpg,/Renewed-Lenovo-12-5-Inch-Laptop-Windows/dp/B08NPZNDCG/ref=sr_1_156?dchild=1&qid=1628622563&s=computers&sr=1-156
"Lenovo Legion Y540 9th Gen Core Intel i5 15.6 inch FHD Gaming Laptop (8GB RAM/ 1TB HDD + 256 GB SSD / Windows 10 Home / 6GB NVIDIA GTX 1660 TI Graphics / Black / 2.3 Kg), 81SX0041IN","1,05,000","₹1,19,990₹1,19,990",https://m.media-amazon.com/images/I/81mBbuy1cYL._AC_UL320_.jpg,/Lenovo-Legion-Windows-Graphics-81SX0041IN/dp/B07V5HQN65/ref=sr_1_157?dchild=1&qid=1628622563&s=computers&sr=1-157
"Lenovo Ideapad 720s Intel Core i7 8th Gen 13.3-inch Full HD Thin & Light Laptop (8GB RAM/512GB SSD/Windows 10 Home/MS Office H&S 2016/Platinum/1.14kg), 81BV008TIN","84,990","₹1,19,890₹1,19,890",https://m.media-amazon.com/images/I/51XGpzMtAjL._AC_UL320_.jpg,/Lenovo-81BV008TIN-13-3-inch-i7-8550U-Integrated/dp/B07FDY36TJ/ref=sr_1_158?dchild=1&qid=1628622563&s=computers&sr=1-158
"(Renewed) Lenovo T430 14-inch Laptop (Core i7/ 8GB RAM(Upgradable to 16)/256GB SSD/Windows 10 Pro/MS Office 2019, Intel Integrated Graphics, PAN INDIA WARRANTY) Black","46,999","₹80,000₹80,000",https://m.media-amazon.com/images/I/61lDNohfRnL._AC_UL320_.jpg,/Lenovo-Upgradable-Integrated-Graphics-WARRANTY/dp/B092Z9G6S5/ref=sr_1_159?dchild=1&qid=1628622563&s=computers&sr=1-159
"Lenovo IdeaPad Slim 5 AMD Ryzen 7 4700U 14"" (35.56cm) FHD IPS Thin & Light Laptop (8GB/512GB SSD/Windows 10/MS Office/Backlit Keyboard/Fingerprint Reader/Graphite Grey/1.39Kg), 81YM002TIN","60,785","₹79,690₹79,690",https://m.media-amazon.com/images/I/61LiK6CvJHL._AC_UL320_.jpg,/gp/slredirect/picassoRedirect.html/ref=pa_sp_mtf_browse_computers_sr_pg7_1?ie=UTF8&adId=A05924173CNU7BYYEUYYB&url=%2FLenovo-Integrated-Graphics-Graphite-81YM002TIN%2Fdp%2FB087D3VVW3%2Fref%3Dsr_1_160_sspa%3Fdchild%3D1%26qid%3D1628622563%26s%3Dcomputers%26sr%3D1-160-spons%26psc%3D1&qualifier=1628622563&id=8583028485232653&widgetName=sp_mtf_browse
"Lenovo Yoga Slim 7 AMD Ryzen 7 4800U 14"" (35.56cms) Full HD IPS Thin and Light Laptop (8GB/512GB SSD/Windows 10/MS Office 2019/Integrated AMD Radeon Graphics/Slate Grey/1.33Kg), 82A2008VIN","75,700","₹89,000₹89,000",https://m.media-amazon.com/images/I/61tcZHczA8L._AC_UL320_.jpg,
"Lenovo IdeaPad Slim 5 AMD Ryzen 5 5500U 15.6"" (39.63cm) FHD IPS Thin & Light Laptop (8GB/512GB SSD/Windows 10/MS Office/Backlit Keyboard/Fingerprint Reader/Graphite Grey/1.66Kg), 82LN00GTIN","57,990","₹82,490₹82,490",https://m.media-amazon.com/images/I/71jP9Frsr6L._AC_UL320_.jpg,/gp/slredirect/picassoRedirect.html/ref=pa_sp_mtf_browse_computers_sr_pg7_1?ie=UTF8&adId=A07022566JL3I54L63Y8&url=%2FLenovo-Keyboard-Fingerprint-Graphite-82LN00GTIN%2Fdp%2FB098FK9KQ2%2Fref%3Dsr_1_162_sspa%3Fdchild%3D1%26qid%3D1628622563%26s%3Dcomputers%26sr%3D1-162-spons%26psc%3D1&qualifier=1628622563&id=8583028485232653&widgetName=sp_mtf_browse
Lenovo Ideapad Gaming 3 10th Gen Intel Core i5 15.6-inch FHD IPS Gaming Laptop (8GB/1TB HDD + 256 GB SSD/Windows10/NVIDIA GTX 1650 4GB Graphics/with M100 RGB Gaming Mouse/Onyx Black/2.2Kg) 81Y400BNIN,"65,990","₹1,02,090₹1,02,090",https://m.media-amazon.com/images/I/61fpo-87DyL._AC_UL320_.jpg,/Lenovo-Ideapad-Windows-Graphics-81Y400BNIN/dp/B087D3SS3D/ref=sr_1_163?dchild=1&qid=1628622563&s=computers&sr=1-163
"(Renewed) Lenovo IdeaPad B40-70 14-inch Laptop (Core i3/8GB RAM (Upgradable to 16)/1TB HDD/Windows 10 Pro/MS Office 2019/More than 4 GB Intel Integrated Graphics, Fingerprint Scanner), Black","35,999","₹60,000₹60,000",https://m.media-amazon.com/images/I/51MVKMAJZzS._AC_UL320_.jpg,/Lenovo-Upgradable-Integrated-Graphics-Fingerprint/dp/B091N49X2H/ref=sr_1_164?dchild=1&qid=1628622563&s=computers&sr=1-164
"Lenovo ThinkPad E15 15.6"" FHD (1920x1080) IPS Anti-Glare Display - Intel Core i5-10210U Processor, 16GB RAM, 512GB PCIe-NVMe SSD + 500GB Hard Drive, Windows 10 Pro 64-bit","98,000","₹1,39,990₹1,39,990",https://m.media-amazon.com/images/I/51kc3LmqHfL._AC_UL320_.jpg,/Lenovo-ThinkPad-E15-1920x1080-Anti-Glare/dp/B089GZHY6F/ref=sr_1_165?dchild=1&qid=1628622563&s=computers&sr=1-165
"Lenovo ThinkPad E15 15.6” FHD IPS Anti-Glare LED Laptop, Intel Quad-Core i5-10210U up to 4.2GHz, 8GB DDR4, 256GB SSD, HDMI, Bluetooth, Webcam, USB 3.1-C, Windows 10 Professional, ABYS Accessories","88,000","₹98,000₹98,000",https://m.media-amazon.com/images/I/412FEYgaxAL._AC_UL320_.jpg,/Lenovo-E15-Anti-Glare-Professional-Accessories/dp/B08BFD8K9T/ref=sr_1_166?dchild=1&qid=1628622563&s=computers&sr=1-166
Lenovo Ideapad S145 Intel Core I3 8th Gen 15.6-inch FHD Thin and Light Laptop ( 4GB RAM / 1TB HDD / Windows 10 Home / Office Home and Student 2019 / Grey / 1.85kg ) & 300 Wireless Mouse Combo,"36,923","₹49,989₹49,989",https://m.media-amazon.com/images/I/81q2AbfsdeL._AC_UL320_.jpg,/Lenovo-Ideapad-15-6-inch-Windows-Wireless/dp/B07XKT4SBJ/ref=sr_1_167?dchild=1&qid=1628622563&s=computers&sr=1-167
"(Renewed) Lenovo IdeaPad B40-70 14-inch Laptop (Core i3/16GB RAM/500GB HDD/Windows 10 Pro/MS Office 2019/More than 4 GB Intel Integrated Graphics, Fingerprint Scanner), Black","36,999","₹60,000₹60,000",https://m.media-amazon.com/images/I/51MVKMAJZzS._AC_UL320_.jpg,/Renewed-Lenovo-Integrated-Graphics-Fingerprint/dp/B091N5VS48/ref=sr_1_168?dchild=1&qid=1628622563&s=computers&sr=1-168
"Lenovo Thinkpad L14 Intel Core i5 10th Gen Display 14-inch Full HD Thin and Light Laptop (8GB RAM/ 512GB SSD/ Windows 10 Professional/ Black/ 1.65 kg), 20U1S1N700 with STOLT Backpack",,,https://m.media-amazon.com/images/I/81m084fzj8L._AC_UL320_.jpg,
"(Renewed) Lenovo Intel 3rd Gen Core i5 3210M 14-Inch (35.56 cms) 1366x768 Laptop (4 GB/500 GB HDD/Windows/MS Office Pro 2019 /Intel HD Graphics 4600/Black/1.50 Kg), Thinkpad L430","30,499","₹70,000₹70,000",https://m.media-amazon.com/images/I/71LAAhw+9bL._AC_UL320_.jpg,/Renewed-Lenovo-1366x768-Graphics-Thinkpad/dp/B08S7D74TV/ref=sr_1_170?dchild=1&qid=1628622563&s=computers&sr=1-170
"(Renewed) Lenovo IdeaPad Flex 5i 10th Gen Intel Core i3 14 inch Full HD IPS 2-in-1 Convertible Laptop (4GB/256GB SSD/Windows 10/MS Office 2019/Graphite Grey/1.5Kg), 81X10083IN","45,490","₹59,990₹59,990",https://m.media-amazon.com/images/I/61Q8dkRUgvL._AC_UL320_.jpg,/Renewed-Lenovo-Convertible-Graphite-81X10083IN/dp/B08M3MG14N/ref=sr_1_171?dchild=1&qid=1628622563&s=computers&sr=1-171
Lenovo V14 AMD RYZEN 3 3250U 14-inch HD Laptop (4GB Ram/1TB HDD/Dos/Iron Grey) 82C6000BIH,"33,450","₹38,900₹38,900",https://m.media-amazon.com/images/I/51Fogk+EHiL._AC_UL320_.jpg,/Lenovo-V14-14-inch-Laptop-82C6000BIH/dp/B08PNJVVCB/ref=sr_1_172?dchild=1&qid=1628622563&s=computers&sr=1-172
Lenovo Y520 80WK00R1IN 15.6-inch Laptop (7th Gen Core i7-7700HQ/8GB/1TB+128GB SSD/Windows 10/4GB Graphics/with Pre-Installed MS Office),"82,990","₹1,10,890₹1,10,890",https://m.media-amazon.com/images/I/81UWucdEX1L._AC_UL320_.jpg,/Lenovo-80WK00R1IN-15-6-inch-i7-7700HQ-Pre-Installed/dp/B0756HWYND/ref=sr_1_173?dchild=1&qid=1628622563&s=computers&sr=1-173
"Lenovo IdeaPad Slim 5 i5 11th Gen 14"" FHD IPS Thin & Light Laptop (8GB/512GB SSD/Win10/MSO/IrisXe Graphics/Fingerprint Reader/Grey/1.39Kg), 82FE00K0IN +Lenovo 2 Year Extra Warranty with Onsite Service","65,487","₹98,838₹98,838",https://m.media-amazon.com/images/I/71eQY-cvW0S._AC_UL320_.jpg,/Lenovo-Graphics-Fingerprint-82FE00K0IN-Warranty/dp/B0952DZX2B/ref=sr_1_174?dchild=1&qid=1628622563&s=computers&sr=1-174
"Lenovo IdeaPad Slim 5 11th Gen Intel Core i5 15.6"" (39.63cm) FHD IPS Thin & Light Laptop (8GB/1TB+256GB SSD/Windows 10/MS Office/Backlit Keyboard/Fingerprint Reader/Graphite Grey/1.66Kg), 82FG010BIN","62,088","₹85,290₹85,290",https://m.media-amazon.com/images/I/61WNxdAeAoL._AC_UL320_.jpg,/gp/slredirect/picassoRedirect.html/ref=pa_sp_btf_browse_computers_sr_pg7_1?ie=UTF8&adId=A05457562ZS17ZQ6FAQ89&url=%2FLenovo-Keyboard-Fingerprint-Graphite-82FG010BIN%2Fdp%2FB096SHMYJJ%2Fref%3Dsr_1_175_sspa%3Fdchild%3D1%26qid%3D1628622563%26s%3Dcomputers%26sr%3D1-175-spons%26psc%3D1&qualifier=1628622563&id=8583028485232653&widgetName=sp_btf_browse
"Lenovo IdeaPad Slim 3 2021 Intel Core i5 11th Gen 14"" (35.56cm) FHD IPS Thin & Light Laptop (8GB/512GB SSD/Windows 10/MS Office/Backlit/Fingerprint Reader/2 Yr Warranty/Arctic Grey/1.41kg), 82H700KTIN","58,990","₹74,390₹74,390",https://m.media-amazon.com/images/I/61XJ6xrICAL._AC_UL320_.jpg,/gp/slredirect/picassoRedirect.html/ref=pa_sp_btf_browse_computers_sr_pg7_1?ie=UTF8&adId=A05453562B6S92V327RWJ&url=%2FLenovo-IdeaPad-Fingerprint-Warranty-82H700KTIN%2Fdp%2FB096SKD3V7%2Fref%3Dsr_1_176_sspa%3Fdchild%3D1%26qid%3D1628622563%26s%3Dcomputers%26sr%3D1-176-spons%26psc%3D1&qualifier=1628622563&id=8583028485232653&widgetName=sp_btf_browse
"Lenovo Legion 5 10th Gen Intel Core i5-10300H 15.6"" (39.63cm) FHD IPS Gaming Laptop (8GB/512GB SSD/Windows 10/NVIDIA GTX 1650 4GB/120Hz Refresh Display/Phantom Black/2.3Kg), 82AU00PMIN","68,490","₹93,690₹93,690",https://m.media-amazon.com/images/I/61p3lA4N3uL._AC_UL320_.jpg,/gp/slredirect/picassoRedirect.html/ref=pa_sp_btf_browse_computers_sr_pg7_1?ie=UTF8&adId=A02815761NWVQB0HCW4YJ&url=%2FLenovo-i5-10300H-39-63cm-Windows-82AU00PMIN%2Fdp%2FB097TYRFJJ%2Fref%3Dsr_1_177_sspa%3Fdchild%3D1%26qid%3D1628622563%26s%3Dcomputers%26sr%3D1-177-spons%26psc%3D1&qualifier=1628622563&id=8583028485232653&widgetName=sp_btf_browse
,,,,
,,,,
,,,,
,,,,
"Lenovo IdeaPad Slim 5 AMD Ryzen 7 4700U 14"" (35.56cm) FHD IPS Thin & Light Laptop (8GB/512GB SSD/Windows 10/MS Office/Backlit Keyboard/Fingerprint Reader/Graphite Grey/1.39Kg), 81YM002TIN","60,785","₹79,690₹79,690",https://m.media-amazon.com/images/I/61LiK6CvJHL._AC_UL320_.jpg,/gp/slredirect/picassoRedirect.html/ref=pa_sp_atf_browse_computers_sr_pg8_1?ie=UTF8&adId=A05924173CNU7BYYEUYYB&url=%2FLenovo-Integrated-Graphics-Graphite-81YM002TIN%2Fdp%2FB087D3VVW3%2Fref%3Dsr_1_169_sspa%3Fdchild%3D1%26qid%3D1628622565%26s%3Dcomputers%26sr%3D1-169-spons%26psc%3D1&qualifier=1628622565&id=672940674453305&widgetName=sp_atf_browse
"Lenovo IdeaPad Slim 5 AMD Ryzen 7 4700U 14"" (35.56cm) FHD IPS Thin & Light Laptop (8GB/512GB SSD/Windows 10/MS Office/Backlit Keyboard/Fingerprint Reader/Graphite Grey/1.39Kg), 81YM002TIN","60,785","₹79,690₹79,690",https://m.media-amazon.com/images/I/61LiK6CvJHL._AC_UL320_.jpg,/gp/slredirect/picassoRedirect.html/ref=pa_sp_atf_browse_computers_sr_pg8_1?ie=UTF8&adId=A05924173CNU7BYYEUYYB&url=%2FLenovo-Integrated-Graphics-Graphite-81YM002TIN%2Fdp%2FB087D3VVW3%2Fref%3Dsr_1_169_sspa%3Fdchild%3D1%26qid%3D1628622565%26s%3Dcomputers%26sr%3D1-169-spons%26psc%3D1&qualifier=1628622565&id=672940674453305&widgetName=sp_atf_browse
"Lenovo Yoga Slim 7 AMD Ryzen 7 4800U 14"" (35.56cms) Full HD IPS Thin and Light Laptop (8GB/512GB SSD/Windows 10/MS Office 2019/Integrated AMD Radeon Graphics/Slate Grey/1.33Kg), 82A2008VIN","75,700","₹89,000₹89,000",https://m.media-amazon.com/images/I/61tcZHczA8L._AC_UL320_.jpg,/gp/slredirect/picassoRedirect.html/ref=pa_sp_atf_browse_computers_sr_pg8_1?ie=UTF8&adId=A0465615CU6EJJSCEDA8&url=%2FLenovo-14-inch-Integrated-Graphics-82A2008VIN%2Fdp%2FB08LKQBR8R%2Fref%3Dsr_1_170_sspa%3Fdchild%3D1%26qid%3D1628622565%26s%3Dcomputers%26sr%3D1-170-spons%26psc%3D1&qualifier=1628622565&id=672940674453305&widgetName=sp_atf_browse
"Lenovo IdeaPad Gaming 3 AMD Ryzen 5 4600H 15.6"" (39.63cm) FHD IPS Gaming Laptop (8GB/512GB SSD/Windows 10/NVIDIA GTX 1650 4GB/120Hz Refresh Display/Onyx Black/2.2Kg), 82EY00UAIN","60,993","₹64,330₹64,330",https://m.media-amazon.com/images/I/61TlKHyOHLL._AC_UL320_.jpg,/gp/slredirect/picassoRedirect.html/ref=pa_sp_atf_browse_computers_sr_pg8_1?ie=UTF8&adId=A07595662RED1O4H9VU2&url=%2FLenovo-IdeaPad-39-63cm-Windows-82EY00UAIN%2Fdp%2FB095KQ1G3X%2Fref%3Dsr_1_171_sspa%3Fdchild%3D1%26qid%3D1628622565%26s%3Dcomputers%26sr%3D1-171-spons%26psc%3D1&qualifier=1628622565&id=672940674453305&widgetName=sp_atf_browse
"(Renewed) Lenovo Legion 5i 10th Gen Intel Core i7 15.6 inch Full HD Gaming Laptop (16GB/1TB HDD + 256GB SSD/Windows 10/120 Hz/NVIDIA GTX 1650Ti 4GB GDDR6 Graphics/Phantom Black/2.3Kg), 82AU00B9IN","1,07,990","₹1,38,990₹1,38,990",https://m.media-amazon.com/images/I/61FDwjdy-OL._AC_UL320_.jpg,/Renewed-Lenovo-Windows-Graphics-82AU00B9IN/dp/B08L1QGV1N/ref=sr_1_172?dchild=1&qid=1628622565&s=computers&sr=1-172
"(Renewed) Lenovo T430 14-inch Laptop (Core i7/ 8GB RAM(Upgradable to 16)/512GB SSD/Windows 10 Pro/MS Office 2019, Intel Integrated Graphics, PAN INDIA WARRANTY) Black","46,999","₹80,000₹80,000",https://m.media-amazon.com/images/I/61lDNohfRnL._AC_UL320_.jpg,/Lenovo-Upgradable-Integrated-Graphics-WARRANTY/dp/B092Z88D2F/ref=sr_1_173?dchild=1&qid=1628622565&s=computers&sr=1-173
"Lenovo IdeaPad Slim 5 AMD Ryzen 5 5500U 15.6"" (39.63cm) FHD IPS Thin & Light Laptop (8GB/512GB SSD/Windows 10/MS Office/Backlit Keyboard/Fingerprint Reader/Graphite Grey/1.66Kg), 82LN00GTIN","57,990","₹82,490₹82,490",https://m.media-amazon.com/images/I/71jP9Frsr6L._AC_UL320_.jpg,/gp/slredirect/picassoRedirect.html/ref=pa_sp_mtf_browse_computers_sr_pg8_1?ie=UTF8&adId=A07022566JL3I54L63Y8&url=%2FLenovo-Keyboard-Fingerprint-Graphite-82LN00GTIN%2Fdp%2FB098FK9KQ2%2Fref%3Dsr_1_174_sspa%3Fdchild%3D1%26qid%3D1628622565%26s%3Dcomputers%26sr%3D1-174-spons%26psc%3D1&qualifier=1628622565&id=672940674453305&widgetName=sp_mtf_browse
"Lenovo Yoga 6 AMD Ryzen 7 4700U 13.3"" (33.78 cms) Full HD IPS 2-in-1 Touchscreen Laptop (16GB/512GB SSD/Windows 10/MS Office 2019/Fingerprint Reader/Abyss Blue/Fabric Surface/1.32Kg), 82FN004QIN","89,900","₹99,990₹99,990",https://m.media-amazon.com/images/I/61jBhFd7JoL._AC_UL320_.jpg,/gp/slredirect/picassoRedirect.html/ref=pa_sp_mtf_browse_computers_sr_pg8_1?ie=UTF8&adId=A0506843Y547R0PRW0YN&url=%2FLenovo-Touchscreen-Windows-Fingerprint-82FN004QIN%2Fdp%2FB08Y96J1ZJ%2Fref%3Dsr_1_175_sspa%3Fdchild%3D1%26qid%3D1628622565%26s%3Dcomputers%26sr%3D1-175-spons%26psc%3D1&qualifier=1628622565&id=672940674453305&widgetName=sp_mtf_browse
"Lenovo IdeaPad Slim 5 11th Gen Intel Core i5 15.6"" (39.63cm) FHD IPS Thin & Light Laptop (8GB/1TB+256GB SSD/Windows 10/MS Office/Backlit Keyboard/Fingerprint Reader/Graphite Grey/1.66Kg), 82FG010BIN","62,088","₹85,290₹85,290",https://m.media-amazon.com/images/I/61WNxdAeAoL._AC_UL320_.jpg,/gp/slredirect/picassoRedirect.html/ref=pa_sp_mtf_browse_computers_sr_pg8_1?ie=UTF8&adId=A05457562ZS17ZQ6FAQ89&url=%2FLenovo-Keyboard-Fingerprint-Graphite-82FG010BIN%2Fdp%2FB096SHMYJJ%2Fref%3Dsr_1_176_sspa%3Fdchild%3D1%26qid%3D1628622565%26s%3Dcomputers%26sr%3D1-176-spons%26psc%3D1&qualifier=1628622565&id=672940674453305&widgetName=sp_mtf_browse
"(Renewed) Lenovo Core i5 14.1-Inch (35.81 cms) HD (1366 X 768) Pixels Laptop (4 GB/1 TB/Windows 10 Pro/Intel/Grey/2 kg), T440-i5-4-128-1TB","35,729","₹80,000₹80,000",https://m.media-amazon.com/images/I/41xx-Vx9vhL._AC_UL320_.jpg,/Renewed-Lenovo-Thinkpad-Hybrid-Laptop/dp/B08MLN5VFM/ref=sr_1_177?dchild=1&qid=1628622565&s=computers&sr=1-177
"2020 Lenovo ThinkPad E15 15.6"" FHD Full HD (1920x1080) Business Laptop (Intel 10th Quad Core i5-10210U, 16GB DDR4 RAM, 512GB PCIe SSD) Type-C, HDMI, Windows 10 Pro + IST Computers HDMI Cable","98,000","₹1,35,990₹1,35,990",https://m.media-amazon.com/images/I/7151ANXT6kL._AC_UL320_.jpg,/Lenovo-ThinkPad-E15-1920x1080-i5-10210U/dp/B08726QFRM/ref=sr_1_178?dchild=1&qid=1628622565&s=computers&sr=1-178
"Lenovo IdeaPad Slim 3 2021 11th Gen Intel Core i5 15.6"" (39.62cm) FHD Thin & Light Laptop (8GB/256GB SSD/Windows 10/MS Office/Backlit Keyboard/2 Year Warranty/Arctic Grey/1.65Kg), 82H80156IN","56,990","₹75,390₹75,390",https://m.media-amazon.com/images/I/61q6x-ll5FL._AC_UL320_.jpg,/gp/slredirect/picassoRedirect.html/ref=pa_sp_btf_browse_computers_sr_pg8_1?ie=UTF8&adId=A03949342H8PZFR3LW7WD&url=%2FLenovo-IdeaPad-Keyboard-Warranty-82H80156IN%2Fdp%2FB09BCSPX7X%2Fref%3Dsr_1_179_sspa%3Fdchild%3D1%26qid%3D1628622565%26s%3Dcomputers%26sr%3D1-179-spons%26psc%3D1&qualifier=1628622565&id=672940674453305&widgetName=sp_btf_browse
"Lenovo IdeaPad Slim 3 2021 Intel Core i5 11th Gen 14"" (35.56cm) FHD IPS Thin & Light Laptop (8GB/512GB SSD/Windows 10/MS Office/Backlit/Fingerprint Reader/2 Yr Warranty/Arctic Grey/1.41kg), 82H700KTIN","58,990","₹74,390₹74,390",https://m.media-amazon.com/images/I/61XJ6xrICAL._AC_UL320_.jpg,
"Lenovo Legion 5 10th Gen Intel Core i5-10300H 15.6"" (39.63cm) FHD IPS Gaming Laptop (8GB/512GB SSD/Windows 10/NVIDIA GTX 1650 4GB/120Hz Refresh Display/Phantom Black/2.3Kg), 82AU00PMIN","68,490","₹93,690₹93,690",https://m.media-amazon.com/images/I/61p3lA4N3uL._AC_UL320_.jpg,/gp/slredirect/picassoRedirect.html/ref=pa_sp_btf_browse_computers_sr_pg8_1?ie=UTF8&adId=A02815761NWVQB0HCW4YJ&url=%2FLenovo-i5-10300H-39-63cm-Windows-82AU00PMIN%2Fdp%2FB097TYRFJJ%2Fref%3Dsr_1_181_sspa%3Fdchild%3D1%26qid%3D1628622565%26s%3Dcomputers%26sr%3D1-181-spons%26psc%3D1&qualifier=1628622565&id=672940674453305&widgetName=sp_btf_browse
,,,,
,,,,
