Title,price1,price2,Code,Product_href
Lenovo - ThinkPad (PC portable),"1 053,69 ? HT","1 264,43 ? TTC",20R50004MB,https://www.inmac-wstore.com/lenovo-thinkpad-pc-portable-pc-portable-20r50004mb/p7229638.htm
Lenovo ThinkPad X1 Nano Gen 1 - 13" - Core i7 1160G7 - Evo - 16 Go RAM - 512 Go SSD - Français,"1 835,40 ? HT","2 202,48 ? TTC",20UN002VFR,https://www.inmac-wstore.com/lenovo-thinkpad-x1-nano-gen-1-13-core-i7-1160g7-evo-16-go-ram-512-go-ssd-francais/p7257584.htm
Lenovo - ThinkPad (PC portable),"1 040,00 ? HT","1 248,00 ? TTC",20S7S3H007,https://www.inmac-wstore.com/lenovo-thinkpad-pc-portable-pc-portable-20s7s3h007/p7261817.htm
Lenovo - ThinkPad (PC portable),"485,55 ? HT","582,66 ? TTC",20Q8S1QG00,https://www.inmac-wstore.com/lenovo-thinkpad-pc-portable-pc-portable-20q8s1qg00/p30044997.htm
Lenovo ThinkPad X1 Fold Gen 1 - 13.3" - Core i5 L16G7 - 8 Go RAM - 512 Go SSD - Français,"1 955,45 ? HT","2 346,54 ? TTC",20RL000GFR,https://www.inmac-wstore.com/lenovo-thinkpad-x1-fold-gen-1-13-3-core-i5-l16g7-8-go-ram-512-go-ssd-r-u/p7251720.htm
Lenovo ThinkPad X1 Yoga Gen 5 - 14" - Core i5 10210U - 16 Go RAM - 512 Go SSD - Français,"1 661,89 ? HT","1 994,27 ? TTC",20UB0043FR,https://www.inmac-wstore.com/lenovo-thinkpad-x1-yoga-gen-5-14-core-i5-10210u-16-go-ram-512-go-ssd-francais/p7252222.htm
Lenovo - ThinkPad (PC portable),"1 356,10 ? HT","1 627,32 ? TTC",20QGS61E00,https://www.inmac-wstore.com/lenovo-thinkpad-pc-portable-pc-portable-20qgs61e00/p30053899.htm
Lenovo ThinkPad E15 Gen 3 - 15.6" - Ryzen 5 5500U - 8 Go RAM - 512 Go SSD - Français,"772,49 ? HT","926,99 ? TTC",20YG000JFR,https://www.inmac-wstore.com/lenovo-thinkpad-e15-gen-3-15-6-ryzen-5-5500u-8-go-ram-512-go-ssd-francais/p7263272.htm
Lenovo ThinkPad L14 Gen 1 - 14" - Core i5 10210U - 8 Go RAM - 256 Go SSD - Français,"849,00 ? HT","1 018,80 ? TTC",20U1000WFR,https://www.inmac-wstore.com/lenovo-thinkpad-l14-gen-1-14-core-i5-10210u-8-go-ram-256-go-ssd-francais/p7217191.htm
Lenovo ThinkPad E14 Gen 2 - 14" - Core i7 1165G7 - 8 Go RAM - 256 Go SSD - Français,"875,18 ? HT","1 050,22 ? TTC",20TA000BFR,https://www.inmac-wstore.com/lenovo-thinkpad-e14-gen-2-14-core-i7-1165g7-8-go-ram-256-go-ssd-francais/p7253247.htm
Lenovo ThinkPad E15 Gen 2 - 15.6" - Core i3 1115G4 - 8 Go RAM - 256 Go SSD - Français,"749,00 ? HT","898,80 ? TTC",20TD001RFR,https://www.inmac-wstore.com/lenovo-thinkpad-e15-gen-2-15-6-core-i3-1115g4-8-go-ram-256-go-ssd-francais/p7257936.htm
Lenovo ThinkPad T14 Gen 1 - 14" - Core i5 10210U - 8 Go RAM - 256 Go SSD - Français,"1 249,00 ? HT","1 498,80 ? TTC",20S00011FR,https://www.inmac-wstore.com/lenovo-thinkpad-t14-gen-1-14-core-i5-10210u-8-go-ram-256-go-ssd-francais/p7217183.htm
Lenovo ThinkPad E15 Gen 2 - 15.6" - Core i7 1165G7 - 8 Go RAM - 256 Go SSD - Français,"990,00 ? HT","1 188,00 ? TTC",20TD0002FR,https://www.inmac-wstore.com/lenovo-thinkpad-e15-gen-2-15-6-core-i7-1165g7-8-go-ram-256-go-ssd-francais/p7254158.htm
Lenovo ThinkPad E15 - 15.6" - Core i5 10210U - 8 Go RAM - 256 Go SSD,"769,00 ? HT","922,80 ? TTC",20RES6DF03,https://www.inmac-wstore.com/lenovo-thinkpad-e15-15-6-core-i5-10210u-8-go-ram-256-go-ssd/p7260350.htm
Lenovo ThinkPad T15 Gen 2 - 15.6" - Core i7 1165G7 - 16 Go RAM - 512 Go SSD - Français,"1 609,00 ? HT","1 930,80 ? TTC",20W40090FR,https://www.inmac-wstore.com/lenovo-thinkpad-t15-gen-2-15-6-core-i7-1165g7-16-go-ram-512-go-ssd-francais/p7264800.htm
Lenovo ThinkPad T15 Gen 1 - 15.6" - Core i5 10210U - 8 Go RAM - 256 Go SSD - Français,"1 190,00 ? HT","1 428,00 ? TTC",20S6000MFR,https://www.inmac-wstore.com/lenovo-thinkpad-t15-gen-1-15-6-core-i5-10210u-8-go-ram-256-go-ssd-francais/p7217187.htm
Lenovo ThinkPad E15 Gen 2 - 15.6" - Core i5 1135G7 - 8 Go RAM - 256 Go SSD - Français,"875,00 ? HT","1 050,00 ? TTC",20TD0017FR,https://www.inmac-wstore.com/lenovo-thinkpad-e15-gen-2-15-6-core-i5-1135g7-8-go-ram-256-go-ssd-francais/p7254870.htm
Lenovo ThinkPad E14 Gen 2 - 14" - Core i5 1135G7 - 8 Go RAM - 256 Go SSD - Français,"825,00 ? HT","990,00 ? TTC",20TA002CFR,https://www.inmac-wstore.com/lenovo-thinkpad-e14-gen-2-14-core-i5-1135g7-8-go-ram-256-go-ssd-francais/p7252473.htm
Lenovo V15-ADA - 15.6" - Ryzen 3 3250U - 8 Go RAM - 256 Go SSD - Français,"519,00 ? HT","622,80 ? TTC",82C70007FR,https://www.inmac-wstore.com/lenovo-v15-ada-15-6-ryzen-3-3250u-8-go-ram-256-go-ssd-francais/p7222291.htm
Lenovo ThinkBook 14 G2 ARE - 14" - Ryzen 5 4500U - 8 Go RAM - 512 Go SSD - Français,"676,65 ? HT","811,98 ? TTC",20VF0048FR,https://www.inmac-wstore.com/lenovo-thinkbook-14-g2-are-14-ryzen-5-4500u-8-go-ram-512-go-ssd-francais/p7252238.htm
Lenovo ThinkBook 15 G2 ITL - 15.6" - Core i3 1115G4 - 8 Go RAM - 256 Go SSD - Français,"699,00 ? HT","838,80 ? TTC",20VE0008FR,https://www.inmac-wstore.com/lenovo-thinkbook-15-g2-itl-15-6-core-i3-1115g4-8-go-ram-256-go-ssd-francais/p7252234.htm
Lenovo ThinkBook 15 G2 ITL - 15.6" - Core i5 1135G7 - 8 Go RAM - 256 Go SSD - Français,"799,00 ? HT","958,80 ? TTC",20VE0004FR,https://www.inmac-wstore.com/lenovo-thinkbook-15-g2-itl-15-6-core-i5-1135g7-8-go-ram-256-go-ssd-francais/p7250373.htm
Lenovo ThinkBook 15 G2 ITL - 15.6" - Core i5 1135G7 - 8 Go RAM - 256 Go SSD - Français,"699,00 ? HT","838,80 ? TTC",20VE005EFR,https://www.inmac-wstore.com/lenovo-thinkbook-15-g2-itl-15-6-core-i5-1135g7-8-go-ram-256-go-ssd-francais/p7252235.htm
Lenovo ThinkBook 15 G2 ITL - 15.6" - Core i3 1115G4 - 8 Go RAM - 256 Go SSD - Français,"699,00 ? HT","838,80 ? TTC",20VE0007FR,https://www.inmac-wstore.com/lenovo-thinkbook-15-g2-itl-15-6-core-i3-1115g4-8-go-ram-256-go-ssd-francais/p7252048.htm
Lenovo ThinkBook 14 G2 ITL - 14" - Core i3 1115G4 - 8 Go RAM - 256 Go SSD - Français,"659,00 ? HT","790,80 ? TTC",20VD0009FR,https://www.inmac-wstore.com/lenovo-thinkbook-14-g2-itl-14-core-i3-1115g4-8-go-ram-256-go-ssd-francais/p7252207.htm
Lenovo ThinkBook 15 G3 ACL - 15.6" - Ryzen 5 5500U - 8 Go RAM - 512 Go SSD - Français,"775,00 ? HT","930,00 ? TTC",21A4002AFR,https://www.inmac-wstore.com/lenovo-thinkbook-15-g3-acl-15-6-ryzen-5-5500u-8-go-ram-512-go-ssd-francais/p7262852.htm
Lenovo ThinkBook 15 G2 ITL - 15.6" - Core i5 1135G7 - 8 Go RAM - 256 Go SSD - Français,"799,00 ? HT","958,80 ? TTC",20VE009BFR,https://www.inmac-wstore.com/lenovo-thinkbook-15-g2-itl-15-6-core-i5-1135g7-8-go-ram-256-go-ssd-francais/p7262521.htm
Lenovo ThinkBook 14 G2 ITL - 14" - Core i5 1135G7 - 8 Go RAM - 256 Go SSD - Français,"790,00 ? HT","948,00 ? TTC",20VD000AFR,https://www.inmac-wstore.com/lenovo-thinkbook-14-g2-itl-14-core-i5-1135g7-8-go-ram-256-go-ssd-francais/p7252232.htm
Lenovo ThinkBook 14 G2 ITL - 14" - Core i7 1165G7 - 16 Go RAM - 512 Go SSD - Français,"999,00 ? HT","1 198,80 ? TTC",20VD003EFR,https://www.inmac-wstore.com/lenovo-thinkbook-14-g2-itl-14-core-i7-1165g7-16-go-ram-512-go-ssd-francais/p7251877.htm
Lenovo ThinkBook 15 G2 ITL - 15.6" - Core i7 1165G7 - 16 Go RAM - 512 Go SSD - Français,"949,00 ? HT","1 138,80 ? TTC",20VE0005FR,https://www.inmac-wstore.com/lenovo-thinkbook-15-g2-itl-15-6-core-i7-1165g7-16-go-ram-512-go-ssd-francais/p7252233.htm
Lenovo ThinkBook 14 G2 ARE - 14" - Ryzen 3 4300U - 8 Go RAM - 256 Go SSD - Français,"619,00 ? HT","742,80 ? TTC",20VF003AFR,https://www.inmac-wstore.com/lenovo-thinkbook-14-g2-are-14-ryzen-3-4300u-8-go-ram-256-go-ssd-francais/p7252237.htm
Lenovo ThinkBook 14s Yoga ITL - 14" - Core i7 1165G7 - 16 Go RAM - 512 Go SSD - Français,"1 205,23 ? HT","1 446,28 ? TTC",20WE0001FR,https://www.inmac-wstore.com/lenovo-thinkbook-14s-yoga-itl-14-core-i7-1165g7-16-go-ram-512-go-ssd-francais/p7250115.htm
Lenovo ThinkBook 15p IMH - 15.6" - Core i5 10300H - 16 Go RAM - 512 Go SSD - Français,"1 261,48 ? HT","1 513,78 ? TTC",20V30007FR,https://www.inmac-wstore.com/lenovo-thinkbook-15p-imh-15-6-core-i5-10300h-16-go-ram-512-go-ssd-francais/p7255114.htm
Lenovo ThinkBook 13s G2 ITL - 13.3" - Core i5 1135G7 - 16 Go RAM - 512 Go SSD - Français,"1 119,15 ? HT","1 342,98 ? TTC",20V9002UFR,https://www.inmac-wstore.com/lenovo-thinkbook-13s-g2-itl-13-3-core-i5-1135g7-16-go-ram-512-go-ssd-francais/p7252231.htm
Lenovo ThinkBook 13s G2 ITL - 13.3" - Core i5 1135G7 - 8 Go RAM - 256 Go SSD - Français,"849,00 ? HT","1 018,80 ? TTC",20V90003FR,https://www.inmac-wstore.com/lenovo-thinkbook-13s-g2-itl-13-3-core-i5-1135g7-8-go-ram-256-go-ssd-francais/p7251907.htm
Lenovo ThinkBook 15 G2 ITL - 15.6" - Core i7 1165G7 - 16 Go RAM - 512 Go SSD - Français,"1 010,10 ? HT","1 212,12 ? TTC",20VE00FNFR,https://www.inmac-wstore.com/lenovo-thinkbook-15-g2-itl-15-6-core-i7-1165g7-16-go-ram-512-go-ssd-francais/p7262528.htm
Lenovo ThinkBook 15 G2 ARE - 15.6" - Ryzen 3 4300U - 8 Go RAM - 256 Go SSD - Français,"688,70 ? HT","826,44 ? TTC",20VG0005FR,https://www.inmac-wstore.com/lenovo-thinkbook-15-g2-are-15-6-ryzen-3-4300u-8-go-ram-256-go-ssd-francais/p7252239.htm
Lenovo ThinkBook 14s Yoga ITL - 14" - Core i5 1135G7 - 8 Go RAM - 512 Go SSD - Français,"1 056,01 ? HT","1 267,21 ? TTC",20WE0008FR,https://www.inmac-wstore.com/lenovo-thinkbook-14s-yoga-itl-14-core-i5-1135g7-8-go-ram-512-go-ssd-francais/p7252244.htm
Lenovo ThinkBook 14s Yoga ITL - 14" - Core i5 1135G7 - 8 Go RAM - 512 Go SSD - Français,"964,18 ? HT","1 157,02 ? TTC",20WE001LFR,https://www.inmac-wstore.com/lenovo-thinkbook-14s-yoga-itl-14-core-i5-1135g7-8-go-ram-512-go-ssd-francais/p7252245.htm
Lenovo ThinkPad E15 - 15.6"FHD - i5 - 16Go - 512Go SSD - W10 Pro - 3 ans sur site,"949,00 ? HT","1 138,80 ? TTC",20TD0051FR,https://www.inmac-wstore.com/lenovo-thinkpad-15-pc-portable-20td0051fr/p30056050.htm
Lenovo ThinkBook 13s G2 ITL - 13.3" - Core i7 1165G7 - 8 Go RAM - 256 Go SSD - Français,"1 021,58 ? HT","1 225,90 ? TTC",20V90008FR,https://www.inmac-wstore.com/lenovo-thinkbook-13s-g2-itl-13-3-core-i7-1165g7-8-go-ram-256-go-ssd-francais/p7252230.htm
Lenovo ThinkBook 15 G2 ARE - 15.6" - Ryzen 7 4700U - 16 Go RAM - 512 Go SSD - Français,"899,00 ? HT","1 078,80 ? TTC",20VG0008FR,https://www.inmac-wstore.com/lenovo-thinkbook-15-g2-are-15-6-ryzen-7-4700u-16-go-ram-512-go-ssd-francais/p7252240.htm
Lenovo ThinkBook 15p IMH - 15.6" - Core i7 10750H - 16 Go RAM - 512 Go SSD - Français,"1 376,26 ? HT","1 651,51 ? TTC",20V30009FR,https://www.inmac-wstore.com/lenovo-thinkbook-15p-imh-15-6-core-i7-10750h-16-go-ram-512-go-ssd-francais/p7251837.htm
Lenovo ThinkBook 15p IMH - 15.6" - Core i7 10750H - 16 Go RAM - 1 To SSD - Français,"1 603,89 ? HT","1 924,67 ? TTC",20V3000AFR,https://www.inmac-wstore.com/lenovo-thinkbook-15p-imh-15-6-core-i7-10750h-16-go-ram-1-to-ssd-francais/p7247054.htm
Lenovo ThinkBook 15 G3 ACL - 15.6" - Ryzen 3 5300U - 8 Go RAM - 256 Go SSD - Français,"690,00 ? HT","828,00 ? TTC",21A40029FR,https://www.inmac-wstore.com/lenovo-thinkbook-15-g3-acl-15-6-ryzen-3-5300u-8-go-ram-256-go-ssd-francais/p7262853.htm
Lenovo V15 IML - 15.6" - Core i5 10210U - 8 Go RAM - 256 Go SSD - Français,"662,31 ? HT","794,77 ? TTC",82NB003LFR,https://www.inmac-wstore.com/lenovo-v15-iml-15-6-core-i5-10210u-8-go-ram-256-go-ssd-francais/p7266560.htm
Lenovo V14 G2 ALC - 14" - Ryzen 3 5300U - 8 Go RAM - 256 Go SSD - Français,"541,77 ? HT","650,12 ? TTC",82KC000PFR,https://www.inmac-wstore.com/lenovo-v14-g2-alc-14-ryzen-3-5300u-8-go-ram-256-go-ssd-francais/p7266562.htm
Lenovo V14 G2 ITL - 14" - Core i3 1115G4 - 8 Go RAM - 256 Go SSD - Français,"576,22 ? HT","691,46 ? TTC",82KA001DFR,https://www.inmac-wstore.com/lenovo-v14-g2-itl-14-core-i3-1115g4-8-go-ram-256-go-ssd-francais/p7266564.htm
Lenovo V15-IIL - 15.6" - Core i5 1035G1 - 8 Go RAM - 256 Go SSD - Français,"649,00 ? HT","778,80 ? TTC",82C500A3FR,https://www.inmac-wstore.com/lenovo-v15-iil-15-6-core-i5-1035g1-8-go-ram-256-go-ssd-francais/p7217248.htm
Lenovo V17 G2 ITL - 17.3" - Core i5 1135G7 - 8 Go RAM - 256 Go SSD - Français,"765,61 ? HT","918,73 ? TTC",82NX00E1FR,https://www.inmac-wstore.com/lenovo-v17-g2-itl-17-3-core-i5-1135g7-8-go-ram-256-go-ssd-francais/p7263408.htm
Lenovo V15 G2 ITL - 15.6" - Core i5 1135G7 - 8 Go RAM - 256 Go SSD - Français,"679,00 ? HT","814,80 ? TTC",82KB000MFR,https://www.inmac-wstore.com/lenovo-v15-g2-itl-15-6-core-i5-1135g7-8-go-ram-256-go-ssd-francais/p7260351.htm
Lenovo V15 G2 ITL - 15.6" - Core i3 1115G4 - 8 Go RAM - 256 Go SSD - Français,"576,22 ? HT","691,46 ? TTC",82KB0003FR,https://www.inmac-wstore.com/lenovo-v15-g2-itl-15-6-core-i3-1115g4-8-go-ram-256-go-ssd-francais/p7261955.htm
Lenovo V15 G2 ALC - 15.6" - Ryzen 5 5500U - 8 Go RAM - 256 Go SSD - Français,"627,86 ? HT","753,43 ? TTC",82KD000HFR,https://www.inmac-wstore.com/lenovo-v15-g2-alc-15-6-ryzen-5-5500u-8-go-ram-256-go-ssd-francais/p7261956.htm
Lenovo V17 G2 ITL - 17.3" - Core i3 1115G4 - 8 Go RAM - 256 Go SSD - Français,"593,43 ? HT","712,12 ? TTC",82NX00BUFR,https://www.inmac-wstore.com/lenovo-v17-g2-itl-17-3-core-i3-1115g4-8-go-ram-256-go-ssd-francais/p7266556.htm
Lenovo V17 G2 ITL - 17.3" - Core i3 1115G4 - 8 Go RAM - 256 Go SSD - Français,"673,78 ? HT","808,54 ? TTC",82NX00CMFR,https://www.inmac-wstore.com/lenovo-v17-g2-itl-17-3-core-i3-1115g4-8-go-ram-256-go-ssd-francais/p7266557.htm
Lenovo V17 G2 ITL - 17.3" - Core i7 1165G7 - 16 Go RAM - 512 Go SSD - Français,"1 075,66 ? HT","1 290,79 ? TTC",82NX0082FR,https://www.inmac-wstore.com/lenovo-v17-g2-itl-17-3-core-i7-1165g7-16-go-ram-512-go-ssd-francais/p7266558.htm
Lenovo V14-IIL - 14" - Core i3 1005G1 - 4 Go RAM - 256 Go SSD - Français,"516,52 ? HT","619,82 ? TTC",82C400SFFR,https://www.inmac-wstore.com/lenovo-v14-iil-14-core-i3-1005g1-4-go-ram-256-go-ssd-francais/p7229739.htm
Lenovo V15 G2 ALC - 15.6" - Ryzen 5 5500U - 8 Go RAM - 256 Go SSD - Français,"565,01 ? HT","678,01 ? TTC",82KD0002FR,https://www.inmac-wstore.com/lenovo-v15-g2-alc-15-6-ryzen-5-5500u-8-go-ram-256-go-ssd-francais/p7266500.htm
Lenovo V17 G2 ITL - 17.3" - Core i5 1135G7 - 8 Go RAM - 256 Go SSD - Français,"840,45 ? HT","1 008,54 ? TTC",82NX00CHFR,https://www.inmac-wstore.com/lenovo-v17-g2-itl-17-3-core-i5-1135g7-8-go-ram-256-go-ssd-francais/p7263406.htm
Lenovo V15 G2 ALC - 15.6" - Ryzen 7 5700U - 8 Go RAM - 256 Go SSD - Français,"640,55 ? HT","768,66 ? TTC",82KD0008FR,https://www.inmac-wstore.com/lenovo-v15-g2-alc-15-6-ryzen-7-5700u-8-go-ram-256-go-ssd-francais/p7266559.htm
Lenovo ThinkPad E15 Gen 2 - 15.6" - Ryzen 3 4300U - 8 Go RAM - 256 Go SSD - Français,"700,18 ? HT","840,22 ? TTC",20T80033FR,https://www.inmac-wstore.com/lenovo-thinkpad-e15-gen-2-15-6-ryzen-3-4300u-8-go-ram-256-go-ssd-francais/p7250087.htm
Lenovo Yoga Book C930 - 10.8" - Core i5 7Y54 - 4 Go RAM - 256 Go SSD,"1 073,56 ? HT","1 288,27 ? TTC",ZA3S0009FR,https://www.inmac-wstore.com/lenovo-yoga-book-c930-10-8-core-i5-7y54-4-go-ram-256-go-ssd/p7182245.htm
Lenovo ThinkPad X1 Yoga (4th Gen) - 14" - Core i5 8265U - 8 Go RAM - 256 Go SSD - Belge,"1 767,68 ? HT","2 121,22 ? TTC",20QF00A9MB,https://www.inmac-wstore.com/lenovo-thinkpad-x1-yoga-4th-gen-14-core-i5-8265u-8-go-ram-256-go-ssd-belge/p7208783.htm
Lenovo ThinkPad L13 Yoga Gen 2 - 13.3" - Core i5 1135G7 - 8 Go RAM - 256 Go SSD - Français,"1 101,92 ? HT","1 322,30 ? TTC",20VK000VFR,https://www.inmac-wstore.com/lenovo-thinkpad-l13-yoga-gen-2-13-3-core-i5-1135g7-8-go-ram-256-go-ssd-francais/p7251964.htm
Lenovo 300e (2nd Gen) - 11.6" - 3000 Series 3015e - 4 Go RAM - 64 Go eMMC - Français,"401,88 ? HT","482,26 ? TTC",82GK0001FR,https://www.inmac-wstore.com/lenovo-300e-2nd-gen-11-6-3000-series-3015e-4-go-ram-64-go-emmc-francais/p7252252.htm
Lenovo V17 IIL - 17.3" - Core i5 1035G1 - 8 Go RAM - 256 Go SSD - Français,"732,30 ? HT","878,76 ? TTC",82GX007YFR,https://www.inmac-wstore.com/lenovo-v17-iil-17-3-core-i5-1035g1-8-go-ram-256-go-ssd-francais/p7252255.htm
Lenovo 14e Chromebook - 14" - A4 9120C - 8 Go RAM - 64 Go eMMC - Français,"367,31 ? HT","440,77 ? TTC",81MH0004FR,https://www.inmac-wstore.com/lenovo-14e-chromebook-14-a4-9120c-8-go-ram-64-go-emmc-francais/p7194335.htm
Lenovo 500e Chromebook (2nd Gen) - 11.6" - Celeron N4120 - 8 Go RAM - 64 Go eMMC - Français,"441,92 ? HT","530,30 ? TTC",81MC001FFR,https://www.inmac-wstore.com/lenovo-500e-chromebook-2nd-gen-11-6-celeron-n4120-8-go-ram-64-go-emmc-francais/p7252293.htm
Lenovo 14e Chromebook - 14" - A4 9120C - 4 Go RAM - 32 Go eMMC - Français,"369,60 ? HT","443,52 ? TTC",81MH0000FR,https://www.inmac-wstore.com/lenovo-14e-chromebook-14-a4-9120c-4-go-ram-32-go-emmc-francais/p7194337.htm
Lenovo 300e Chromebook (2nd Gen) AST - 11.6" - A4 9120C - 4 Go RAM - 32 Go eMMC - Français,"367,31 ? HT","440,77 ? TTC",82CE0001FR,https://www.inmac-wstore.com/lenovo-300e-chromebook-2nd-gen-ast-11-6-a4-9120c-4-go-ram-32-go-emmc-francais/p7222263.htm
Lenovo 10e Chromebook Tablet - 10.1" MT8183 - 4 Go RAM - 32 Go eMMC,"355,83 ? HT","427,00 ? TTC",82AM0000FR,https://www.inmac-wstore.com/lenovo-10e-chromebook-tablet-10-1-mt8183-4-go-ram-32-go-emmc/p7252300.htm
Lenovo V17 IIL - 17.3" - Core i3 1005G1 - 8 Go RAM - 256 Go SSD - Français,"545,23 ? HT","654,28 ? TTC",82GX008LFR,https://www.inmac-wstore.com/lenovo-v17-iil-17-3-core-i3-1005g1-8-go-ram-256-go-ssd-francais/p7252256.htm
Lenovo ThinkPad E15 Gen 2 - 15.6" - Ryzen 5 4500U - 16 Go RAM - 512 Go SSD - Français,"890,00 ? HT","1 068,00 ? TTC",20T8000VFR,https://www.inmac-wstore.com/lenovo-thinkpad-e15-gen-2-15-6-ryzen-5-4500u-16-go-ram-512-go-ssd-francais/p7218011.htm
Lenovo IdeaPad 3 15ADA05 - 15.6" - Ryzen 5 3500U - 8 Go RAM - 256 Go SSD - Français,"493,10 ? HT","591,72 ? TTC",81W1002EFR,https://www.inmac-wstore.com/lenovo-ideapad-3-15ada05-15-6-ryzen-5-3500u-8-go-ram-256-go-ssd-francais/p7229365.htm
Lenovo ThinkCentre M90s - SFF - Core i7 10700 2.9 GHz - vPro - 16 Go - SSD 512 Go - Français,"1 012,00 ? HT","1 214,40 ? TTC",11D6000QFR,https://www.inmac-wstore.com/lenovo-thinkcentre-m90s-sff-core-i7-10700-2-9-ghz-vpro-16-go-ssd-512-go-francais/p7261227.htm
Lenovo ThinkPad C13 Yoga Gen 1 Chromebook - 13.3" - Ryzen 3 3250C - 4 Go RAM - 128 Go SSD - Français,"711,66 ? HT","853,99 ? TTC",20UX000FFR,https://www.inmac-wstore.com/lenovo-thinkpad-c13-yoga-gen-1-chromebook-13-3-ryzen-3-3250c-4-go-ram-128-go-ssd-francais/p7252225.htm
Lenovo ThinkPad C13 Yoga Gen 1 Chromebook - 13.3" - Ryzen 5 3500C - 8 Go RAM - 128 Go SSD - Français,"803,49 ? HT","964,19 ? TTC",20UX000GFR,https://www.inmac-wstore.com/lenovo-thinkpad-c13-yoga-gen-1-chromebook-13-3-ryzen-5-3500c-8-go-ram-128-go-ssd-francais/p7252226.htm
Lenovo ThinkPad L15 Gen 1 - 15.6" - Ryzen 5 4500U - 8 Go RAM - 512 Go SSD - Français,"975,66 ? HT","1 170,79 ? TTC",20U70001FR,https://www.inmac-wstore.com/lenovo-thinkpad-l15-gen-1-15-6-ryzen-5-4500u-8-go-ram-512-go-ssd-francais/p7252220.htm
Lenovo ThinkPad E14 Gen 2 - 14" - Core i7 1165G7 - 16 Go RAM - 512 Go SSD - Français,"1 122,99 ? HT","1 347,59 ? TTC",20TA002KFR,https://www.inmac-wstore.com/lenovo-thinkpad-e14-gen-2-14-core-i7-1165g7-16-go-ram-512-go-ssd-francais/p7254209.htm
Lenovo ThinkPad X1 Yoga Gen 6 - 14" - Core i5 1135G7 - Evo - 8 Go RAM - 256 Go SSD - Français,"1 881,31 ? HT","2 257,57 ? TTC",20XY006QFR,https://www.inmac-wstore.com/lenovo-thinkpad-x1-yoga-gen-6-14-core-i5-1135g7-evo-8-go-ram-256-go-ssd-francais/p7266539.htm
Lenovo ThinkPad T14 Gen 2 - 14" - Core i5 1145G7 - vPro - 8 Go RAM - 256 Go SSD - Français,"1 440,53 ? HT","1 728,64 ? TTC",20W000B6FR,https://www.inmac-wstore.com/lenovo-thinkpad-t14-gen-2-14-core-i5-1145g7-vpro-8-go-ram-256-go-ssd-francais/p7264808.htm
Lenovo ThinkPad X12 Detachable - 12.3" - Core i5 1130G7 - 8 Go RAM - 256 Go SSD - Français,"1 663,22 ? HT","1 995,86 ? TTC",20UW0004FR,https://www.inmac-wstore.com/lenovo-thinkpad-x12-detachable-12-3-core-i5-1130g7-8-go-ram-256-go-ssd-francais/p7257609.htm
Lenovo ThinkPad C13 Yoga Gen 1 Chromebook - 13.3" - Athlon Gold 3150C - 4 Go RAM - 64 Go eMMC - Français,"654,27 ? HT","785,12 ? TTC",20UX000EFR,https://www.inmac-wstore.com/lenovo-thinkpad-c13-yoga-gen-1-chromebook-13-3-athlon-gold-3150c-4-go-ram-64-go-emmc-francais/p7252224.htm
Lenovo ThinkPad P14s Gen 2 - 14" - Core i7 1165G7 - 32 Go RAM - 1 To SSD - Français,"1 714,53 ? HT","2 057,44 ? TTC",20VX0010FR,https://www.inmac-wstore.com/lenovo-thinkpad-p14s-gen-2-14-core-i7-1165g7-32-go-ram-1-to-ssd-francais/p7263253.htm
Lenovo ThinkPad L14 Gen 1 - 14" - Core i7 10510U - 16 Go RAM - 512 Go SSD - Français,"1 829,66 ? HT","2 195,59 ? TTC",20U1001FFR,https://www.inmac-wstore.com/lenovo-thinkpad-l14-gen-1-14-core-i7-10510u-16-go-ram-512-go-ssd-francais/p7268038.htm
Lenovo ThinkBook 14 G3 ACL - 14" - Ryzen 3 5300U - 8 Go RAM - 256 Go SSD - Français,"700,18 ? HT","840,22 ? TTC",21A2002FFR,https://www.inmac-wstore.com/lenovo-thinkbook-14-g3-acl-14-ryzen-3-5300u-8-go-ram-256-go-ssd-francais/p7263259.htm
Lenovo ThinkBook 13s G3 ACN - 13.3" - Ryzen 5 5600U - 8 Go RAM - 512 Go SSD - Français,"921,53 ? HT","1 105,84 ? TTC",20YA0002FR,https://www.inmac-wstore.com/lenovo-thinkbook-13s-g3-acn-13-3-ryzen-5-5600u-8-go-ram-512-go-ssd-francais/p7263255.htm
Lenovo ThinkPad 11e Yoga Gen 6 - 11.6" - Core i5 8200Y - 8 Go RAM - 256 Go SSD - Français,"906,80 ? HT","1 088,16 ? TTC",20SF0002FR,https://www.inmac-wstore.com/lenovo-thinkpad-11e-yoga-gen-6-11-6-core-i5-8200y-8-go-ram-256-go-ssd-francais/p7252258.htm
Lenovo ThinkPad X13 Yoga Gen 2 - 13.3" - Core i5 1135G7 - 8 Go RAM - 512 Go SSD - Français,"1 503,67 ? HT","1 804,40 ? TTC",20W8003HFR,https://www.inmac-wstore.com/lenovo-thinkpad-x13-yoga-gen-2-13-3-core-i5-1135g7-8-go-ram-512-go-ssd-francais/p7266528.htm
Lenovo ThinkPad X1 Nano Gen 1 - 13" - Core i5 1130G7 - 16 Go RAM - 512 Go SSD - Français,"1 970,84 ? HT","2 365,01 ? TTC",20UN002JFR,https://www.inmac-wstore.com/lenovo-thinkpad-x1-nano-gen-1-13-core-i5-1130g7-16-go-ram-512-go-ssd-francais/p7257582.htm
Lenovo ThinkPad X13 Gen 1 - 13.3" - Core i5 10210U - 8 Go RAM - 512 Go SSD - Français,"1 492,19 ? HT","1 790,63 ? TTC",20T20052FR,https://www.inmac-wstore.com/lenovo-thinkpad-x13-gen-1-13-3-core-i5-10210u-8-go-ram-512-go-ssd-francais/p7252217.htm
Lenovo ThinkPad X1 Yoga Gen 6 - 14" - Core i5 1135G7 - Evo - 16 Go RAM - 512 Go SSD - Français,"1 996,43 ? HT","2 395,72 ? TTC",20XY003HFR,https://www.inmac-wstore.com/lenovo-thinkpad-x1-yoga-gen-6-14-core-i5-1135g7-evo-16-go-ram-512-go-ssd-francais/p7266533.htm
Lenovo ThinkPad X1 Carbon Gen 9 - 14" - Core i5 1135G7 - Evo - 8 Go RAM - 256 Go SSD - Français,"1 709,14 ? HT","2 050,97 ? TTC",20XW0086FR,https://www.inmac-wstore.com/lenovo-thinkpad-x1-carbon-gen-9-14-core-i5-1135g7-evo-8-go-ram-256-go-ssd-francais/p7265420.htm
Lenovo ThinkPad X13 Yoga Gen 2 - 13.3" - Core i5 1135G7 - 16 Go RAM - 512 Go SSD - Français,"1 578,28 ? HT","1 893,94 ? TTC",20W8003GFR,https://www.inmac-wstore.com/lenovo-thinkpad-x13-yoga-gen-2-13-3-core-i5-1135g7-16-go-ram-512-go-ssd-francais/p7264436.htm
Lenovo ThinkPad T14s Gen 1 - 14" - Ryzen 5 Pro 4650U - 16 Go RAM - 512 Go SSD - Français,"1 499,22 ? HT","1 799,06 ? TTC",20UH003HFR,https://www.inmac-wstore.com/lenovo-thinkpad-t14s-gen-1-14-ryzen-5-pro-4650u-16-go-ram-512-go-ssd-francais/p7266530.htm
Lenovo ThinkBook 14 G3 ACL - 14" - Ryzen 7 5700U - 16 Go RAM - 512 Go SSD - Français,"1 009,76 ? HT","1 211,71 ? TTC",21A20005FR,https://www.inmac-wstore.com/lenovo-thinkbook-14-g3-acl-14-ryzen-7-5700u-16-go-ram-512-go-ssd-francais/p7263267.htm
Lenovo ThinkPad X13 Yoga Gen 1 - 13.3" - Core i5 10210U - 8 Go RAM - 256 Go SSD - Français,"1 480,72 ? HT","1 776,86 ? TTC",20SX0001FR,https://www.inmac-wstore.com/lenovo-thinkpad-x13-yoga-gen-1-13-3-core-i5-10210u-8-go-ram-256-go-ssd-francais/p7218839.htm
Lenovo ThinkPad X1 Yoga Gen 6 - 14" - Core i7 1165G7 - Evo - 16 Go RAM - 512 Go SSD - Français,"2 058,42 ? HT","2 470,10 ? TTC",20XY004DFR,https://www.inmac-wstore.com/lenovo-thinkpad-x1-yoga-gen-6-14-core-i7-1165g7-evo-16-go-ram-512-go-ssd-francais/p7266536.htm
Lenovo - ThinkPad (PC portable),"1 566,80 ? HT","1 880,16 ? TTC",20T0004PFR,https://www.inmac-wstore.com/lenovo-thinkpad-pc-portable-pc-portable-20t0004pfr/p7271845.htm
Lenovo ThinkPad P17 Gen 1 - 17.3" - Core i7 10875H - vPro - 32 Go RAM - 1 To SSD - Français,"3 914,14 ? HT","4 696,97 ? TTC",20SN0017FR,https://www.inmac-wstore.com/lenovo-thinkpad-p17-gen-1-17-3-core-i7-10875h-vpro-32-go-ram-1-to-ssd-francais/p7222273.htm
Lenovo ThinkBook Plus G2 ITG - 13.3" - Core i5 1130G7 - Evo - 16 Go RAM - 512 Go SSD - Français - avec concentrateur USB-C 3-en-1 Lenovo,"1 628,65 ? HT","1 954,38 ? TTC",20WH000HFR,https://www.inmac-wstore.com/lenovo-thinkbook-plus-g2-itg-13-3-core-i5-1130g7-evo-16-go-ram-512-go-ssd-francais-avec-concentrateur-usb-c-3-en-1-lenovo/p7263268.htm
Lenovo ThinkPad E15 Gen 3 - 15.6" - Ryzen 7 5700U - 8 Go RAM - 512 Go SSD - Français,"992,88 ? HT","1 191,46 ? TTC",20YG000HFR,https://www.inmac-wstore.com/lenovo-thinkpad-e15-gen-3-15-6-ryzen-7-5700u-8-go-ram-512-go-ssd-francais/p7263270.htm
Lenovo ThinkBook 16p G2 ACH - 16" - Ryzen 7 5800H - 16 Go RAM - 1 To SSD - Français,"1 628,31 ? HT","1 953,97 ? TTC",20YM0009FR,https://www.inmac-wstore.com/lenovo-thinkbook-16p-g2-ach-16-ryzen-7-5800h-16-go-ram-1-to-ssd-francais/p7263273.htm
Lenovo ThinkPad E15 Gen 2 - 15.6" - Ryzen 7 4700U - 8 Go RAM - 512 Go SSD - Français,"949,00 ? HT","1 138,80 ? TTC",20T8000UFR,https://www.inmac-wstore.com/lenovo-thinkpad-e15-gen-2-15-6-ryzen-7-4700u-8-go-ram-512-go-ssd-francais/p7261220.htm
Lenovo ThinkPad E15 Gen 3 - 15.6" - Ryzen 3 5300U - 8 Go RAM - 256 Go SSD - Français,"734,61 ? HT","881,53 ? TTC",20YG002XFR,https://www.inmac-wstore.com/lenovo-thinkpad-e15-gen-3-15-6-ryzen-3-5300u-8-go-ram-256-go-ssd-francais/p7263258.htm
Lenovo ThinkPad L14 Gen 1 - 14" - Ryzen 5 4500U - 8 Go RAM - 512 Go SSD - Français,"975,67 ? HT","1 170,80 ? TTC",20U50005FR,https://www.inmac-wstore.com/lenovo-thinkpad-l14-gen-1-14-ryzen-5-4500u-8-go-ram-512-go-ssd-francais/p7252219.htm
Lenovo ThinkPad X1 Yoga Gen 5 - 14" - Core i7 10510U - 16 Go RAM - 512 Go SSD - Français,"1 991,50 ? HT","2 389,80 ? TTC",20UB0020FR,https://www.inmac-wstore.com/lenovo-thinkpad-x1-yoga-gen-5-14-core-i7-10510u-16-go-ram-512-go-ssd-francais/p7252221.htm
Lenovo ThinkPad L13 Gen 2 - 13.3" - Core i5 1135G7 - 8 Go RAM - 256 Go SSD - Français,"949,26 ? HT","1 139,11 ? TTC",20VH0016FR,https://www.inmac-wstore.com/lenovo-thinkpad-l13-gen-2-13-3-core-i5-1135g7-8-go-ram-256-go-ssd-francais/p7252242.htm
Lenovo ThinkPad E15 Gen 2 - 15.6" - Core i7 1165G7 - 16 Go RAM - 512 Go SSD - Français,"1 049,00 ? HT","1 258,80 ? TTC",20TD001JFR,https://www.inmac-wstore.com/lenovo-thinkpad-e15-gen-2-15-6-core-i7-1165g7-16-go-ram-512-go-ssd-francais/p7254612.htm
Lenovo ThinkPad E15 Gen 2 - 15.6" - Ryzen 5 4500U - 8 Go RAM - 512 Go SSD - Français,"843,66 ? HT","1 012,39 ? TTC",20T8000LFR,https://www.inmac-wstore.com/lenovo-thinkpad-e15-gen-2-15-6-ryzen-5-4500u-8-go-ram-512-go-ssd-francais/p7255304.htm
Lenovo ThinkPad T15p Gen 1 - 15.6" - Core i5 10300H - 8 Go RAM - 512 Go SSD,"1 044,43 ? HT","1 253,32 ? TTC",20TMS0AB00,https://www.inmac-wstore.com/lenovo-thinkpad-t15p-gen-1-15-6-core-i5-10300h-8-go-ram-512-go-ssd/p7253211.htm
Lenovo ThinkPad T15p Gen 1 - 15.6" - Core i7 10750H - 32 Go RAM - 1 To SSD,"1 480,57 ? HT","1 776,68 ? TTC",20TMS09W00,https://www.inmac-wstore.com/lenovo-thinkpad-t15p-gen-1-15-6-core-i7-10750h-32-go-ram-1-to-ssd/p7253315.htm
Lenovo ThinkPad X13 Yoga Gen 2 - 13.3" - Core i7 1165G7 - 16 Go RAM - 512 Go SSD - Français,"1 693,07 ? HT","2 031,68 ? TTC",20W8003JFR,https://www.inmac-wstore.com/lenovo-thinkpad-x13-yoga-gen-2-13-3-core-i7-1165g7-16-go-ram-512-go-ssd-francais/p7266537.htm
Lenovo ThinkPad X1 Fold Gen 1 - 13.3" - Core i5 L16G7 - 8 Go RAM - 512 Go SSD - Français,"2 984,73 ? HT","3 581,68 ? TTC",20RL000YFR,https://www.inmac-wstore.com/lenovo-thinkpad-x1-fold-gen-1-13-3-core-i5-l16g7-8-go-ram-512-go-ssd-francais/p7266538.htm
Lenovo ThinkPad X12 Detachable - 12.3" - Core i5 1130G7 - 8 Go RAM - 256 Go SSD - Français,"1 750,45 ? HT","2 100,54 ? TTC",20UW002EFR,https://www.inmac-wstore.com/lenovo-thinkpad-x12-detachable-12-3-core-i5-1130g7-8-go-ram-256-go-ssd-francais/p7266531.htm
Lenovo ThinkPad L13 Gen 2 - 13.3" - Core i3 1115G4 - 8 Go RAM - 256 Go SSD - Français,"891,88 ? HT","1 070,26 ? TTC",20VH004NFR,https://www.inmac-wstore.com/lenovo-thinkpad-l13-gen-2-13-3-core-i3-1115g4-8-go-ram-256-go-ssd-francais/p7266532.htm
Lenovo ThinkPad X13 Gen 2 - 13.3" - Core i5 1135G7 - Evo - 8 Go RAM - 512 Go SSD - Français,"1 349,86 ? HT","1 619,83 ? TTC",20WK00A8FR,https://www.inmac-wstore.com/lenovo-thinkpad-x13-gen-2-13-3-core-i5-1135g7-evo-8-go-ram-512-go-ssd-francais/p7266534.htm
Lenovo ThinkPad X1 Carbon Gen 9 - 14" - Core i7 1165G7 - Evo - 16 Go RAM - 512 Go SSD - Français,"2 140,73 ? HT","2 568,88 ? TTC",20XW009QFR,https://www.inmac-wstore.com/lenovo-thinkpad-x1-carbon-gen-9-14-core-i7-1165g7-evo-16-go-ram-512-go-ssd-francais/p7266535.htm
Lenovo ThinkPad X13 Gen 1 - 13.3" - Ryzen 5 Pro 4650U - 8 Go RAM - 256 Go SSD - Français,"1 240,82 ? HT","1 488,98 ? TTC",20UF003HFR,https://www.inmac-wstore.com/lenovo-thinkpad-x13-gen-1-13-3-ryzen-5-pro-4650u-8-go-ram-256-go-ssd-francais/p7266529.htm
Lenovo ThinkPad X1 Carbon Gen 9 - 14" - Core i5 1145G7 - 8 Go RAM - 256 Go SSD - Français,"1 761,93 ? HT","2 114,32 ? TTC",20XX0027FR,https://www.inmac-wstore.com/lenovo-thinkpad-x1-carbon-gen-9-14-core-i5-1145g7-8-go-ram-256-go-ssd-francais/p7265421.htm
Lenovo ThinkPad X1 Carbon Gen 9 - 14" - Core i5 1135G7 - Evo - 16 Go RAM - 512 Go SSD - Français,"1 831,15 ? HT","2 197,38 ? TTC",20XW004YFR,https://www.inmac-wstore.com/lenovo-thinkpad-x1-carbon-gen-9-14-core-i5-1135g7-evo-16-go-ram-512-go-ssd-francais/p7266487.htm
Lenovo ThinkPad X1 Carbon Gen 9 - 14" - Core i7 1165G7 - Evo - 16 Go RAM - 512 Go SSD - Français,"1 945,59 ? HT","2 334,71 ? TTC",20XW009PFR,https://www.inmac-wstore.com/lenovo-thinkpad-x1-carbon-gen-9-14-core-i7-1165g7-evo-16-go-ram-512-go-ssd-francais/p7265133.htm
Lenovo ThinkPad L14 Gen 2 - 14" - Core i5 1135G7 - 8 Go RAM - 256 Go SSD - Français,"1 029,61 ? HT","1 235,53 ? TTC",20X1006AFR,https://www.inmac-wstore.com/lenovo-thinkpad-l14-gen-2-14-core-i5-1135g7-8-go-ram-256-go-ssd-francais/p7265416.htm
Lenovo ThinkPad L14 Gen 2 - 14" - Core i5 1145G7 - 8 Go RAM - 256 Go SSD - Français,"1 201,78 ? HT","1 442,14 ? TTC",20X1006MFR,https://www.inmac-wstore.com/lenovo-thinkpad-l14-gen-2-14-core-i5-1145g7-8-go-ram-256-go-ssd-francais/p7265417.htm
Lenovo ThinkPad E15 Gen 3 - 15.6" - Ryzen 5 5500U - 8 Go RAM - 512 Go SSD - Français,"855,14 ? HT","1 026,17 ? TTC",20YG003SFR,https://www.inmac-wstore.com/lenovo-thinkpad-e15-gen-3-15-6-ryzen-5-5500u-8-go-ram-512-go-ssd-francais/p7265418.htm
Lenovo ThinkPad T14s Gen 1 - 14" - Ryzen 7 Pro 4750U - 16 Go RAM - 512 Go SSD - Français,"1 613,86 ? HT","1 936,63 ? TTC",20UH003CFR,https://www.inmac-wstore.com/lenovo-thinkpad-t14s-gen-1-14-ryzen-7-pro-4750u-16-go-ram-512-go-ssd-francais/p7264804.htm
Lenovo ThinkPad T14s Gen 1 - 14" - Ryzen 5 Pro 4650U - 8 Go RAM - 256 Go SSD - Français,"1 337,36 ? HT","1 604,83 ? TTC",20UJ001PFR,https://www.inmac-wstore.com/lenovo-thinkpad-t14s-gen-1-14-ryzen-5-pro-4650u-8-go-ram-256-go-ssd-francais/p7264805.htm
Lenovo ThinkPad T14 Gen 1 - 14" - Ryzen 5 Pro 4650U - 8 Go RAM - 512 Go SSD - Français,"1 360,19 ? HT","1 632,23 ? TTC",20UD004GFR,https://www.inmac-wstore.com/lenovo-thinkpad-t14-gen-1-14-ryzen-5-pro-4650u-8-go-ram-512-go-ssd-francais/p7264806.htm
Lenovo ThinkPad X12 Detachable - 12.3" - Core i3 1110G4 - 8 Go RAM - 256 Go SSD - Français,"1 520,89 ? HT","1 825,07 ? TTC",20UW002CFR,https://www.inmac-wstore.com/lenovo-thinkpad-x12-detachable-12-3-core-i3-1110g4-8-go-ram-256-go-ssd-francais/p7266541.htm
Lenovo ThinkPad X1 Fold Gen 1 - 13.3" - Core i5 L16G7 - 8 Go RAM - 512 Go SSD - Français,"3 214,30 ? HT","3 857,16 ? TTC",20RL000VFR,https://www.inmac-wstore.com/lenovo-thinkpad-x1-fold-gen-1-13-3-core-i5-l16g7-8-go-ram-512-go-ssd-francais/p7266542.htm
Lenovo ThinkPad L13 Gen 2 - 13.3" - Core i5 1135G7 - 8 Go RAM - 256 Go SSD - Français,"1 006,66 ? HT","1 207,99 ? TTC",20VH004PFR,https://www.inmac-wstore.com/lenovo-thinkpad-l13-gen-2-13-3-core-i5-1135g7-8-go-ram-256-go-ssd-francais/p7266543.htm
Lenovo ThinkPad L15 Gen 2 - 15.6" - Core i5 1135G7 - 8 Go RAM - 256 Go SSD - Français,"1 029,61 ? HT","1 235,53 ? TTC",20X3006VFR,https://www.inmac-wstore.com/lenovo-thinkpad-l15-gen-2-15-6-core-i5-1135g7-8-go-ram-256-go-ssd-francais/p7266544.htm
Lenovo ThinkPad L13 Yoga Gen 2 - 13.3" - Core i3 1115G4 - 8 Go RAM - 256 Go SSD - Français,"1 029,61 ? HT","1 235,53 ? TTC",20VK0048FR,https://www.inmac-wstore.com/lenovo-thinkpad-l13-yoga-gen-2-13-3-core-i3-1115g4-8-go-ram-256-go-ssd-francais/p7266545.htm
Lenovo ThinkPad X1 Carbon Gen 9 - 14" - Core i5 1135G7 - Evo - 16 Go RAM - 512 Go SSD - Français,"2 029,39 ? HT","2 435,27 ? TTC",20XW006TFR,https://www.inmac-wstore.com/lenovo-thinkpad-x1-carbon-gen-9-14-core-i5-1135g7-evo-16-go-ram-512-go-ssd-francais/p7266546.htm
Lenovo ThinkPad L14 Gen 2 - 14" - Core i7 1165G7 - 8 Go RAM - 512 Go SSD - Français,"1 193,41 ? HT","1 432,09 ? TTC",20X1006BFR,https://www.inmac-wstore.com/lenovo-thinkpad-l14-gen-2-14-core-i7-1165g7-8-go-ram-512-go-ssd-francais/p7266547.htm
Lenovo ThinkPad L15 Gen 2 - 15.6" - Core i7 1165G7 - 8 Go RAM - 512 Go SSD - Français,"1 193,41 ? HT","1 432,09 ? TTC",20X3006WFR,https://www.inmac-wstore.com/lenovo-thinkpad-l15-gen-2-15-6-core-i7-1165g7-8-go-ram-512-go-ssd-francais/p7266548.htm
Lenovo ThinkPad X13 Gen 2 - 13.3" - Core i7 1165G7 - Evo - 16 Go RAM - 512 Go SSD - Français,"1 544,99 ? HT","1 853,99 ? TTC",20WK00AAFR,https://www.inmac-wstore.com/lenovo-thinkpad-x13-gen-2-13-3-core-i7-1165g7-evo-16-go-ram-512-go-ssd-francais/p7266549.htm
Lenovo ThinkPad X1 Extreme Gen 3 - 15.6" - Core i7 10750H - 16 Go RAM - 512 Go SSD - Français,"2 152,55 ? HT","2 583,06 ? TTC",20TK000HFR,https://www.inmac-wstore.com/lenovo-thinkpad-x1-extreme-gen-3-15-6-core-i7-10750h-16-go-ram-512-go-ssd-francais/p7266550.htm
Lenovo ThinkPad T14s Gen 2 - 14" - Core i7 1165G7 - Evo - 16 Go RAM - 512 Go SSD - Français,"1 694,35 ? HT","2 033,22 ? TTC",20WM00APFR,https://www.inmac-wstore.com/lenovo-thinkpad-t14s-gen-2-14-core-i7-1165g7-evo-16-go-ram-512-go-ssd-francais/p7266551.htm
Lenovo ThinkPad X12 Detachable - 12.3" - Core i7 1160G7 - 16 Go RAM - 512 Go SSD - Français,"1 865,24 ? HT","2 238,29 ? TTC",20UW002DFR,https://www.inmac-wstore.com/lenovo-thinkpad-x12-detachable-12-3-core-i7-1160g7-16-go-ram-512-go-ssd-francais/p7266552.htm
Lenovo ThinkPad L13 Yoga Gen 2 - 13.3" - Core i5 1135G7 - 8 Go RAM - 256 Go SSD - Français,"1 144,40 ? HT","1 373,28 ? TTC",20VK0049FR,https://www.inmac-wstore.com/lenovo-thinkpad-l13-yoga-gen-2-13-3-core-i5-1135g7-8-go-ram-256-go-ssd-francais/p7266553.htm
Lenovo ThinkPad L15 Gen 2 - 15.6" - Core i5 1145G7 - 8 Go RAM - 256 Go SSD - Français,"1 201,44 ? HT","1 441,73 ? TTC",20X30073FR,https://www.inmac-wstore.com/lenovo-thinkpad-l15-gen-2-15-6-core-i5-1145g7-8-go-ram-256-go-ssd-francais/p7266554.htm
Lenovo ThinkPad L15 Gen 2 - 15.6" - Ryzen 5 5600U - 8 Go RAM - 512 Go SSD - Français,"1 063,66 ? HT","1 276,39 ? TTC",20X7005QFR,https://www.inmac-wstore.com/lenovo-thinkpad-l15-gen-2-15-6-ryzen-5-5600u-8-go-ram-512-go-ssd-francais/p7266555.htm
Lenovo ThinkPad X1 Yoga Gen 5 - 14" - Core i7 10510U - 16 Go RAM - 512 Go SSD - Français,"1 927,23 ? HT","2 312,68 ? TTC",20UB0004FR,https://www.inmac-wstore.com/lenovo-thinkpad-x1-yoga-gen-5-14-core-i7-10510u-16-go-ram-512-go-ssd-francais/p7222284.htm
Lenovo ThinkPad X13 Gen 1 - 13.3" - Ryzen 5 Pro 4650U - 8 Go RAM - 256 Go SSD - Français,"1 153,58 ? HT","1 384,30 ? TTC",20UF000FFR,https://www.inmac-wstore.com/lenovo-thinkpad-x13-gen-1-13-3-ryzen-5-pro-4650u-8-go-ram-256-go-ssd-francais/p7222285.htm
Lenovo ThinkPad X1 Carbon Gen 8 - 14" - Core i7 10510U - 16 Go RAM - 512 Go SSD - Français,"1 790,00 ? HT","2 148,00 ? TTC",20U90006FR,https://www.inmac-wstore.com/lenovo-thinkpad-x1-carbon-gen-8-14-core-i7-10510u-16-go-ram-512-go-ssd-francais/p7250500.htm
Lenovo ThinkPad T14 Gen 1 - 14" - Ryzen 5 Pro 4650U - 8 Go RAM - 512 Go SSD - Français,"1 261,48 ? HT","1 513,78 ? TTC",20UD001BFR,https://www.inmac-wstore.com/lenovo-thinkpad-t14-gen-1-14-ryzen-5-pro-4650u-8-go-ram-512-go-ssd-francais/p7251845.htm
Lenovo ThinkPad L13 Yoga Gen 2 - 13.3" - Core i3 1115G4 - 8 Go RAM - 256 Go SSD - Français,"953,15 ? HT","1 143,78 ? TTC",20VK001JFR,https://www.inmac-wstore.com/lenovo-thinkpad-l13-yoga-gen-2-13-3-core-i3-1115g4-8-go-ram-256-go-ssd-francais/p7252046.htm
Lenovo ThinkPad X13 Yoga Gen 1 - 13.3" - Core i5 10210U - 16 Go RAM - 512 Go SSD - Français,"1 555,32 ? HT","1 866,38 ? TTC",20SX0003FR,https://www.inmac-wstore.com/lenovo-thinkpad-x13-yoga-gen-1-13-3-core-i5-10210u-16-go-ram-512-go-ssd-francais/p7218840.htm
Lenovo ThinkPad X13 Yoga Gen 1 - 13.3" - Core i7 10510U - 16 Go RAM - 512 Go SSD - Français,"1 663,23 ? HT","1 995,88 ? TTC",20SX0004FR,https://www.inmac-wstore.com/lenovo-thinkpad-x13-yoga-gen-1-13-3-core-i7-10510u-16-go-ram-512-go-ssd-francais/p7218841.htm
Lenovo ThinkPad X1 Carbon Gen 8 - 14" - Core i5 10210U - 16 Go RAM - 512 Go SSD - Français,"1 716,02 ? HT","2 059,22 ? TTC",20U90004FR,https://www.inmac-wstore.com/lenovo-thinkpad-x1-carbon-gen-8-14-core-i5-10210u-16-go-ram-512-go-ssd-francais/p7219848.htm
Lenovo - ThinkPad (PC portable),"1 136,36 ? HT","1 363,63 ? TTC",20LTS50100,https://www.inmac-wstore.com/lenovo-thinkpad-pc-portable-pc-portable-20lts50100/p30032194.htm
Lenovo - ThinkPad (PC portable),"1 704,55 ? HT","2 045,46 ? TTC",20MXS04M00,https://www.inmac-wstore.com/lenovo-thinkpad-pc-portable-pc-portable-20mxs04m00/p30034295.htm
Lenovo - 15.6" - Ryzen 3 5300U - 8 Go RAM - 256 Go SSD,"711,66 ? HT","853,99 ? TTC",20YG004XFR,https://www.inmac-wstore.com/lenovo-15-6-ryzen-3-5300u-8-go-ram-256-go-ssd/p7271779.htm
Lenovo ThinkPad T14s Gen 2 - 14" - Core i5 1135G7 - Evo - 8 Go RAM - 512 Go SSD - Français,"1 510,69 ? HT","1 812,83 ? TTC",20WM00AFFR,https://www.inmac-wstore.com/lenovo-thinkpad-t14s-gen-2-14-core-i5-1135g7-evo-8-go-ram-512-go-ssd-francais/p7266540.htm
Lenovo ThinkBook 15 G3 ACL - 15.6" - Ryzen 7 5700U - 16 Go RAM - 512 Go SSD - Français,"1 009,76 ? HT","1 211,71 ? TTC",21A40007FR,https://www.inmac-wstore.com/lenovo-thinkbook-15-g3-acl-15-6-ryzen-7-5700u-16-go-ram-512-go-ssd-francais/p7263274.htm
Lenovo ThinkPad E14 Gen 2 - 14" - Core i3 1115G4 - 8 Go RAM - 256 Go SSD - Français,"764,47 ? HT","917,36 ? TTC",20TA001UFR,https://www.inmac-wstore.com/lenovo-thinkpad-e14-gen-2-14-core-i3-1115g4-8-go-ram-256-go-ssd-francais/p7255019.htm
Lenovo ThinkPad E15 Gen 3 - 15.6" - Ryzen 7 5700U - 8 Go RAM - 512 Go SSD - Français,"969,92 ? HT","1 163,90 ? TTC",20YG003WFR,https://www.inmac-wstore.com/lenovo-thinkpad-e15-gen-3-15-6-ryzen-7-5700u-8-go-ram-512-go-ssd-francais/p7265419.htm
Lenovo ThinkPad T14 Gen 1 - 14" - Core i5 10310U - vPro - 8 Go RAM - 256 Go SSD - Français,"1 345,50 ? HT","1 614,60 ? TTC",20S00007FR,https://www.inmac-wstore.com/lenovo-thinkpad-t14-gen-1-14-core-i5-10310u-vpro-8-go-ram-256-go-ssd-francais/p7222264.htm
Lenovo ThinkBook 14 G3 ACL - 14" - Ryzen 5 5500U - 8 Go RAM - 512 Go SSD - Français,"814,97 ? HT","977,96 ? TTC",21A2002GFR,https://www.inmac-wstore.com/lenovo-thinkbook-14-g3-acl-14-ryzen-5-5500u-8-go-ram-512-go-ssd-francais/p7263264.htm
Lenovo ThinkPad 11e Yoga Gen 6 - 11.6" - Core m3 8100Y - 8 Go RAM - 256 Go SSD - Français,"792,01 ? HT","950,41 ? TTC",20SF0000FR,https://www.inmac-wstore.com/lenovo-thinkpad-11e-yoga-gen-6-11-6-core-m3-8100y-8-go-ram-256-go-ssd-francais/p7252257.htm
Lenovo ThinkPad T15 Gen 2 - 15.6" - Core i5 1135G7 - 8 Go RAM - 256 Go SSD - Français,"1 405,17 ? HT","1 686,20 ? TTC",20W40091FR,https://www.inmac-wstore.com/lenovo-thinkpad-t15-gen-2-15-6-core-i5-1135g7-8-go-ram-256-go-ssd-francais/p7264801.htm
Lenovo ThinkPad X1 Yoga Gen 5 - 14" - Core i5 10210U - 8 Go RAM - 256 Go SSD - Français,"1 766,52 ? HT","2 119,82 ? TTC",20UB0002FR,https://www.inmac-wstore.com/lenovo-thinkpad-x1-yoga-gen-5-14-core-i5-10210u-8-go-ram-256-go-ssd-francais/p7217205.htm
Lenovo ThinkPad T15 Gen 2 - 15.6" - Core i5 1145G7 - 8 Go RAM - 256 Go SSD - Français,"1 440,67 ? HT","1 728,80 ? TTC",20W40092FR,https://www.inmac-wstore.com/lenovo-thinkpad-t15-gen-2-15-6-core-i5-1145g7-8-go-ram-256-go-ssd-francais/p7264802.htm
Lenovo ThinkPad T14 Gen 2 - 14" - Core i5 1135G7 - 8 Go RAM - 256 Go SSD - Français,"1 360,19 ? HT","1 632,23 ? TTC",20W000B7FR,https://www.inmac-wstore.com/lenovo-thinkpad-t14-gen-2-14-core-i5-1135g7-8-go-ram-256-go-ssd-francais/p7264807.htm
