Title,Price excl. btw,price incl. btw,Code,product_href
Lenovo ThinkSmart Hub All-in-one pc - Zwart,"1.951,-
       ","2.360,71",11H10002MB,https://www.centralpoint.be/nl/all-in-one-pcs-workstations/lenovo/hub-art-11h10002mb-num-12164400/
Lenovo ThinkSmart HUB 500 All-in-one pc - Zwart,"1.683,-
       ","2.036,43",10V50002NX,https://www.centralpoint.be/nl/all-in-one-pcs-workstations/lenovo/hub-500-art-10v50002nx-num-11132572/
Lenovo V30a All-in-one pc - Zwart,"709,-
       ","857,89",11LA000PMB,https://www.centralpoint.be/nl/all-in-one-pcs-workstations/lenovo/v30a-art-11la000pmb-num-12107084/
Lenovo ThinkCentre M90a All-in-one pc - Zwart,"898,-
       ","1.086,58",11CD004RMB,https://www.centralpoint.be/nl/all-in-one-pcs-workstations/lenovo/dt-m-aio-m90a-i5-10500-8gb-512gb-w10p-art-11cd004rmb-num-12224735/
Lenovo ThinkCentre M820z All-in-one pc - Zwart,"954,-
       ","1.154,34",10SC002WMB,https://www.centralpoint.be/nl/all-in-one-pcs-workstations/lenovo/m820z-art-10sc002wmb-num-10316373/
Lenovo ThinkCentre M90a All-in-one pc - Zwart,"1.050,-
       ","1.270,50",11CD005NMB,https://www.centralpoint.be/nl/all-in-one-pcs-workstations/lenovo/dt-m-aio-m90a-i7-10700-16gb-512gb-w10p-art-11cd005nmb-num-12224738/
Lenovo ThinkCentre M90a All-in-one pc - Zwart,"1.141,-
       ","1.380,61",11CD004MMB,https://www.centralpoint.be/nl/all-in-one-pcs-workstations/lenovo/tc-m90a-i5-10500-8gb-256gb-w10p-art-11cd004mmb-num-12203695/
Lenovo ThinkSmart Hub All-in-one pc - Zwart,"1.901,-
       ","2.300,21",11H30002MB,https://www.centralpoint.be/nl/all-in-one-pcs-workstations/lenovo/hub-art-11h30002mb-num-12102534/
Lenovo ThinkCentre M720 i3 8GB RAM 256GB SSD Pc - Zwart,"547,-
       ","661,87",10ST002YMB,https://www.centralpoint.be/nl/pcs-werkstations/lenovo/m720-i3-8gb-ram-256gb-ssd-art-10st002ymb-num-7791631/
Lenovo ThinkCentre M720t i5 8GB RAM 256GB SSD Pc - Zwart,"661,-
       ","799,81",10SQ002GMB,https://www.centralpoint.be/nl/pcs-werkstations/lenovo/m720t-i5-8gb-ram-256gb-ssd-art-10sq002gmb-num-7791625/
Lenovo ThinkStation P520c Xeon W-2123 16GB RAM 256GB SSD Pc - Zwart,"1.279,-
       ","1.547,59",30BX000MMB,https://www.centralpoint.be/nl/pcs-werkstations/lenovo/p520c-xeon-w-2123-16gb-ram-256gb-ssd-art-30bx000mmb-num-7287825/
Lenovo P520c Xeon W-2125 16GB RAM 256GB SSD + 1TB HDD Pc - Zwart,"1.533,-
       ","1.854,93",30BX000RMB,https://www.centralpoint.be/nl/pcs-werkstations/lenovo/p520c-xeon-w-2125-16gb-ram-256gb-ssd-plus-1tb-hdd-art-30bx000rmb-num-7806783/
Lenovo ThinkCentre M920s i5 8GB RAM 256GB SSD Pc - Zwart,"819,-
       ","990,99",10SJ001JMB,https://www.centralpoint.be/nl/pcs-werkstations/lenovo/m920s-i5-8gb-ram-256gb-ssd-art-10sj001jmb-num-7742183/
Lenovo M83 Tiny\i5-4590T\4G\500G\W7P+81COA+RDVD Pc - Zwart,"645,-
       ","780,45",10E90001MB,https://www.centralpoint.be/nl/pcs-werkstations/lenovo/m83-tinyi5-4590t4g500gw7p-plus-81coa-plus-rdvd-art-10e90001mb-num-3196163/
Lenovo ThinkCentre M630e i3 4GB RAM 128GB SSD Pc - Zwart,"357,-
       ","431,97",10YM0028MB,https://www.centralpoint.be/nl/pcs-werkstations/lenovo/thinkcentre-m630e-i3-4gb-ram-128gb-ssd-art-10ym0028mb-num-8304693/
Lenovo V35s Pc - Zwart,"381,-
       ","461,01",11HF001WMB,https://www.centralpoint.be/nl/pcs-werkstations/lenovo/ts-desktop-ln-v35s-07ada-a33250u-8g-n-w1-art-11hf001wmb-num-11733203/
Lenovo V50s Pc - Zwart,"436,-
       ","527,56",11EF0017MB,https://www.centralpoint.be/nl/pcs-werkstations/lenovo/v50s-art-11ef0017mb-num-11735161/
Lenovo V35s Pc - Zwart,"444,-
       ","537,24",11HF000UMB,https://www.centralpoint.be/nl/pcs-werkstations/lenovo/v35s-sff-r-5-3500u-8gb-256gb-w10p-art-11hf000umb-num-11391404/
Lenovo ThinkCentre M70s Pc - Zwart,"447,-
       ","540,87",11EX000JMB,https://www.centralpoint.be/nl/pcs-werkstations/lenovo/thinkcentre-m70s-i3-10100-8gb-256gb-w10p-art-11ex000jmb-num-12212539/
Lenovo ThinkSmart Bar Pc's/werkstations,"455,-
       ","550,55",11RTZ9ATGE,https://www.centralpoint.be/nl/pcs-werkstations/lenovo/lenovo-thinksmart-bar-art-11rtz9atge-num-12211675/
Lenovo V35s Pc - Zwart,"414,-
       ","500,94",11HF001YMB,https://www.centralpoint.be/nl/pcs-werkstations/lenovo/v35s-amd-dali-sff-es-t-3500u-8-256-w10p-art-11hf001ymb-num-11735163/
Lenovo V520s SFF i5 4GB RAM 500GB HDD + Windows 10 Pro Pc - Zwart,"467,-
       ","565,07",10NM0025MB,https://www.centralpoint.be/nl/pcs-werkstations/lenovo/v520s-sff-i5-4gb-ram-500gb-hdd-plus-windows-10-pro-art-10nm0025mb-num-6485787/
Lenovo ThinkCentre M70q Pc - Zwart,"472,-
       ","571,12",11DT0039MB,https://www.centralpoint.be/nl/pcs-werkstations/lenovo/dt-m-m70q-i3-10100t-4gb-128gb-w10p-art-11dt0039mb-num-12224737/
Lenovo V35s Pc - Zwart,"495,-
       ","598,95",11HF0013MB,https://www.centralpoint.be/nl/pcs-werkstations/lenovo/ts-v35s-sff-ryzen5-3500u-16-512ssd-art-11hf0013mb-num-11730449/
Lenovo ThinkCentre M70q Pc - Zwart,"500,-
       ","605,-",11DT003HMB,https://www.centralpoint.be/nl/pcs-werkstations/lenovo/ts-m70q-tiny-i3-10100t-8-256ssd-art-11dt003hmb-num-12203509/
Lenovo ThinkCentre M70q Pc - Zwart,"505,-
       ","611,05",11DT003WMB,https://www.centralpoint.be/nl/pcs-werkstations/lenovo/m70q-art-11dt003wmb-num-12221703/
Lenovo ThinkCentre M70s Pc - Zwart,"511,-
       ","618,31",11EX000HMB,https://www.centralpoint.be/nl/pcs-werkstations/lenovo/tc-m70s-i3-10100-8gb-256gb-w10p-art-11ex000hmb-num-12203696/
Lenovo ThinkSmart Bar XL - 2 x Mic Pc's/werkstations,"529,-
       ","640,09",11RTZ9CAGE,https://www.centralpoint.be/nl/pcs-werkstations/lenovo/thinksmart-bar-xl-2-x-mic-art-11rtz9cage-num-12267072/
Lenovo ThinkCentre M720q i5 8GB RAM 256GB SSD Pc - Zwart,"534,-
       ","646,14",10T700AHMB,https://www.centralpoint.be/nl/pcs-werkstations/lenovo/thinkcentre-m720q-i5-8gb-ram-256gb-ssd-art-10t700ahmb-num-10841662/
Lenovo ThinkCentre M70q Pc - Zwart,"539,-
       ","652,19",11DT003JMB,https://www.centralpoint.be/nl/pcs-werkstations/lenovo/thinkcentre-m70q-i3-10100t-8gb-256gb-w10-art-11dt003jmb-num-12212537/
"Lenovo V50t Pc - Zwart,Grijs","561,-
       ","678,81",11ED0012MB,https://www.centralpoint.be/nl/pcs-werkstations/lenovo/v50t-i5-10400-8gb-256gb-w10p-art-11ed0012mb-num-12203887/
Lenovo ThinkCentre M75s AMD Ryzen 5 Pro 8GB RAM 256GB SSD Pc - Zwart,"563,-
       ","681,23",11A9000DMB,https://www.centralpoint.be/nl/pcs-werkstations/lenovo/thinkcentre-m75s-amd-ryzen-5-pro-8gb-ram-256gb-ssd-art-11a9000dmb-num-10586780/
Lenovo ThinkCentre M60e Pc - Zwart,"572,-
       ","692,12",11LV004BMB,https://www.centralpoint.be/nl/pcs-werkstations/lenovo/dt-m-m60e-i5-1035g1-8gb-256gb-w10p-art-11lv004bmb-num-12224768/
Lenovo V50s Pc - Zwart,"586,-
       ","709,06",11EF0012MB,https://www.centralpoint.be/nl/pcs-werkstations/lenovo/m75n-amd-es-nano-t-ci5-8-256gb-w10p-art-11ef0012mb-num-11735159/
Lenovo ThinkCentre M70s i5-10400/4.3GHZ W10P Pc's/werkstations,"589,-
       ","712,69",11EX000QMB,https://www.centralpoint.be/nl/pcs-werkstations/lenovo/tc-m70s-i5-10400-16gb-256gb-w10p-art-11ex000qmb-num-12232023/
Lenovo ThinkCentre M70t Pc - Zwart,"590,-
       ","713,90",11EV000EMB,https://www.centralpoint.be/nl/pcs-werkstations/lenovo/m70t-i5-10400-8gb-256gb-w10p-art-11ev000emb-num-12203888/
Lenovo ThinkCentre M720q i5 16GB RAM 512GB SSD Pc - Zwart,"591,-
       ","715,11",10T700BSMB,https://www.centralpoint.be/nl/pcs-werkstations/lenovo/m720q-art-10t700bsmb-num-10291853/
Lenovo ThinkCentre M720s Pc - Zwart,"602,-
       ","728,42",10ST0079MB,https://www.centralpoint.be/nl/pcs-werkstations/lenovo/m720s-art-10st0079mb-num-11735155/
Lenovo ThinkCentre M70s Pc - Zwart,"611,-
       ","739,31",11EX000LMB,https://www.centralpoint.be/nl/pcs-werkstations/lenovo/thinkcentre-m70q-i5-10400-8gb-256gb-w10p-art-11ex000lmb-num-12212536/
Lenovo ThinkCentre M70q Pc - Zwart,"612,-
       ","740,52",11DT0044MB,https://www.centralpoint.be/nl/pcs-werkstations/lenovo/m70q-i5-10400t-16gb-512gb-w10p-art-11dt0044mb-num-12203886/
Lenovo DT M M70t I5-10400 8GB/256GB W10P Pc's/werkstations,"616,-
       ","745,36",11EV0004MB,https://www.centralpoint.be/nl/pcs-werkstations/lenovo/dt-m-m70t-i5-10400-8gb-256gb-w10p-art-11ev0004mb-num-12224736/
Lenovo ThinkCentre M70q Pc - Zwart,"616,-
       ","745,36",11DT003VMB,https://www.centralpoint.be/nl/pcs-werkstations/lenovo/thinkcentre-m70q-i5-10400t-8gb-256gb-w10-art-11dt003vmb-num-12212535/
Lenovo K/TC M70q I510400T 8G N W10P QWERTZU Pc's/werkstations,"623,-
       ","753,83",11DT003VMB-LUX?KIT,https://www.centralpoint.be/nl/pcs-werkstations/lenovo/k-tc-m70q-i510400t-8g-n-w10p-qwertzu-art-11dt003vmb-luxkit-num-12241131/
Lenovo ThinkStation P340 Pc - Zwart,"651,-
       ","787,71",30DK002HMB,https://www.centralpoint.be/nl/pcs-werkstations/lenovo/p340-art-30dk002hmb-num-12102420/
Lenovo ThinkCentre M70q Pc - Zwart,"655,-
       ","792,55",11DT0043MB,https://www.centralpoint.be/nl/pcs-werkstations/lenovo/thinkcentre-m70q-i5-10400t-16gb-512gb-art-11dt0043mb-num-12212538/
Lenovo ThinkStation P340 Pc - Zwart,"740,-
       ","895,40",30DF0022MB,https://www.centralpoint.be/nl/pcs-werkstations/lenovo/ts-p340-q470-i5-10500-8gb-256gb-w10p-art-30df0022mb-num-12102402/
Lenovo TS P350 W580 CI5-11400 8/256GB W10P Pc's/werkstations,"750,-
       ","907,50",30E5002KMB,https://www.centralpoint.be/nl/pcs-werkstations/lenovo/ts-p350-w580-sff-i5-8gb-256-art-30e5002kmb-num-12261071/
Lenovo V50a-22IMB/I5-10400T/8GB/256GB/W10P Pc's/werkstations,"760,-
       ","919,60",11FN006QMB,https://www.centralpoint.be/nl/pcs-werkstations/lenovo/ts-desktop-ln-v50a-22imb-aio-i510400t-8g-art-11fn006qmb-num-12164500/
Lenovo V50a-24IMB I5-10400T 8GB/256GB 23.8 W10P Pc's/werkstations,"761,-
       ","920,81",11FJ008FMB,https://www.centralpoint.be/nl/pcs-werkstations/lenovo/v50a-24imb-i5-10400t-8gb-256gb-23-8-w10p-art-11fj008fmb-num-12203890/
Lenovo ThinkStation P340 Pc - Zwart,"785,-
       ","949,85",30DF0025MB,https://www.centralpoint.be/nl/pcs-werkstations/lenovo/ts-p340-q470-i5-10400t-8gb-256gb-w10p-art-30df0025mb-num-12102406/
Lenovo ThinkStation P340 Pc - Zwart,"815,-
       ","986,15",30DH00FCMB,https://www.centralpoint.be/nl/pcs-werkstations/lenovo/ts-p340-w480-i5-10400-8gb-256gb-w10p-art-30dh00fcmb-num-12102414/
Lenovo ThinkCentre M920 i5 8GB RAM 256GB SSD Pc - Zwart,"820,-
       ","992,20",10RS003RMB,https://www.centralpoint.be/nl/pcs-werkstations/lenovo/thinkcentre-m920-i5-8gb-ram-256gb-ssd-art-10rs003rmb-num-8472325/
Lenovo ThinkCentre M70q Pc - Zwart,"834,-
       ","1.009,14",11DT008QMB,https://www.centralpoint.be/nl/pcs-werkstations/lenovo/ts-desktop-tc-m70q-i710700t-16g-n-w10p-art-11dt008qmb-num-12187110/
Lenovo ThinkCentre M920 i5 8GB RAM 256GB SSD Pc - Zwart,"835,-
       ","1.010,35",10SJ0041MB,https://www.centralpoint.be/nl/pcs-werkstations/lenovo/thinkcentre-m920-i5-8gb-ram-256gb-ssd-art-10sj0041mb-num-8472333/
Lenovo ThinkCentre M920 i7 16GB RAM 512GB SSD Pc - Zwart,"839,-
       ","1.015,19",10RS003XMB,https://www.centralpoint.be/nl/pcs-werkstations/lenovo/m920-art-10rs003xmb-num-10291851/
Lenovo ThinkStation P340 Pc - Zwart,"857,-
       ","1.036,97",30DK002GMB,https://www.centralpoint.be/nl/pcs-werkstations/lenovo/ts-p340-w480-i5-10400-8gb-512gb-w10p-art-30dk002gmb-num-12102418/
Lenovo ThinkCentre M70t Pc - Zwart,"867,-
       ","1.049,07",11EV001LMB,https://www.centralpoint.be/nl/pcs-werkstations/lenovo/m70t-i7-10700-16gb-512gb-w10p-art-11ev001lmb-num-12203889/
Lenovo ThinkStation P330 Pc - Zwart,"869,-
       ","1.051,49",30CY002CMB,https://www.centralpoint.be/nl/pcs-werkstations/lenovo/p330-c246mh-ci5-8-256gb-w10p-art-30cy002cmb-num-8472443/
Lenovo ThinkCentre M70q Pc - Zwart,"876,-
       ","1.059,96",11DT006JMB,https://www.centralpoint.be/nl/pcs-werkstations/lenovo/thinkcentre-m70q-i7-10700t-16gb-512gb-art-11dt006jmb-num-12212540/
Lenovo ThinkCentre M920q Pc - Zwart,"907,-
       ","1.097,47",10T1S0170M,https://www.centralpoint.be/nl/pcs-werkstations/lenovo/lenovo-tet-9th-gen-i5-for-teams-art-10t1s0170m-num-11736038/
Lenovo ThinkStation P340 Pc - Zwart,"958,-
       ","1.159,18",30DF0023MB,https://www.centralpoint.be/nl/pcs-werkstations/lenovo/ts-p340-q470-i7-10700-16gb-512gb-w10p-art-30df0023mb-num-12102404/
Lenovo ThinkStation P340 Pc - Zwart,"1.010,-
       ","1.222,10",30DK002VMB,https://www.centralpoint.be/nl/pcs-werkstations/lenovo/ts-workstation-ts-p340-w10p-art-30dk002vmb-num-12214008/
Lenovo BTO/TC M90t I710700 16G 2TB W10P Pc's/werkstations,"1.013,-
       ","1.225,73",11D4S03E00,https://www.centralpoint.be/nl/pcs-werkstations/lenovo/bto-tc-m90t-i710700-16g-2tb-w10p-art-11d4s03e00-num-12235247/
Lenovo ThinkStation P340 Pc - Zwart,"1.028,-
       ","1.243,88",30DH00G2MB,https://www.centralpoint.be/nl/pcs-werkstations/lenovo/ts-workstation-ts-p340-w10p-art-30dh00g2mb-num-12214006/
Lenovo ThinkStation P340 Pc - Zwart,"1.029,-
       ","1.245,09",30DF002EMB,https://www.centralpoint.be/nl/pcs-werkstations/lenovo/ts-p340-q470-i7-10700t-16gb-512gb-w10p-art-30df002emb-num-12102410/
Lenovo ThinkStation P340 Pc - Zwart,"1.037,-
       ","1.254,77",30DF0028MB,https://www.centralpoint.be/nl/pcs-werkstations/lenovo/ts-p340-q470-i7-10700t-16gb-256gb-w10p-art-30df0028mb-num-12102408/
Lenovo ThinkStation P330 Pc - Zwart,"1.057,-
       ","1.278,97",30CY0024MB,https://www.centralpoint.be/nl/pcs-werkstations/lenovo/p330-c246mh-ci7-16-256gb-w10p-art-30cy0024mb-num-8472435/
Lenovo TS P350 W580 CI7-11700 16/512GB W10P Pc's/werkstations,"1.061,-
       ","1.283,81",30E3004TMB,https://www.centralpoint.be/nl/pcs-werkstations/lenovo/ts-p350-w580-tw-i7-2x8gb-512-art-30e3004tmb-num-12261072/
Lenovo ThinkCentre M90n-1 Nano I5-8365U 8/256SS Pc's/werkstations,"1.078,-
       ","1.304,38",11AH001DMB,https://www.centralpoint.be/nl/pcs-werkstations/lenovo/thinkcentre-m90n-1-nano-i5-8365u-8-256ss-art-11ah001dmb-num-12257117/
Lenovo ThinkStation P340 Pc - Zwart,"1.088,-
       ","1.316,48",30DH00G8MB,https://www.centralpoint.be/nl/pcs-werkstations/lenovo/p340-art-30dh00g8mb-num-12214005/
Lenovo ThinkStation P330 Pc - Zwart,"1.153,-
       ","1.395,13",30CY0026MB,https://www.centralpoint.be/nl/pcs-werkstations/lenovo/p330-c246mh-ci7-16-256gb-w10p-art-30cy0026mb-num-8472437/
Lenovo ThinkStation P340 Pc - Zwart,"1.161,-
       ","1.404,81",30DH00FWMB,https://www.centralpoint.be/nl/pcs-werkstations/lenovo/ts-workstation-ts-p340-w10p-art-30dh00fwmb-num-12214007/
Lenovo ThinkStation P330 Pc - Zwart,"1.162,-
       ","1.406,02",30CF0032MB,https://www.centralpoint.be/nl/pcs-werkstations/lenovo/p330-q370-es-tiny-t-ci7-16-512gb-w10p-art-30cf0032mb-num-10259049/
Lenovo ThinkStation P340 Pc - Zwart,"1.278,-
       ","1.546,38",30DH00F8MB,https://www.centralpoint.be/nl/pcs-werkstations/lenovo/ts-p340-w480-xeon-w-1250-16gb-256gb-w10p-art-30dh00f8mb-num-12102416/
Lenovo ThinkStation P340 Pc - Zwart,"1.288,-
       ","1.558,48",30DH00GUMB,https://www.centralpoint.be/nl/pcs-werkstations/lenovo/ts-workstation-ts-p340-w10p-art-30dh00gumb-num-12214010/
Lenovo ThinkStation P520c Pc - Zwart,"1.322,-
       ","1.599,62",30BX0073MB,https://www.centralpoint.be/nl/pcs-werkstations/lenovo/ts-p520c-tw-xeon-w-2223-16-256ssd-art-30bx0073mb-num-11730445/
Lenovo ThinkStation P340 Pc - Zwart,"1.344,-
       ","1.626,24",30DH00H6MB,https://www.centralpoint.be/nl/pcs-werkstations/lenovo/p340-i9-10900k-32gb512gb-w10p-art-30dh00h6mb-num-12203904/
Lenovo ThinkStation P340 Pc - Zwart,"1.339,-
       ","1.620,19",30DK0030MB,https://www.centralpoint.be/nl/pcs-werkstations/lenovo/ts-workstation-ts-p340-w10p-art-30dk0030mb-num-12214011/
Lenovo ThinkStation P520c Pc - Zwart,"1.368,-
       ","1.655,28",30BX0072MB,https://www.centralpoint.be/nl/pcs-werkstations/lenovo/ts-p520c-tw-xeon-w-2223-16-256ssd-art-30bx0072mb-num-11730453/
Lenovo ThinkStation P340 Pc - Zwart,"1.413,-
       ","1.709,73",30DH00F9MB,https://www.centralpoint.be/nl/pcs-werkstations/lenovo/ts-p340-w480-xeon-w-1250-16gb-256gb-w10p-art-30dh00f9mb-num-12102412/
Lenovo TS P350 W580 CI7-11700 16/1TB W10P Pc's/werkstations,"1.423,-
       ","1.721,83",30E30057MB,https://www.centralpoint.be/nl/pcs-werkstations/lenovo/ts-p350-w580-tw-i7-2x8gb-1tb-art-30e30057mb-num-12261068/
Lenovo ThinkStation P520 Pc - Zwart,"1.503,-
       ","1.818,63",30BE00AFMB,https://www.centralpoint.be/nl/pcs-werkstations/lenovo/ts-p520-ws-tw-xeon-16gb-512gb-w10p-art-30be00afmb-num-11734489/
Lenovo TS P350 W580 XEON W-1390P 16/1TB W10P Pc's/werkstations,"1.640,-
       ","1.984,40",30E3005AMB,https://www.centralpoint.be/nl/pcs-werkstations/lenovo/ts-p350-w580-tw-xeon-2x8gb-1tb-art-30e3005amb-num-12261070/
Lenovo ThinkStation P520c Pc - Zwart,"1.990,-
       ","2.407,90",30BX0091MB,https://www.centralpoint.be/nl/pcs-werkstations/lenovo/ts-p520c-tw-xeon-w-2235-16-512ssd-art-30bx0091mb-num-11730451/
Lenovo TS P520_C442 Xeion 2x16GB 512 Pc's/werkstations,"2.203,-
       ","2.665,63",30BX00CAMB,https://www.centralpoint.be/nl/pcs-werkstations/lenovo/ts-p520-c442-xeion-2x16gb-512-art-30bx00camb-num-12261069/
Lenovo ThinkStation P620 Pc - Zwart,"2.641,-
       ","3.195,61",30E0000HMB,https://www.centralpoint.be/nl/pcs-werkstations/lenovo/ts-p620-tr-pro-3945wx-16gb-512gb-w10p-art-30e0000hmb-num-12102424/
Lenovo ThinkStation P620 Pc - Zwart,"2.904,-
       ","3.513,84",30E00035MB,https://www.centralpoint.be/nl/pcs-werkstations/lenovo/ts-p620-bixby-pro-3955wx-32gb-1tb-w10p-art-30e00035mb-num-12240629/
Lenovo ThinkStation P620 Pc - Zwart,"2.959,-
       ","3.580,39",30E0001QMB,https://www.centralpoint.be/nl/pcs-werkstations/lenovo/ts-workstation-ts-p620-w10p-art-30e0001qmb-num-12164878/
Lenovo ThinkStation P620 Pc - Zwart,"3.675,-
       ","4.446,75",30E0003FMB,https://www.centralpoint.be/nl/pcs-werkstations/lenovo/ts-p620-bixby-pro-3955wx-32gb-512gb-w10p-art-30e0003fmb-num-12240630/
Lenovo ThinkStation P620 Pc - Zwart,"3.706,-
       ","4.484,26",30E0000FMB,https://www.centralpoint.be/nl/pcs-werkstations/lenovo/ts-p620-tr-pro-3955wx-16gb-512gb-w10p-art-30e0000fmb-num-12102422/
Lenovo ThinkStation P620 Pc - Zwart,"9.125,-
       ","11.041,25",30E0004LMB,https://www.centralpoint.be/nl/pcs-werkstations/lenovo/ts-p620-bixby-pro-3995wx-64gb-1tb-w10p-art-30e0004lmb-num-12234345/
Lenovo ThinkStation P620 Pc - Zwart,"9.313,-
       ","11.268,73",30E00018MB,https://www.centralpoint.be/nl/pcs-werkstations/lenovo/ts-workstation-ts-p620-w10p-art-30e00018mb-num-12164872/
Lenovo ThinkSmart M920q Zoom Rooms Pc - Zwart,"1.211,-
       ","1.465,31",10T10009MB,https://www.centralpoint.be/nl/pcs-werkstations/lenovo/thinksmart-tiny-art-10t10009mb-num-11030572/
Lenovo ThinkBook 15 Laptop - Grijs,"940,-
       ","1.137,40",20VE0049MH,https://www.centralpoint.be/nl/laptops/lenovo/tb-15-g2-itli7-1165g78gb512gbw10p2year-art-20ve0049mh-num-12198050/
Lenovo ThinkBook 15 Laptop - Grijs,"628,-
       ","759,88",20VE006LMH,https://www.centralpoint.be/nl/laptops/lenovo/thinkbook-15-notebook-i5-11th-gen-8gb-ram-256gb-ssd-windows-10-pro-wi-fi-6-15-6-inch-qwerty-art-20ve006lmh-num-12221170/
Lenovo ThinkBook 15 i5 8GB RAM 256GB SSD - QWERTY Laptop - Grijs,"752,-
       ","909,92",20VE0046MH,https://www.centralpoint.be/nl/laptops/lenovo/tb-15-g2-itli5-1135g78gb256gbw10p2-year-art-20ve0046mh-num-12200092/
Lenovo ThinkPad E15 Laptop - Zwart,"1.029,-
       ","1.245,09",20TD0038MH,https://www.centralpoint.be/nl/laptops/lenovo/e15-gen-2-itu-t-i7-1165g7-16-256-w10p-art-20td0038mh-num-12197270/
Lenovo ThinkBook 15 Laptop - Grijs,"824,-
       ","997,04",20VE0048MH,https://www.centralpoint.be/nl/laptops/lenovo/15-g2-itl-i5-1135g7-8g-512g-15-6-w10p-art-20ve0048mh-num-12198337/
Lenovo ThinkPad P72 Laptop - Zwart,"2.961,-
       ","3.582,81",20MB0006MB,https://www.centralpoint.be/nl/laptops/lenovo/p72-art-20mb0006mb-num-7872721/
Lenovo ThinkPad X270 i5 8GB RAM 256GB SSD Laptop - Zwart,"1.130,-
       ","1.367,30",20HN0016MB-STCK1,https://www.centralpoint.be/nl/laptops/lenovo/thinkpad-x270-i5-8gb-ram-256gb-ssd-art-20hn0016mb-stck1-num-6763627/
Lenovo ThinkBook 15 Laptop - Grijs,"599,-
       ","724,79",20VE0047MH,https://www.centralpoint.be/nl/laptops/lenovo/thinkbook-15-notebook-i3-1115g4-8gb-ddr4-sdram-256gb-ssd-wi-fi-6-windows-10-pro-15-6-inch-qwerty-art-20ve0047mh-num-12198951/
Lenovo ThinkPad T480 Laptop - Zwart,"1.386,-
       ","1.677,06",20L60034MD,https://www.centralpoint.be/nl/laptops/lenovo/lenovo-thinkpad-t480-i5-8250u-8gb-256gb-14-w10p-d-art-20l60034md-num-8664533/
Lenovo ThinkPad T15 Laptop - Zwart,"1.327,-
       ","1.605,67",20S6003WMH,https://www.centralpoint.be/nl/laptops/lenovo/t15-art-20s6003wmh-num-11988874/
Lenovo ThinkPad T15 Laptop - Zwart,"1.143,-
       ","1.383,03",20W40032MH,https://www.centralpoint.be/nl/laptops/lenovo/tp-t15-g2-ti5-1135g78gb256gbw10p3-year-art-20w40032mh-num-12247806/
Lenovo ThinkBook 15 Laptop - Grijs,"647,-
       ","782,87",20VE006MMB,https://www.centralpoint.be/nl/laptops/lenovo/thinkbook-15-g2-i5-16gb-256gb-15-6-w10p-art-20ve006mmb-num-12180796/
Lenovo ThinkPad T15 Laptop - Zwart,"1.267,-
       ","1.533,07",20W4008JMH,https://www.centralpoint.be/nl/laptops/lenovo/t15-g2-ti5-1135g716gb512gbw10p2-year-art-20w4008jmh-num-12262869/
Lenovo ThinkBook 15 Laptop - Grijs,"603,-
       ","729,63",20VE0047MB,https://www.centralpoint.be/nl/laptops/lenovo/15-g2-itl-i3-1115g4-8gb-256gb-15-6-w10p-art-20ve0047mb-num-12180780/
Lenovo ThinkPad X1 Yoga Laptop - Grijs,"1.167,-
       ","1.412,07",20UB005AMB,https://www.centralpoint.be/nl/laptops/lenovo/tpx1-yoga-14-0-i5-10210u-16gb-256gb-w10p-art-20ub005amb-num-12102400/
Lenovo ThinkPad T480s Laptop - Zwart,"1.527,-
       ","1.847,67",20L8002WMD,https://www.centralpoint.be/nl/laptops/lenovo/lenovo-thinkpad-t480s-i5-8250u-8gb-256gb-14-w10p-art-20l8002wmd-num-8664535/
Lenovo 720S LG L16L4PB3 7.72V 48Wh Laptops,"115,-
       ","139,15",5B10N03289,https://www.centralpoint.be/nl/laptops/lenovo/720s-lg-l16l4pb3-7-72v-48wh-art-5b10n03289-num-11006890/
Lenovo CB 100e/11.6/AMD A4-9120C/4GB/32GB/CHROM Laptops,"165,-
       ","199,65",82CD0001MB,https://www.centralpoint.be/nl/laptops/lenovo/notebook-ln-100e-chr2-ast-a4-4g-32g-crm-art-82cd0001mb-num-11581926/
Lenovo IdeaPad 3 Laptop - Blauw,"227,-
       ","274,67",82KN000QMB,https://www.centralpoint.be/nl/laptops/lenovo/3-cb-14m836-mt8183-4gb-64gb-14-chrome-art-82kn000qmb-num-12191958/
Lenovo 14e Chromebook AMD A4-9120C 4GB RAM 32GB eMMC Laptop - Grijs,"231,-
       ","279,51",81MH0000MB,https://www.centralpoint.be/nl/laptops/lenovo/14e-chromebook-amd-a4-9120c-4gb-ram-32gb-emmc-art-81mh0000mb-num-8228453/
Lenovo Notebook LN 300e Chr2 AST A4 4G 32G CRM Laptops,"254,-
       ","307,34",82CE0001MB,https://www.centralpoint.be/nl/laptops/lenovo/notebook-ln-300e-chr2-ast-a4-4g-32g-crm-art-82ce0001mb-num-11457952/
"Lenovo IdeaPad 3 Laptop - Grijs,Platina","267,-
       ","323,07",82HG000CMB,https://www.centralpoint.be/nl/laptops/lenovo/11m735-mt8173c-4-64gb-11-6in-chrome-free-art-82hg000cmb-num-12162902/
Lenovo 300e Laptop - Zwart,"280,-
       ","338,80",81MB001FMB,https://www.centralpoint.be/nl/laptops/lenovo/notebook-ln-300e-chr-2-n4020-4g-32g-crm-art-81mb001fmb-num-11387056/
Lenovo 14e Chromebook Laptop - Grijs,"297,-
       ","359,37",81MH0001MB,https://www.centralpoint.be/nl/laptops/lenovo/14e-chrome-a4-9120c-14in-8-64gb-chrome-art-81mh0001mb-num-10586804/
Lenovo L 300E CB 3015CE 4/64GB 11.6IN CHROMEOS Laptops,"315,-
       ","381,15",82J9000YMB,https://www.centralpoint.be/nl/laptops/lenovo/l-300e-cb-3015ce-4-64gb-11-6in-chromeos-art-82j9000ymb-num-12244774/
Lenovo 300e Laptop - Zwart,"340,-
       ","411,40",81M9006GMB,https://www.centralpoint.be/nl/laptops/lenovo/notebook-ln-300e-2-n4120-4g-64g-10p-art-81m9006gmb-num-11095626/
Lenovo 300e Laptop - Zwart,"369,-
       ","446,49",81M9006EMB,https://www.centralpoint.be/nl/laptops/lenovo/notebook-ln-300e-2-n4120-4g-128g-10p-art-81m9006emb-num-12137882/
Lenovo V V110-15 i3 4GB RAM 500GB HDD Laptop - Zwart,"414,-
       ","500,94",80TL00A9MB,https://www.centralpoint.be/nl/laptops/lenovo/110-15-art-80tl00a9mb-num-6017673/
Lenovo V V110-15 i3 8GB RAM 128GB SSD Laptop - Zwart,"415,-
       ","502,15",80TL00A4MB,https://www.centralpoint.be/nl/laptops/lenovo/110-15-art-80tl00a4mb-num-6146765/
"Lenovo IdeaPad 3 Laptop - Grijs,Platina","423,-
       ","511,83",81WD00Y8MB,https://www.centralpoint.be/nl/laptops/lenovo/ip-3-14iil05-ci3-4-256gb-ssd-14-w10h-art-81wd00y8mb-num-12097192/
"Lenovo IdeaPad 3 Laptop - Grijs,Platina","427,-
       ","516,67",81W2007KMB,https://www.centralpoint.be/nl/laptops/lenovo/ip-3-17ada05-ryzen-3-8gb-512gb-17-3-w10h-art-81w2007kmb-num-12095322/
Lenovo V V145 AMD A 8GB RAM 256GB SSD Laptop - Zwart,"429,-
       ","519,09",81MT000VMB,https://www.centralpoint.be/nl/laptops/lenovo/v145-amd-a-8gb-ram-256gb-ssd-art-81mt000vmb-num-8043235/
Lenovo V V15 Laptop - Grijs,"450,-
       ","544,50",82C7008NMB,https://www.centralpoint.be/nl/laptops/lenovo/ts-v15-ada-ryzen3-3250u-8-256ssd-art-82c7008nmb-num-11212746/
Lenovo V110 Laptop - Zwart,"455,-
       ","550,55",80TL0113MB,https://www.centralpoint.be/nl/laptops/lenovo/v110-art-80tl0113mb-num-6507879/
"Lenovo IdeaPad 5 Laptop - Grafiet,Grijs","466,-
       ","563,86",82B80015MB,https://www.centralpoint.be/nl/laptops/lenovo/flex-5-cb-13iml05-i3-10110u-4-64-chrome-art-82b80015mb-num-11336196/
"Lenovo IdeaPad 330 Laptop - Grijs,Platina","512,-
       ","619,52",81DE02VSMB,https://www.centralpoint.be/nl/laptops/lenovo/330-15ikbr-i5-8250u-4g-256g-w10h-art-81de02vsmb-num-8400053/
"Lenovo IdeaPad 5 Laptop - Grafiet,Grijs","521,-
       ","630,41",82B80017MB,https://www.centralpoint.be/nl/laptops/lenovo/flex-5-cb-13iml05-i5-10210u-8-128-chrome-art-82b80017mb-num-11336200/
Lenovo TS/V15 G2 Ryzen3 5300U 8/256SSD Laptops,"521,-
       ","630,41",82KD002CMB,https://www.centralpoint.be/nl/laptops/lenovo/lenovo-v15-5300u-4gb-256gb-15-6-w10p-art-82kd002cmb-num-12203929/
Lenovo V V14 Laptop - Zwart,"537,-
       ","649,77",82KC0037MB,https://www.centralpoint.be/nl/laptops/lenovo/lenovo-v14-gen2-alc-5500u-4-256-14-w10p-art-82kc0037mb-num-12145938/
Lenovo V15 G2 ALC/15.6/R5_5500U/8GB/256GB/W10P Laptops,"543,-
       ","657,03",82KD002BMB,https://www.centralpoint.be/nl/laptops/lenovo/lenovo-v15-g2-alc-5500u-4-256-15-6-w10p-art-82kd002bmb-num-12145940/
Lenovo V V14 Laptop - Zwart,"545,-
       ","659,45",82KA0039MB,https://www.centralpoint.be/nl/laptops/lenovo/lenovo-v14-i3-1115g4-4gb-256gb-14-w10p-art-82ka0039mb-num-12203916/
"Lenovo IdeaPad 3 Laptop - Grijs,Platina","561,-
       ","678,81",81WF0031MH,https://www.centralpoint.be/nl/laptops/lenovo/lenovo-nb-ip-3-17iil05-i5-1035g1-17i-4gb-art-81wf0031mh-num-12039976/
"Lenovo IdeaPad 5 Laptop - Grafiet,Grijs","561,-
       ","678,81",82HU00DUMB,https://www.centralpoint.be/nl/laptops/lenovo/lenovo-flex-5-14alc05-r5-5500u-14i-8gb-art-82hu00dumb-num-12259892/
Lenovo 5 Laptop,"561,-
       ","678,81",82FG00HEMB,https://www.centralpoint.be/nl/laptops/lenovo/ip-5-15itl05-i5-1135g7-8-256gb-15-6-w10h-art-82fg00hemb-num-12125404/
Lenovo 330 Laptop,"581,-
       ","703,01",81DM00DVMB,https://www.centralpoint.be/nl/laptops/lenovo/it-330-17ikbr-ci3-8-256gb-17-3-w10h-art-81dm00dvmb-num-8086875/
Lenovo L13 i3 8GB RAM 256GB SSD Laptop - Zwart,"589,-
       ","712,69",20R30003MB,https://www.centralpoint.be/nl/laptops/lenovo/l13-i3-8gb-ram-256gb-ssd-art-20r30003mb-num-10586786/
Lenovo V V15 Laptop - Grijs,"590,-
       ","713,90",82C500LBMB,https://www.centralpoint.be/nl/laptops/lenovo/ts-v15-iil-ryzen5-3500u-8-256ssd-art-82c500lbmb-num-11212714/
Lenovo V V14 Laptop - Grijs,"590,-
       ","713,90",82C40109MB,https://www.centralpoint.be/nl/laptops/lenovo/ts-v14-i5-1035g1-8-256ssd-art-82c40109mb-num-11212696/
"Lenovo IdeaPad 5 Laptop - Grijs,Platina","601,-
       ","727,21",81YQ00HKMB,https://www.centralpoint.be/nl/laptops/lenovo/ip-5-15are05-4600u-16gb-512gb-15-6-w10h-art-81yq00hkmb-num-12125400/
Lenovo 5 Laptop,"601,-
       ","727,21",82FG00HFMB,https://www.centralpoint.be/nl/laptops/lenovo/ip-5-15itl05-i5-1135g7-8-512gb-15-6-w10h-art-82fg00hfmb-num-12125406/
Lenovo ThinkBook 14 G2 Laptop - Grijs,"607,-
       ","734,47",20VF003NMB,https://www.centralpoint.be/nl/laptops/lenovo/14-g2-art-20vf003nmb-num-12180782/
Lenovo ThinkBook 15 G2 Laptop - Grijs,"610,-
       ","738,10",20VG006RMB,https://www.centralpoint.be/nl/laptops/lenovo/15-g2-art-20vg006rmb-num-12180788/
Lenovo V V14 Laptop - Zwart,"618,-
       ","747,78",82KA0037MB,https://www.centralpoint.be/nl/laptops/lenovo/lenovo-v14-gen2-itl-ci5-4-256gb-14-w10p-art-82ka0037mb-num-12145934/
Lenovo V V15 Laptop - Zwart,"620,-
       ","750,20",82KB002VMB,https://www.centralpoint.be/nl/laptops/lenovo/lenovo-v15-gen2-itl-ci5-4-256-15-6-w10p-art-82kb002vmb-num-12145936/
Lenovo V320 Laptop - Grijs,"622,-
       ","752,62",81AH0062MB,https://www.centralpoint.be/nl/laptops/lenovo/v320-art-81ah0062mb-num-11387898/
Lenovo 5 Laptop,"641,-
       ","775,61",82FG00HGMB,https://www.centralpoint.be/nl/laptops/lenovo/ip-5-15itl05-i5-1135g7-16-512g-15-6-w10h-art-82fg00hgmb-num-12125408/
Lenovo ThinkBook 15 Gen 2 i5 8GB RAM 256GB SSD Laptop - Grijs,"643,-
       ","778,03",20VE009BMB,https://www.centralpoint.be/nl/laptops/lenovo/15-art-20ve009bmb-num-12229292/
Lenovo ThinkBook 14 Laptop - Grijs,"647,-
       ","782,87",20VD003YMB,https://www.centralpoint.be/nl/laptops/lenovo/14-g2-itl-i5-1135g7-8gb-256gb-14-w10p-art-20vd003ymb-num-12180776/
Lenovo ThinkBook 15 Laptop - Grijs,"653,-
       ","790,13",21A4002BMB,https://www.centralpoint.be/nl/laptops/lenovo/thinkbook-15-g3-acl-15-6-5500u-8gb-256gb-art-21a4002bmb-num-12224764/
Lenovo ThinkBook 14 Laptop - Grijs,"668,-
       ","808,28",21A2002MMB,https://www.centralpoint.be/nl/laptops/lenovo/thinkbook-14-g3-acl-14-5500u-8gb-256gb-art-21a2002mmb-num-12224765/
Lenovo ThinkBook 15 G2 Laptop - Grijs,"671,-
       ","811,91",20VG006QMB,https://www.centralpoint.be/nl/laptops/lenovo/15-g2-art-20vg006qmb-num-12180786/
Lenovo ThinkBook 14 G2 Laptop - Grijs,"675,-
       ","816,75",20VF003PMB,https://www.centralpoint.be/nl/laptops/lenovo/14-g2-art-20vf003pmb-num-12180784/
Lenovo V V17 Laptop - Grijs,"677,-
       ","819,17",82NX00E9MB,https://www.centralpoint.be/nl/laptops/lenovo/v17-g2-itl-i5-1135g7-8gb-256gb-17-3-w10p-art-82nx00e9mb-num-12235446/
Lenovo Yoga Slim 7 Laptop - Grijs,"681,-
       ","824,01",82A200D1MB,https://www.centralpoint.be/nl/laptops/lenovo/yoga-slim7-14are05-ryzen-5-16g-512g-w10h-art-82a200d1mb-num-12095326/
Lenovo ThinkBook 14s Yoga i5 8GB RAM 256GB SSD Laptop - Grijs,"693,-
       ","838,53",20WE001PMB,https://www.centralpoint.be/nl/laptops/lenovo/14s-yoga-art-20we001pmb-num-12028236/
Lenovo ThinkBook 15 Laptop - Grijs,"693,-
       ","838,53",20VE0046MB,https://www.centralpoint.be/nl/laptops/lenovo/15-art-20ve0046mb-num-12180778/
Lenovo V V17 Laptop - Grijs,"694,-
       ","839,74",82GX007XMB,https://www.centralpoint.be/nl/laptops/lenovo/v17-art-82gx007xmb-num-11735239/
Lenovo E570 8GB RAM 180GB SSD Laptop,"699,-
       ","845,79",20H500BEMB,https://www.centralpoint.be/nl/laptops/lenovo/e570-8gb-ram-180gb-ssd-art-20h500bemb-num-6578019/
Lenovo ThinkBook 15 Gen2 i5 16GB RAM 512GB SSD Laptop - Grijs,"709,-
       ","857,89",20VE00FJMB,https://www.centralpoint.be/nl/laptops/lenovo/15-art-20ve00fjmb-num-12226577/
Lenovo L13 i5 8GB RAM 256GB SSD Laptop - Zwart,"715,-
       ","865,15",20R30004MB,https://www.centralpoint.be/nl/laptops/lenovo/l13-i5-8gb-ram-256gb-ssd-art-20r30004mb-num-10586788/
Lenovo 5 Laptop,"720,-
       ","871,20",82FG00HHMB,https://www.centralpoint.be/nl/laptops/lenovo/ip-5-15itl05-i7-1165g7-8-512gb-15-6-w10h-art-82fg00hhmb-num-12125410/
Lenovo ThinkPad C13 Yoga Laptop - Blauw,"723,-
       ","874,83",20UX000GMB,https://www.centralpoint.be/nl/laptops/lenovo/c13-yoga-g1-t-3500c-8gb-128gb-13-3-chrom-art-20ux000gmb-num-12139618/
Lenovo ThinkPad E15 Laptop - Zwart,"731,-
       ","884,51",20YG006NMB,https://www.centralpoint.be/nl/laptops/lenovo/e15-g3-r5-5500u-8gb-256gb-15-6in-w10p-art-20yg006nmb-num-12248884/
"Lenovo IdeaPad L340 Laptop - Grijs,Platina","732,-
       ","885,72",81M0009MMB,https://www.centralpoint.be/nl/laptops/lenovo/l340-art-81m0009mmb-num-11387902/
Lenovo ThinkBook 15 Laptop - Grijs,"734,-
       ","888,14",21A4003MMB,https://www.centralpoint.be/nl/laptops/lenovo/thinkbook-15-g3-acl-15-6-5500u-16gb-512g-art-21a4003mmb-num-12224766/
Lenovo ThinkPad E15 Laptop - Zwart,"736,-
       ","890,56",20TD0029MB,https://www.centralpoint.be/nl/laptops/lenovo/tp-e15-15-6-i3-1115g4-8gb-256gb-w10p-art-20td0029mb-num-12146796/
Lenovo ThinkPad E14 Laptop - Zwart,"736,-
       ","890,56",20Y70074MB,https://www.centralpoint.be/nl/laptops/lenovo/e14-g3-r5-5500u-8gb-256gb-14in-w10p-art-20y70074mb-num-12248887/
Lenovo ThinkPad E14 Laptop - Zwart,"739,-
       ","894,19",20RA0016MB,https://www.centralpoint.be/nl/laptops/lenovo/tp-e14-14-0-i5-10210u-8gb-256gb-w10p-art-20ra0016mb-num-10841666/
Lenovo E15 AMD Ryzen 5 16GB RAM 512GB SSD Laptop - Zwart,"739,-
       ","894,19",20T8000YMB,https://www.centralpoint.be/nl/laptops/lenovo/notebook-tp-e15-gen-2-r5-16gb-w10p-art-20t8000ymb-num-11460342/
Lenovo ThinkPad E15 Laptop - Zwart,"744,-
       ","900,24",20YG0047MB,https://www.centralpoint.be/nl/laptops/lenovo/e15-amdl-g3-t-5500u-8gb-256gb-15-6-w10p-art-20yg0047mb-num-12235456/
Lenovo ThinkPad E14 Laptop - Zwart,"749,-
       ","906,29",20Y7003VMB,https://www.centralpoint.be/nl/laptops/lenovo/e14-amdl-g3-t-5500u-8gb-256gb-14-w10p-art-20y7003vmb-num-12235453/
Lenovo ThinkBook 15p Laptop - Grijs,"758,-
       ","917,18",20V30038MB,https://www.centralpoint.be/nl/laptops/lenovo/thinkbook-15p-imh-ci5-15-6-16-512gb-w10p-art-20v30038mb-num-12180806/
Lenovo V V15 Laptop - Zwart,"763,-
       ","923,23",82KB002WMB,https://www.centralpoint.be/nl/laptops/lenovo/lenovo-v15-i7-1165g7-8gb-256gb-15-6-w10p-art-82kb002wmb-num-12203918/
Lenovo ThinkPad E15 Laptop - Zwart,"767,-
       ","928,07",20TD0028MB,https://www.centralpoint.be/nl/laptops/lenovo/tp-e15-g2-15-6-i5-1135g7-8gb-256gb-w10p-art-20td0028mb-num-12146794/
Lenovo ThinkPad E15 Laptop - Zwart,"772,-
       ","934,12",20RD004JMB,https://www.centralpoint.be/nl/laptops/lenovo/tp-e15-15-6-i5-10210u-8gb-256gb-w10p-art-20rd004jmb-num-10841678/
Lenovo ThinkBook 15 Laptop - Grijs,"777,-
       ","940,17",21A4002DMB,https://www.centralpoint.be/nl/laptops/lenovo/thinkbook-15-g3-acl-15-6-5700u-16gb-512g-art-21a4002dmb-num-12224767/
Lenovo ThinkPad E14 Laptop - Zwart,"781,-
       ","945,01",20RA003WMB,https://www.centralpoint.be/nl/laptops/lenovo/tp-e14-14-0-i5-10210u-8gb-256gb-w10p-art-20ra003wmb-num-10841668/
Lenovo ThinkBook 14s Yoga i5 16GB RAM 512GB SSD Laptop - Grijs,"788,-
       ","953,48",20WE001QMB,https://www.centralpoint.be/nl/laptops/lenovo/14s-yoga-art-20we001qmb-num-12028246/
Lenovo ThinkBook 14s Yoga i5 16GB RAM 256GB SSD Laptop - Blauw,"791,-
       ","957,11",20WE002DMB,https://www.centralpoint.be/nl/laptops/lenovo/14s-yoga-art-20we002dmb-num-12180800/
Lenovo ThinkPad E14 Laptop - Zwart,"795,-
       ","961,95",20TA0023MB,https://www.centralpoint.be/nl/laptops/lenovo/thinkpad-e14-gen-2-itu-t14-0fhd-ag-250n-ncore-i5-1135g7-2-4g-4c-mb8gb-ddr4-3200-sodimm256gb-ssd-m-2-2242-g3-tlcw10-pro-art-20ta0023mb-num-12152930/
Lenovo ThinkPad E15 Laptop - Zwart,"799,-
       ","966,79",20RD001CMB,https://www.centralpoint.be/nl/laptops/lenovo/tp-e15-15-6-i5-10210u-16gb-512gb-w10p-art-20rd001cmb-num-10841670/
Lenovo ThinkBook 13s Laptop - Grijs,"799,-
       ","966,79",20V9002KMB,https://www.centralpoint.be/nl/laptops/lenovo/13s-art-20v9002kmb-num-12028252/
Lenovo ThinkPad E15 Laptop - Zwart,"802,-
       ","970,42",20YG006QMB,https://www.centralpoint.be/nl/laptops/lenovo/e15-g3-r5-5500-16gb-512gb-15-6in-w10p-art-20yg006qmb-num-12248885/
Lenovo ThinkBook 14 Laptop - Grijs,"803,-
       ","971,63",21A2002LMB,https://www.centralpoint.be/nl/laptops/lenovo/thinkbook-14-g3-acl-14-5700u-16gb-512gb-art-21a2002lmb-num-12224762/
Lenovo V320 i5 8GB RAM 256GB SSD Laptop - Grijs,"803,-
       ","971,63",81CN0000MB,https://www.centralpoint.be/nl/laptops/lenovo/v320-i5-8gb-ram-256gb-ssd-art-81cn0000mb-num-7325809/
Lenovo ThinkPad L14 Laptop - Zwart,"805,-
       ","974,05",20U50007MB,https://www.centralpoint.be/nl/laptops/lenovo/ts-l14-g1-ryzen5-4500u-8-256ssd-art-20u50007mb-num-11212702/
Lenovo ThinkPad E15 Laptop - Zwart,"815,-
       ","986,15",20YG003YMB,https://www.centralpoint.be/nl/laptops/lenovo/e15-amdl-g3-t-5500u-16gb-512gb-15-6-w10p-art-20yg003ymb-num-12235452/
Lenovo ThinkBook 13s Laptop - Grijs,"843,-
       ","1.020,03",20V9002LMB,https://www.centralpoint.be/nl/laptops/lenovo/13s-art-20v9002lmb-num-12028234/
Lenovo IdeaPad L340 Gaming Laptop - Zwart,"846,-
       ","1.023,66",81LL0065MB,https://www.centralpoint.be/nl/laptops/lenovo/l340-gaming-art-81ll0065mb-num-11387900/
Lenovo ThinkBook 14s Yoga i7 16GB RAM 512GB SSD Laptop - Grijs,"847,-
       ","1.024,87",20WE001RMB,https://www.centralpoint.be/nl/laptops/lenovo/14s-yoga-art-20we001rmb-num-12028228/
Lenovo ThinkPad L15 Laptop - Zwart,"850,-
       ","1.028,50",20U7001VMB,https://www.centralpoint.be/nl/laptops/lenovo/l15-amd-g1-t-4650u-15-6in-8-256gb-w10p-art-20u7001vmb-num-11735197/
Lenovo Plus i5 8GB RAM 256GB SSD Laptop - Grijs,"852,-
       ","1.030,92",20TG004QMB,https://www.centralpoint.be/nl/laptops/lenovo/plus-i5-8gb-ram-256gb-ssd-art-20tg004qmb-num-11212758/
Lenovo E15 G2 R7-4700U 16/512GB 15.6IN W10P Laptops,"854,-
       ","1.033,34",20YG0023MB,https://www.centralpoint.be/nl/laptops/lenovo/e15-g2-r7-4700u-16-512gb-15-6in-w10p-art-20yg0023mb-num-12248886/
Lenovo ThinkBook 13s Laptop - Grijs,"854,-
       ","1.033,34",20V9002JMB,https://www.centralpoint.be/nl/laptops/lenovo/13s-art-20v9002jmb-num-12028226/
Lenovo BTO/ThinkPad T590 Intel Core i5-8265U Laptops,"856,-
       ","1.035,76",20N5S2BE08,https://www.centralpoint.be/nl/laptops/lenovo/bto-thinkpad-t590-intel-core-i5-8265u-art-20n5s2be08-num-12055458/
Lenovo ThinkPad E14 Laptop - Zwart,"858,-
       ","1.038,18",20TA002PMB,https://www.centralpoint.be/nl/laptops/lenovo/tp-e14-14-0-i5-1135g7-16gb-512gb-w10p-art-20ta002pmb-num-12146788/
Lenovo ThinkBook 15 Laptop - Grijs,"867,-
       ","1.049,07",20VE0048MB,https://www.centralpoint.be/nl/laptops/lenovo/thinkbook-15-g2-i5-1135g7-16-512ssd-art-20ve0048mb-num-12164190/
Lenovo ThinkPad L14 Laptop - Zwart,"867,-
       ","1.049,07",20X5003DMB,https://www.centralpoint.be/nl/laptops/lenovo/l14-amd-g2-5600u-8gb-256gb-14-w10p-art-20x5003dmb-num-12235466/
Lenovo ThinkPad E15 Laptop - Zwart,"896,-
       ","1.084,16",20TD0027MB,https://www.centralpoint.be/nl/laptops/lenovo/tp-e15-g2-15-6-i5-1135g7-16gb-512gb-w10p-art-20td0027mb-num-12146792/
Lenovo ThinkBook 14 Laptop - Grijs,"907,-
       ","1.097,47",20VD0041MB,https://www.centralpoint.be/nl/laptops/lenovo/14-art-20vd0041mb-num-12172422/
Lenovo V V17 Laptop - Grijs,"914,-
       ","1.105,94",82GX007WMB,https://www.centralpoint.be/nl/laptops/lenovo/v17-art-82gx007wmb-num-11735237/
Lenovo V V17 Laptop - Grijs,"922,-
       ","1.115,62",82NX00EAMB,https://www.centralpoint.be/nl/laptops/lenovo/v17-g2-itl-i7-1165g7-16g-512gb-17-3-w10p-art-82nx00eamb-num-12235451/
Lenovo Legion Y540 Laptop - Zwart,"922,-
       ","1.115,62",81SY00HCMB,https://www.centralpoint.be/nl/laptops/lenovo/lenovo-15-6-legion-y540-15irh-i5-9300h-16gb-1tb-gtx1650-art-81sy00hcmb-num-12154028/
Lenovo ThinkBook 13s Laptop - Grijs,"927,-
       ","1.121,67",20RR003EMB,https://www.centralpoint.be/nl/laptops/lenovo/13s-art-20rr003emb-num-10586792/
Lenovo ThinkPad L14 Laptop - Zwart,"931,-
       ","1.126,51",20X1004DMB,https://www.centralpoint.be/nl/laptops/lenovo/l14-g2-t-i5-1135g7-8gb-256gb-14-w10p-art-20x1004dmb-num-12235457/
Lenovo ThinkBook 15 Laptop - Grijs,"944,-
       ","1.142,24",20VE0049MB,https://www.centralpoint.be/nl/laptops/lenovo/thinkbook-15-g2-i7-1165g7-16-512ssd-art-20ve0049mb-num-12168374/
Lenovo L15 G2 T I5-1135G7 8GB/256GB 15.6 W10P Laptops,"944,-
       ","1.142,24",20X3004VMB,https://www.centralpoint.be/nl/laptops/lenovo/l15-g2-t-i5-1135g7-8gb-256gb-15-6-w10p-art-20x3004vmb-num-12235458/
Lenovo 13s Laptops - Open Box,"949,-
       ","1.148,29",20R90072GE-N2,https://www.centralpoint.be/nl/laptops/lenovo/thinkbook-13s-i7-8565u-8gb-256ssd-13-3fhd-w10pwlan-bt-cam-fpr-w10p-64b-art-20r90072ge-n2-num-11265968/
Lenovo ThinkPad E15 Laptop - Zwart,"949,-
       ","1.148,29",20RD004MMB,https://www.centralpoint.be/nl/laptops/lenovo/notebook-tp-e15-ci7-16-512gb-15-6in-w10p-art-20rd004mmb-num-11033818/
Lenovo ThinkBook 14 Laptop - Grijs,"951,-
       ","1.150,71",20VD0080MB,https://www.centralpoint.be/nl/laptops/lenovo/thinkbook-14-g2-14-0fhd-ag-250n-n-core-i7-1165g7-2-8g-4c-mb-8gb-ddr4-3200-sodimm-8gb4x16gx16-ddr4-3200-512gb-ssd-m-2-2242-nvme-tlc-integrated-graphics-w10-pro-art-20vd0080mb-num-12152934/
Lenovo ThinkPad X1 Yoga Laptop - Grijs,"960,-
       ","1.161,60",20QF00ACMB,https://www.centralpoint.be/nl/laptops/lenovo/x1-yoga-art-20qf00acmb-num-8472419/
Lenovo L13 Yoga i5 8GB RAM 256GB SSD Laptop - Zwart,"998,-
       ","1.207,58",20R50004MB,https://www.centralpoint.be/nl/laptops/lenovo/l13-yoga-i5-8gb-ram-256gb-ssd-art-20r50004mb-num-10586790/
Lenovo NB LN ThinkBook Plus I7 16G 512G 10P Laptops,"1.011,-
       ","1.223,31",20TG004RMB,https://www.centralpoint.be/nl/laptops/lenovo/thinkbook-plus-ci7-13-3in-16-512gb-w10p-art-20tg004rmb-num-11735179/
Lenovo ThinkPad T14 Laptop - Zwart,"1.025,-
       ","1.240,25",20UD0011MB,https://www.centralpoint.be/nl/laptops/lenovo/ts-t14-g1-ryzen5pro-4650u-8-256ssd-art-20ud0011mb-num-11212764/
Lenovo L15 G2 T I5-1135G7 16GB/512GB 15.6 W10P Laptops,"1.027,-
       ","1.242,67",20X3004UMB,https://www.centralpoint.be/nl/laptops/lenovo/l15-g2-t-i5-1135g7-16gb-512gb-15-6-w10p-art-20x3004umb-num-12235445/
Lenovo ThinkPad E15 Laptop - Zwart,"1.029,-
       ","1.245,09",20TD0038MB,https://www.centralpoint.be/nl/laptops/lenovo/tp-e15-g1-15-6-i7-1165g7-16gb-512gb-w10p-art-20td0038mb-num-12146800/
Lenovo ThinkBook 15p Laptop - Grijs,"1.064,-
       ","1.287,44",20V3000PMB,https://www.centralpoint.be/nl/laptops/lenovo/thinkbook-15p-imh-ci5-15-6-16-512gb-w10p-art-20v3000pmb-num-11735205/
Lenovo ThinkPad X1 Carbon i5 8GB RAM 256GB SSD - AZERTY Laptop - Zwart,"1.064,-
       ","1.287,44",20U90047MB,https://www.centralpoint.be/nl/laptops/lenovo/thinkpad-x1-carbon-i5-8gb-ram-256gb-ssd-art-20u90047mb-num-11212692/
Lenovo ThinkPad X1 Carbon Laptop - Zwart,"1.064,-
       ","1.287,44",20U90069MB,https://www.centralpoint.be/nl/laptops/lenovo/ts-nb-tp-x1c-g8-i5-8g-256g-10p-art-20u90069mb-num-12028224/
Lenovo X13 AMD Ryzen 5 Pro 8GB RAM 256GB SSD Laptop - Zwart,"1.068,-
       ","1.292,28",20UF000EMB,https://www.centralpoint.be/nl/laptops/lenovo/x13-amd-ryzen-5-pro-8gb-ram-256gb-ssd-art-20uf000emb-num-11212760/
Lenovo ThinkPad T14 Laptop - Zwart,"1.074,-
       ","1.299,54",20UD0019MB,https://www.centralpoint.be/nl/laptops/lenovo/t14-art-20ud0019mb-num-11477838/
Lenovo TS/T P L13 I5-10210U 8/256SSD+T24d Laptops,"1.075,-
       ","1.300,75",20R30004MB-B01,https://www.centralpoint.be/nl/laptops/lenovo/tp-l13-i5-10210u-8gb-256gb-plus-t24d-art-20r30004mb-b01-num-12095414/
Lenovo TP T14s/14.0/R5_4650U/8GB/256GB/W10P Laptops,"1.091,-
       ","1.320,11",20UJ0011MB,https://www.centralpoint.be/nl/laptops/lenovo/t14s-amd-g1-r-4650u-8gb-256gb-14-w10p-art-20uj0011mb-num-12203878/
Lenovo ThinkPad T15 Laptop - Zwart,"1.103,-
       ","1.334,63",20S6002XMB,https://www.centralpoint.be/nl/laptops/lenovo/t15-art-20s6002xmb-num-11212726/
Lenovo NoteBook TP T14 G1 I5 8G 10P Laptops,"1.104,-
       ","1.335,84",20S0000FFR,https://www.centralpoint.be/nl/laptops/lenovo/notebook-tp-t14-g1-i5-8g-10p-art-20s0000ffr-num-12135644/
Lenovo ThinkPad T490 Laptop - Zwart,"1.110,-
       ","1.343,10",20N2005VMB,https://www.centralpoint.be/nl/laptops/lenovo/t490-art-20n2005vmb-num-8472373/
Lenovo TP T14 5_PRO_5650U 8BG 256 Laptops,"1.122,-
       ","1.357,62",20XK002TMB,https://www.centralpoint.be/nl/laptops/lenovo/t14-amd-g2-5650u-8gb-256gb-14-w10p-art-20xk002tmb-num-12235461/
Lenovo ThinkBook 15p Laptop - Grijs,"1.152,-
       ","1.393,92",20V3000QMB,https://www.centralpoint.be/nl/laptops/lenovo/tb-15p-15-6-i7-10750h-16gb-512gb-w10p-art-20v3000qmb-num-11735203/
Lenovo ThinkPad P14s Laptop - Zwart,"1.156,-
       ","1.398,76",20Y1000MMB,https://www.centralpoint.be/nl/laptops/lenovo/tp-p14s-14-0-r7-4750u-8gb-512gb-w10p-art-20y1000mmb-num-12146806/
Lenovo Yoga Duet 7 Laptop - Grijs,"1.163,-
       ","1.407,23",82AS004UMB,https://www.centralpoint.be/nl/laptops/lenovo/lenovo-yoga-duet-7-i7-10510u-8-512ssd-art-82as004umb-num-11793428/
Lenovo T15 G2 T I5-1135G7 8GB/256GB 15.6 W10P Laptops,"1.163,-
       ","1.407,23",20W4008EMB,https://www.centralpoint.be/nl/laptops/lenovo/t15-g2-t-i5-1135g7-8gb-256gb-15-6-w10p-art-20w4008emb-num-12235467/
Lenovo ThinkPad T14 Laptop - Zwart,"1.167,-
       ","1.412,07",20S0000KMB,https://www.centralpoint.be/nl/laptops/lenovo/notebook-tp-t14-g1-i5-16g-10p-art-20s0000kmb-num-12028230/
Lenovo ThinkPad T14 Laptop - Zwart,"1.167,-
       ","1.412,07",20S0000KIX,https://www.centralpoint.be/nl/laptops/lenovo/notebook-tp-t14-g1-i5-16g-10p-art-20s0000kix-num-12107116/
Lenovo ThinkPad T490s Laptop - Zwart,"1.184,-
       ","1.432,64",20NX003TMB,https://www.centralpoint.be/nl/laptops/lenovo/t490s-art-20nx003tmb-num-8472395/
Lenovo Yoga Duet 7 Laptop - Grijs,"1.233,-
       ","1.491,93",82AS006CMB,https://www.centralpoint.be/nl/laptops/lenovo/duet-7-art-82as006cmb-num-11735841/
Lenovo ThinkPad T14 Laptop - Zwart,"1.234,-
       ","1.493,14",20W0009HMB,https://www.centralpoint.be/nl/laptops/lenovo/t14-g2-t-i5-1135g7-16gb-256gb-14-w10p-art-20w0009hmb-num-12235462/
Lenovo T15 G2 T I5-1135G7 16GB/512GB 15.6 W10P Laptops,"1.260,-
       ","1.524,60",20W4008JMB,https://www.centralpoint.be/nl/laptops/lenovo/t15-g2-t-i5-1135g7-16gb-512gb-15-6-w10p-art-20w4008jmb-num-12235454/
Lenovo X13 G2 T I5-1135G7 16GB/256GB 13.3 W10P Laptops,"1.272,-
       ","1.539,12",20WK00ABMB,https://www.centralpoint.be/nl/laptops/lenovo/x13-g2-t-i5-1135g7-16gb-256gb-13-3-w10p-art-20wk00abmb-num-12235468/
"Lenovo Legion 5 Pro Laptop - Zwart,Grijs","1.277,-
       ","1.545,17",82JQ007MMB,https://www.centralpoint.be/nl/laptops/lenovo/lenovo-legion-5-pro-16ach6h-r7-5800h-16i-art-82jq007mmb-num-12226604/
Lenovo ThinkPad T14 Laptop - Zwart,"1.285,-
       ","1.554,85",20W0009GMB,https://www.centralpoint.be/nl/laptops/lenovo/t14-g2-t-i5-1145g7-8gb-256gb-14-w10p-art-20w0009gmb-num-12235447/
Lenovo ThinkPad X13 Yoga i5 8GB RAM 256GB SSD Laptop - Zwart,"1.301,-
       ","1.574,21",20SX001FMB,https://www.centralpoint.be/nl/laptops/lenovo/thinkpad-x13-yoga-i5-8gb-ram-256gb-ssd-art-20sx001fmb-num-11212738/
Lenovo TP T14 5_PRO_5850U 16BG 512 Laptops,"1.301,-
       ","1.574,21",20XK002SMB,https://www.centralpoint.be/nl/laptops/lenovo/t14-amd-g2-5850u-16gb-512gb-14-w10p-art-20xk002smb-num-12235463/
Lenovo X395 AMD Ryzen 7 Pro 16GB RAM 512GB SSD Laptop - Zwart,"1.319,-
       ","1.595,99",20NL000HMB,https://www.centralpoint.be/nl/laptops/lenovo/x395-amd-ryzen-7-pro-16gb-ram-512gb-ssd-art-20nl000hmb-num-10606932/
Lenovo ThinkPad T14 Laptop - Zwart,"1.326,-
       ","1.604,46",20S0004BMB,https://www.centralpoint.be/nl/laptops/lenovo/t14-art-20s0004bmb-num-11477846/
Lenovo ThinkPad T14 Laptop - Zwart,"1.326,-
       ","1.604,46",20S0004BGE,https://www.centralpoint.be/nl/laptops/lenovo/notebook-tp-t14-g1-i7-16g-10p-art-20s0004bge-num-11987508/
Lenovo Legion5 15.6" 15ARH05H R7 4800H 16GB 1TB RTX 2060 Laptops,"1.327,-
       ","1.605,67",82B10024MB,https://www.centralpoint.be/nl/laptops/lenovo/legion5-15arh05h-4800h-16g-plus-1tb-15-6-w10h-art-82b10024mb-num-11477434/
Lenovo ThinkPad T14s Laptop - Zwart,"1.359,-
       ","1.644,39",20UJ0015MB,https://www.centralpoint.be/nl/laptops/lenovo/t14s-art-20uj0015mb-num-11212754/
Lenovo T14s G2 T I5-1135G7 16GB/512GB 14 W10P Laptops,"1.371,-
       ","1.658,91",20WM00A4MB,https://www.centralpoint.be/nl/laptops/lenovo/t14s-g2-t-i5-1135g7-16gb-512gb-14-w10p-art-20wm00a4mb-num-12235469/
Lenovo TP T15 G2/15.6/I7-1165G7/16GB/512GB/W10P Laptops,"1.389,-
       ","1.680,69",20W4008DMB,https://www.centralpoint.be/nl/laptops/lenovo/t15-g2-t-i7-1165g7-16gb-512gb-15-6-w10p-art-20w4008dmb-num-12235465/
Lenovo ThinkPad X1 Carbon Laptop - Zwart,"1.392,-
       ","1.684,32",20U90047FR,https://www.centralpoint.be/nl/laptops/lenovo/notebook-tp-x1-carbon-g8-i5-8g-10p-art-20u90047fr-num-12135642/
"Lenovo Legion 5 Pro Laptop - Zwart,Grijs","1.396,-
       ","1.689,16",82JQ007NMB,https://www.centralpoint.be/nl/laptops/lenovo/lenovo-legion-5-pro-16ach6h-r7-5800h-16i-art-82jq007nmb-num-12220917/
Lenovo ThinkPad T14 Laptop - Zwart,"1.403,-
       ","1.697,63",20W000AMMB,https://www.centralpoint.be/nl/laptops/lenovo/t14-g2-t-i7-1165g7-16gb-512gb-14-w10p-art-20w000ammb-num-12235464/
Lenovo ThinkPad T14s - AZERTY Laptop - Zwart,"1.404,-
       ","1.698,84",20T0001PMB,https://www.centralpoint.be/nl/laptops/lenovo/t14s-art-20t0001pmb-num-11212752/
Lenovo NB TP T14 G1 I7 16G 256G 10P Laptops,"1.429,-
       ","1.729,09",20S0S2WE00,https://www.centralpoint.be/nl/laptops/lenovo/nb-tp-t14-g1-i7-16g-256g-10p-art-20s0s2we00-num-12212543/
Lenovo NB TP X13 G2 I7 16GB/512GB W10P Laptops,"1.433,-
       ","1.733,93",20WK00AGMB,https://www.centralpoint.be/nl/laptops/lenovo/nb-tp-x13-g2-i7-16gb-512gb-w10p-art-20wk00agmb-num-12235450/
Lenovo ThinkPad X12 Laptop - Zwart,"1.433,-
       ","1.733,93",20UW000GMB,https://www.centralpoint.be/nl/laptops/lenovo/x12-art-20uw000gmb-num-12203899/
"Lenovo Legion 5 Pro Laptop - Zwart,Grijs","1.436,-
       ","1.737,56",82JQ007PMB,https://www.centralpoint.be/nl/laptops/lenovo/lenovo-legion-5-pro-16ach6h-r7-5800h-16i-art-82jq007pmb-num-12226602/
Lenovo ThinkPad X13 Yoga Laptop - Zwart,"1.446,-
       ","1.749,66",20W80017MB,https://www.centralpoint.be/nl/laptops/lenovo/tp-x-x13-yoga-g2-t-13-3-i5-1135g7-w10p-art-20w80017mb-num-12224742/
Lenovo NB TP T14 G1 I7 16G 256G 10P Laptops,"1.451,-
       ","1.755,71",20S0S30C00,https://www.centralpoint.be/nl/laptops/lenovo/nb-tp-t14-g1-i7-16g-256g-10p-art-20s0s30c00-num-12212542/
"Lenovo Legion 5 Pro Laptop - Zwart,Grijs","1.476,-
       ","1.785,96",82JQ007QMB,https://www.centralpoint.be/nl/laptops/lenovo/lenovo-legion-5-pro-16ach6h-r7-5800h-16i-art-82jq007qmb-num-12227872/
Lenovo T14s G2 T I7-1165G7 16GB/512GB 14 W10P Laptops,"1.494,-
       ","1.807,74",20WM009YMB,https://www.centralpoint.be/nl/laptops/lenovo/t14s-g2-t-i7-1165g7-16gb-512gb-14-w10p-art-20wm009ymb-num-12235455/
Lenovo ThinkPad X1 Carbon Laptop - Zwart,"1.516,-
       ","1.834,36",20U9004SMB,https://www.centralpoint.be/nl/laptops/lenovo/x1-carbon-g8-t-ci5-14in-16-512gb-w10p-art-20u9004smb-num-11735199/
Lenovo ThinkPad P15s Laptop - Zwart,"1.518,-
       ","1.836,78",20T40008MB,https://www.centralpoint.be/nl/laptops/lenovo/p15s-art-20t40008mb-num-11735177/
Lenovo ThinkPad P15s G2 i7-1165G7 16GB Laptops,"1.523,-
       ","1.842,83",20W6000GMB,https://www.centralpoint.be/nl/laptops/lenovo/thinkpad-p15s-g2-i7-1165g7-16gb-art-20w6000gmb-num-12264002/
Lenovo TP X1 X1 Carbon G9 T 14 I5-1135G7 W10P Laptops,"1.540,-
       ","1.863,40",20XW0029MB,https://www.centralpoint.be/nl/laptops/lenovo/tp-x1-x1-carbon-g9-t-14-i5-1135g7-w10p-art-20xw0029mb-num-12224755/
Lenovo ThinkPad X1 Nano Laptop - Zwart,"1.569,-
       ","1.898,49",20UN0029MB,https://www.centralpoint.be/nl/laptops/lenovo/x1-nano-gen1-i5-1130g7-16g-256gb-13-w10p-art-20un0029mb-num-12139620/
Lenovo ThinkPad P15s Laptop - Zwart,"1.572,-
       ","1.902,12",20W60051MB,https://www.centralpoint.be/nl/laptops/lenovo/p15s-g2-t-i7-1165g7-16gb-512gb-15-6-w10p-art-20w60051mb-num-12235459/
Lenovo ThinkPad X13 Yoga Laptop - Zwart,"1.575,-
       ","1.905,75",20W80018MB,https://www.centralpoint.be/nl/laptops/lenovo/tp-x-x13-yoga-g2-t-13-3-i7-1165g7-w10p-art-20w80018mb-num-12224744/
Lenovo P14s G2 T I7-1165G7 16GB/512GB 14 W10P Laptops,"1.599,-
       ","1.934,79",20VX005LMB,https://www.centralpoint.be/nl/laptops/lenovo/p14s-g2-t-i7-1165g7-16gb-512gb-14-w10p-art-20vx005lmb-num-12235460/
Lenovo ThinkPad P14s Laptop - Zwart,"1.612,-
       ","1.950,52",20S4000KMB,https://www.centralpoint.be/nl/laptops/lenovo/p14s-art-20s4000kmb-num-11735165/
Lenovo ThinkPad X1 Carbon i5 16GB RAM 512GB SSD - AZERTY Laptop - Zwart,"1.641,-
       ","1.985,61",20U90042MB,https://www.centralpoint.be/nl/laptops/lenovo/thinkpad-x1-carbon-i5-16gb-ram-512gb-ssd-art-20u90042mb-num-11212708/
Lenovo ThinkPad P43s i7 16GB RAM 512GB SSD Laptop - Zwart,"1.650,-
       ","1.996,50",20RH001AMB,https://www.centralpoint.be/nl/laptops/lenovo/thinkpad-p43s-i7-16gb-ram-512gb-ssd-art-20rh001amb-num-8472429/
Lenovo ThinkPad X12 Detachable Laptop - Zwart,"1.655,-
       ","2.002,55",20UW000JMB,https://www.centralpoint.be/nl/laptops/lenovo/x12-detachable-i5-1130g7-16gb-256gb-w10p-art-20uw000jmb-num-12203900/
Lenovo ThinkPad X1 Carbon Laptop - Zwart,"1.660,-
       ","2.008,60",20U90082MB,https://www.centralpoint.be/nl/laptops/lenovo/tp-x1-car-14-0-i7-10510u-16gb-512gb-w10p-art-20u90082mb-num-12146804/
Lenovo NB TP T15p G1 I7 32G 512G 10P Laptops,"1.671,-
       ","2.021,91",20TNS05L00,https://www.centralpoint.be/nl/laptops/lenovo/nb-tp-t15p-g1-i7-32g-512g-10p-art-20tns05l00-num-12213733/
Lenovo ThinkPad P15v Laptop - Zwart,"1.678,-
       ","2.030,38",20TQ003KMB,https://www.centralpoint.be/nl/laptops/lenovo/p15v-g1-t-ci7-15-6in-16-512gb-w10p-art-20tq003kmb-num-11735193/
Lenovo ThinkPad X1 Yoga Laptop - Grijs,"1.691,-
       ","2.046,11",20XY003DMB,https://www.centralpoint.be/nl/laptops/lenovo/tp-x1-x1-yoga-g6-t-14-i5-1135g7-w10p-art-20xy003dmb-num-12224756/
Lenovo TP X1 X1 Carbon G9 T 14 I7-1165G7 W10P Laptops,"1.699,-
       ","2.055,79",20XW005NMB,https://www.centralpoint.be/nl/laptops/lenovo/tp-x1-x1-carbon-g9-t-14-i7-1165g7-w10p-art-20xw005nmb-num-12224757/
Lenovo ThinkPad X1 Nano Laptop - Zwart,"1.727,-
       ","2.089,67",20UN002SMB,https://www.centralpoint.be/nl/laptops/lenovo/x1-nano-g1-t-i7-1160g7-16g-512gb-13-w10p-art-20un002smb-num-12203897/
Lenovo BTO/TP X1 Yoga G5 I7-10610U 16/256SSD Laptops,"1.734,-
       ","2.098,14",20UCS1TY05,https://www.centralpoint.be/nl/laptops/lenovo/bto-tp-x1-yoga-g5-i7-10610u-16-256ssd-art-20ucs1ty05-num-12017718/
Lenovo ThinkPad X1 Yoga Laptop - Grijs,"1.742,-
       ","2.107,82",20UB004HMB,https://www.centralpoint.be/nl/laptops/lenovo/x1-yoga-art-20ub004hmb-num-12028248/
Lenovo ThinkPad P14s Laptop - Zwart,"1.748,-
       ","2.115,08",20S40015MB,https://www.centralpoint.be/nl/laptops/lenovo/p14s-art-20s40015mb-num-11212712/
Lenovo ThinkPad P15s Laptop - Zwart,"1.748,-
       ","2.115,08",20T40016MB,https://www.centralpoint.be/nl/laptops/lenovo/ts-p15s-g1-i7-10610u-16-512ssd-art-20t40016mb-num-11212756/
Lenovo BTO/NB TP X1Y G5 I5 8G 256G10P Laptops,"1.751,-
       ","2.118,71",20UBS0TW00,https://www.centralpoint.be/nl/laptops/lenovo/bto-nb-tp-x1y-g5-i5-8g-256g10p-art-20ubs0tw00-num-12135752/
Lenovo TS/P15s G2 I7-1185G7 16/1TBSSD Laptops,"1.802,-
       ","2.180,42",20W6005TMB,https://www.centralpoint.be/nl/laptops/lenovo/ts-p15s-g2-i7-1185g7-16-1tbssd-art-20w6005tmb-num-12264005/
Lenovo ThinkPad P15 Laptop - Zwart,"1.844,-
       ","2.231,24",20ST003KMB,https://www.centralpoint.be/nl/laptops/lenovo/ts-nb-ws-p15-g1-i7-16g-512g-10p-art-20st003kmb-num-12028202/
Lenovo ThinkPad X1 Yoga Laptop - Grijs,"1.897,-
       ","2.295,37",20XY003JMB,https://www.centralpoint.be/nl/laptops/lenovo/tp-x1-x1-yoga-g6-t-14-i5-1135g7-w10p-art-20xy003jmb-num-12224758/
Lenovo BTO/TP P1 G3 I7-10850H 16/512SSD Laptops,"1.899,-
       ","2.297,79",20THS0D600,https://www.centralpoint.be/nl/laptops/lenovo/bto-tp-p1-g3-i7-10850h-16-512ssd-art-20ths0d600-num-12258031/
Lenovo ThinkPad X1 Yoga Laptop - Grijs,"1.905,-
       ","2.305,05",20UB004JMB,https://www.centralpoint.be/nl/laptops/lenovo/ts-nb-tp-x1y-g5-i7-16g-512g-10p-art-20ub004jmb-num-12028232/
Lenovo ThinkPad X1 Extreme Laptop - Zwart,"1.968,-
       ","2.381,28",20QV001GMB,https://www.centralpoint.be/nl/laptops/lenovo/x1-extreme-ci7-16-512gb-15-6in-w10p-art-20qv001gmb-num-10319222/
Lenovo ThinkPad X1 Yoga Titanium Laptop,"2.004,-
       ","2.424,84",20QA001JMB,https://www.centralpoint.be/nl/laptops/lenovo/x1-titanium-i5-1130g7-16-256gb-13-5-w10p-art-20qa001jmb-num-12203891/
Lenovo ThinkPad X1 Yoga Laptop - Grijs,"2.023,-
       ","2.447,83",20XY004FMB,https://www.centralpoint.be/nl/laptops/lenovo/tp-x1-x1-yoga-g6-t-14-i7-1165g7-w10p-art-20xy004fmb-num-12224759/
Lenovo ThinkPad P15 Laptop - Zwart,"2.135,-
       ","2.583,35",20ST001LMB,https://www.centralpoint.be/nl/laptops/lenovo/ts-nb-ws-p15-g1-i7-16g-512g-10p-art-20st001lmb-num-12028242/
Lenovo ThinkPad P1 Laptop - Zwart,"2.304,-
       ","2.787,84",20TH000CMB,https://www.centralpoint.be/nl/laptops/lenovo/p1-art-20th000cmb-num-11735181/
Lenovo ThinkPad P17 Laptop - Zwart,"2.304,-
       ","2.787,84",20SN001JMB,https://www.centralpoint.be/nl/laptops/lenovo/p17-art-20sn001jmb-num-12028204/
Lenovo ThinkPad X1 Yoga Titanium Laptop,"2.364,-
       ","2.860,44",20QA001RMB,https://www.centralpoint.be/nl/laptops/lenovo/x1-titanium-i7-1160g7-16-512gb-13-5-w10p-art-20qa001rmb-num-12203894/
Lenovo ThinkPad P17 Gen 1 - AZERTY Laptop - Zwart,"2.366,-
       ","2.862,86",20SN002CMB,https://www.centralpoint.be/nl/laptops/lenovo/p17-gen-1-art-20sn002cmb-num-11735171/
Lenovo ThinkPad P1 Laptop - Zwart,"2.441,-
       ","2.953,61",20QT0034MB,https://www.centralpoint.be/nl/laptops/lenovo/ts-p1-g2-i7-9850h-16-1tb-art-20qt0034mb-num-11212706/
Lenovo ThinkPad T15g Laptop - Zwart,"2.443,-
       ","2.956,03",20UR000SMB,https://www.centralpoint.be/nl/laptops/lenovo/ts-nb-ws-p15g-g1-i7-16g-512g-10p-art-20ur000smb-num-12028250/
Lenovo ThinkPad X1 Extreme Laptop - Zwart,"2.479,-
       ","2.999,59",20TK000AMB,https://www.centralpoint.be/nl/laptops/lenovo/x1-extreme-art-20tk000amb-num-11735185/
Lenovo ThinkPad P17 Gen 1 - AZERTY Laptop - Zwart,"2.597,-
       ","3.142,37",20SN0027MB,https://www.centralpoint.be/nl/laptops/lenovo/p17-gen-1-art-20sn0027mb-num-11735169/
Lenovo TS/T15p G1 I7-10850H 32/1TBSSD Laptops,"2.605,-
       ","3.152,05",20TM0004MB,https://www.centralpoint.be/nl/laptops/lenovo/ts-t15p-g1-i7-10850h-32-1tbssd-art-20tm0004mb-num-12020714/
Lenovo ThinkPad X1 Fold Laptop - Zwart,"2.740,-
       ","3.315,40",20RL000XMB,https://www.centralpoint.be/nl/laptops/lenovo/x1-fold-g1-r-i5-l16g7b-256gb-13-3-w10p-art-20rl000xmb-num-12139616/
Lenovo ThinkPad P17 Laptop - Zwart,"2.745,-
       ","3.321,45",20SN0024MB,https://www.centralpoint.be/nl/laptops/lenovo/ts-nb-ws-p17-g1-i7-32g-1t-10p-art-20sn0024mb-num-12028238/
Lenovo ThinkPad P73 Laptop - Zwart,"2.846,-
       ","3.443,66",20QR0034MB,https://www.centralpoint.be/nl/laptops/lenovo/p73-ci7-16-512gb-17-3in-w10p-art-20qr0034mb-num-10259045/
Lenovo ThinkPad P1 Laptop - Zwart,"3.103,-
       ","3.754,63",20TH0019MB,https://www.centralpoint.be/nl/laptops/lenovo/p1-g3-t-ci9-15-6in-32-1tb-w10p-art-20th0019mb-num-11735183/
Lenovo WS P17 G1 I7 32G 1T 10P Laptops,"3.440,-
       ","4.162,40",20SN0032MB,https://www.centralpoint.be/nl/laptops/lenovo/lenovo-ws-p17-g1-i7-32g-1t-10p-art-20sn0032mb-num-12262721/
Lenovo ThinkPad E14 Laptop - Zwart,"799,-
       ","966,79",20TA0023MH,https://www.centralpoint.be/nl/laptops/lenovo/e14-g2i5-1135g78gb256gbw10p2-year-art-20ta0023mh-num-12212485/
Lenovo ThinkPad P15s Laptop - Zwart,"1.513,-
       ","1.830,73",20T40008MH,https://www.centralpoint.be/nl/laptops/lenovo/p15s-g1-t-ci7-15-6in-16-512gb-w10p-art-20t40008mh-num-12257565/
Lenovo ThinkBook 15 Laptop - Grijs,"692,-
       ","837,32",20VE00FJMH,https://www.centralpoint.nl/notebooks-laptops/lenovo/thinkbook-15-art-20ve00fjmh-num-13627191/
Lenovo ThinkBook 15 Laptop - Grijs,"619,-
       ","748,99",20VE009BMH,https://www.centralpoint.nl/notebooks-laptops/lenovo/thinkbook-15-art-20ve009bmh-num-13627190/
Lenovo ThinkBook 14s Yoga Laptop - Blauw,"777,-
       ","940,17",20WE002DMH,https://www.centralpoint.nl/notebooks-laptops/lenovo/thinkbook-14s-yoga-art-20we002dmh-num-13592899/
Lenovo ThinkPad E15 Laptop - Zwart,"749,-
       ","906,29",20TD0028MH,https://www.centralpoint.nl/notebooks-laptops/lenovo/thinkpad-e15-art-20td0028mh-num-13554323/
Lenovo ThinkPad P15s Laptop - Zwart,"1.453,-
       ","1.758,13",20T40008MH,https://www.centralpoint.nl/notebooks-laptops/lenovo/thinkpad-p15s-art-20t40008mh-num-13153529/
Lenovo ThinkPad T15 Laptop - Zwart,"1.308,-
       ","1.582,68",20W4002BMH,https://www.centralpoint.nl/notebooks-laptops/lenovo/thinkpad-t15-art-20w4002bmh-num-13614489/
Lenovo ThinkBook 15p Laptop - Grijs,"1.123,-
       ","1.358,83",20V3000QMH,https://www.centralpoint.nl/notebooks-laptops/lenovo/thinkbook-15p-art-20v3000qmh-num-13153523/
Lenovo ThinkPad E14 Laptop - Zwart,"959,-
       ","1.160,39",20TA002QMH,https://www.centralpoint.nl/notebooks-laptops/lenovo/thinkpad-e14-art-20ta002qmh-num-13554357/
Lenovo ThinkBook 14 G2 Laptop - Grijs,"657,-
       ","794,97",20VF003NMH,https://www.centralpoint.nl/notebooks-laptops/lenovo/thinkbook-14-g2-art-20vf003nmh-num-13554347/
Lenovo ThinkBook 15 Laptop - Grijs,"922,-
       ","1.115,62",20VE0049MH,https://www.centralpoint.nl/notebooks-laptops/lenovo/thinkbook-15-art-20ve0049mh-num-13554345/
Lenovo Chromebook 14e 14" Touch AMD A4 8GB RAM 64GB eMMC Laptop - Grijs,"289,-
       ","349,69",81MH0001MH,https://www.centralpoint.nl/notebooks-laptops/lenovo/chromebook-14e-14-touch-amd-a4-8gb-ram-64gb-emmc-art-81mh0001mh-num-11496823/
Lenovo ThinkBook 15 Laptop - Grijs,"615,-
       ","744,15",20VE006LMH,https://www.centralpoint.nl/notebooks-laptops/lenovo/thinkbook-15-art-20ve006lmh-num-13434313/
Lenovo ThinkBook 14s Yoga Laptop - Grijs,"1.061,-
       ","1.283,81",20WE001RMH,https://www.centralpoint.nl/notebooks-laptops/lenovo/thinkbook-14s-yoga-art-20we001rmh-num-13554355/
Lenovo ThinkBook 15 Laptop - Grijs,"738,-
       ","892,98",20VE0046MH,https://www.centralpoint.nl/notebooks-laptops/lenovo/thinkbook-15-art-20ve0046mh-num-13554339/
Lenovo V V15 Laptop - Grijs,"410,-
       ","496,10",82C7008LMH,https://www.centralpoint.nl/notebooks-laptops/lenovo/v15-adai5-1035g14gb256gbw10h1-year-art-82c7008lmh-num-12767837/
Lenovo ThinkPad E15 Laptop - Zwart,"937,-
       ","1.133,77",20TD0038MH,https://www.centralpoint.nl/notebooks-laptops/lenovo/e15-gen-2-itu-t-i7-1165g7-16-256-w10p-art-20td0038mh-num-13554327/
"Lenovo ThinkBook 15 G2 15,6"" Ryzen 5 8GB RAM 256GB SSD Laptop - Grijs","599,-
       ","724,79",20VG006RMH,https://www.centralpoint.nl/notebooks-laptops/lenovo/thinkbook-15-g2-15-6-ryzen-5-8gb-ram-256gb-ssd-art-20vg006rmh-num-13502351/
Lenovo 300e Laptop - Zwart,"247,-
       ","298,87",81MB001FMH,https://www.centralpoint.nl/notebooks-laptops/lenovo/300e-art-81mb001fmh-num-12009753/
Lenovo ThinkPad X1 Carbon Laptop - Zwart,"1.668,-
       ","2.018,28",20XW005NMH,https://www.centralpoint.nl/notebooks-laptops/lenovo/thinkpad-x1-carbon-art-20xw005nmh-num-13614495/
Lenovo ThinkBook 14s Yoga Laptop - Grijs,"831,-
       ","1.005,51",20WE001PMH,https://www.centralpoint.nl/notebooks-laptops/lenovo/thinkbook-14s-yoga-art-20we001pmh-num-13554351/
Lenovo ThinkPad X13 Yoga Laptop - Zwart,"1.546,-
       ","1.870,66",20W80018MH,https://www.centralpoint.nl/notebooks-laptops/lenovo/x13-yoga-g2-t-ci7-16-512gb-13-3in-w10p-art-20w80018mh-num-13614494/
Lenovo ThinkPad T15 Laptop - Zwart,"1.194,-
       ","1.444,74",20W40036MH,https://www.centralpoint.nl/notebooks-laptops/lenovo/thinkpad-t15-art-20w40036mh-num-13614485/
Lenovo 15 Laptop - Grijs,"744,-
       ","900,24",20VE0048MH,https://www.centralpoint.nl/notebooks-laptops/lenovo/thinkbook-15-art-20ve0048mh-num-13554343/
Lenovo ThinkPad E15 Laptop - Zwart,"853,-
       ","1.032,13",20TD0027MH,https://www.centralpoint.nl/notebooks-laptops/lenovo/thinkpad-e15-art-20td0027mh-num-13554359/
Lenovo ThinkBook 13s Laptop - Grijs,"1.013,-
       ","1.225,73",20V9002KMH,https://www.centralpoint.nl/notebooks-laptops/lenovo/thinkbook-13s-art-20v9002kmh-num-13554331/
Lenovo ThinkPad T14 Laptop - Zwart,"1.274,-
       ","1.541,54",20W00047MH,https://www.centralpoint.nl/notebooks-laptops/lenovo/thinkpad-t14-art-20w00047mh-num-13614484/
Lenovo T14s Laptop - Zwart,"1.346,-
       ","1.628,66",20WM00A4MH,https://www.centralpoint.nl/notebooks-laptops/lenovo/thinkpad-t14s-art-20wm00a4mh-num-13623638/
Lenovo V V17 Laptop - Grijs,"734,-
       ","888,14",82GX007XMH,https://www.centralpoint.nl/notebooks-laptops/lenovo/v-v17-art-82gx007xmh-num-13153533/
Lenovo ThinkPad X1 Yoga Laptop - Grijs,"1.985,-
       ","2.401,85",20XY004FMH,https://www.centralpoint.nl/notebooks-laptops/lenovo/x1-yoga-g6-t-ci7-16-512gb-14in-w10p-art-20xy004fmh-num-13614498/
Lenovo T15 Laptop - Zwart,"1.116,-
       ","1.350,36",20W40032MH,https://www.centralpoint.nl/notebooks-laptops/lenovo/thinkpad-t15-art-20w40032mh-num-13614483/
Lenovo ThinkPad X1 Yoga Titanium Laptop,"2.292,-
       ","2.773,32",20QA001RMH,https://www.centralpoint.nl/notebooks-laptops/lenovo/thinkpad-x1-yoga-titanium-art-20qa001rmh-num-13575313/
Lenovo V V15 Laptop - Zwart,"591,-
       ","715,11",82KB002VMH,https://www.centralpoint.nl/notebooks-laptops/lenovo/v-v15-art-82kb002vmh-num-13603650/
"Lenovo ThinkBook 15 G2 15,6"" Ryzen 5 8GB RAM 512GB SSD Laptop - Grijs","643,-
       ","778,03",20VG006QMH,https://www.centralpoint.nl/notebooks-laptops/lenovo/thinkbook-15-g2-15-6-ryzen-5-8gb-ram-512gb-ssd-art-20vg006qmh-num-13502353/
Lenovo ThinkPad P15s Laptop - Zwart,"1.543,-
       ","1.867,03",20W60051MH,https://www.centralpoint.nl/notebooks-laptops/lenovo/thinkpad-p15s-art-20w60051mh-num-13623635/
Lenovo P17 Laptop - Zwart,"2.704,-
       ","3.271,84",20SN0024MH,https://www.centralpoint.nl/notebooks-laptops/lenovo/thinkpad-p17-art-20sn0024mh-num-13489371/
"Lenovo ThinkPad E15 15,6"" i5 8GB RAM 256GB SSD Laptop - Zwart","750,-
       ","907,50",20RD004JMH,https://www.centralpoint.nl/notebooks-laptops/lenovo/thinkpad-e15-15-6-i5-8gb-ram-256gb-ssd-art-20rd004jmh-num-11784855/
Lenovo ThinkBook 14 Laptop - Grijs,"779,-
       ","942,59",20VD003YMH,https://www.centralpoint.nl/notebooks-laptops/lenovo/thinkbook-14-art-20vd003ymh-num-13554335/
Lenovo T15 Laptop - Zwart,"1.359,-
       ","1.644,39",20W4008DMH,https://www.centralpoint.nl/notebooks-laptops/lenovo/thinkpad-t15-art-20w4008dmh-num-13623639/
Lenovo ThinkBook 14s Yoga Laptop - Grijs,"980,-
       ","1.185,80",20WE001QMH,https://www.centralpoint.nl/notebooks-laptops/lenovo/thinkbook-14s-yoga-art-20we001qmh-num-13554353/
Lenovo ThinkPad E14 G2 14" i5 8GB RAM 256GB SSD Laptop - Zwart,"827,-
       ","1.000,67",20TA0023MH,https://www.centralpoint.nl/notebooks-laptops/lenovo/thinkpad-e14-g2-14-i5-8gb-ram-256gb-ssd-art-20ta0023mh-num-13447375/
Lenovo ThinkPad X1 Carbon 14" i7 16GB RAM 512GB SSD Laptop - Zwart,"1.594,-
       ","1.928,74",20U90082MH,https://www.centralpoint.nl/notebooks-laptops/lenovo/thinkpad-x1-carbon-14-i7-16gb-ram-512gb-ssd-art-20u90082mh-num-13489381/
Lenovo V V17 Laptop - Grijs,"640,-
       ","774,40",82GX0087MH,https://www.centralpoint.nl/notebooks-laptops/lenovo/v-v17-art-82gx0087mh-num-13153493/
Lenovo ThinkPad E14 Laptop - Zwart,"637,-
       ","770,77",20T6000VMH,https://www.centralpoint.nl/notebooks-laptops/lenovo/thinkpad-e14-art-20t6000vmh-num-12582047/
Lenovo ThinkPad C13 Yoga Chromebook Laptop - Blauw,"664,-
       ","803,44",20UX001GMH,https://www.centralpoint.nl/notebooks-laptops/lenovo/thinkpad-c13-yoga-chromebook-art-20ux001gmh-num-13623625/
Lenovo ThinkPad X1 Carbon Laptop - Zwart,"1.512,-
       ","1.829,52",20XW0029MH,https://www.centralpoint.nl/notebooks-laptops/lenovo/x1-carbon-g9-t-ci5-16-256gb-14in-w10p-art-20xw0029mh-num-13614493/
Lenovo ThinkBook 14 Laptop - Grijs,"934,-
       ","1.130,14",20VD0080MH,https://www.centralpoint.nl/notebooks-laptops/lenovo/thinkbook-14-art-20vd0080mh-num-13554337/
Lenovo ThinkPad X1 Extreme Laptop - Zwart,"2.427,-
       ","2.936,67",20TK000AMH,https://www.centralpoint.nl/notebooks-laptops/lenovo/ts-tp-x1-i7-16gb-512ssd-w10p-art-20tk000amh-num-13153511/
Lenovo ThinkPad T15 Laptop - Zwart,"1.039,-
       ","1.257,19",20S6002XMH,https://www.centralpoint.nl/notebooks-laptops/lenovo/thinkpad-t15-art-20s6002xmh-num-12581999/
Lenovo ThinkPad X1 Carbon G8 14" i5 8GB RAM 256GB SSD Laptop - Zwart,"1.047,-
       ","1.266,87",20U90069MH,https://www.centralpoint.nl/notebooks-laptops/lenovo/thinkpad-x1-carbon-g8-14-i5-8gb-ram-256gb-ssd-art-20u90069mh-num-13489379/
Lenovo ThinkPad X1 Nano Laptop - Zwart,"1.695,-
       ","2.050,95",20UN002SMH,https://www.centralpoint.nl/notebooks-laptops/lenovo/ts-x1-nano-g1-i7-16gb-512ssd-w10p-art-20un002smh-num-13575311/
Lenovo V V15 Laptop - Grijs,"514,-
       ","621,94",82C500G5MH,https://www.centralpoint.nl/notebooks-laptops/lenovo/nb-ln-lenovo-v15-iil-i3-4g-4g-256g-10h-art-82c500g5mh-num-12770977/
Lenovo ThinkBook 15 Laptop - Grijs,"605,-
       ","732,05",20VE0047MH,https://www.centralpoint.nl/notebooks-laptops/lenovo/thinkbook-15-art-20ve0047mh-num-13554341/
Lenovo T15 Laptop - Zwart,"1.238,-
       ","1.497,98",20W4008JMH,https://www.centralpoint.nl/notebooks-laptops/lenovo/thinkpad-t15-art-20w4008jmh-num-13623642/
Lenovo ThinkPad P14s Laptop - Zwart,"1.522,-
       ","1.841,62",20S4000KMH,https://www.centralpoint.nl/notebooks-laptops/lenovo/thinkpad-p14s-art-20s4000kmh-num-13153491/
Lenovo ThinkBook 15p Laptop - Grijs,"1.040,-
       ","1.258,40",20V3000PMH,https://www.centralpoint.nl/notebooks-laptops/lenovo/thinkbook-15p-art-20v3000pmh-num-13153521/
Lenovo ThinkPad P15v Laptop - Zwart,"1.743,-
       ","2.109,03",20TQ003KMH,https://www.centralpoint.nl/notebooks-laptops/lenovo/thinkpad-p15v-art-20tq003kmh-num-13153515/
Lenovo ThinkPad P15v Laptop - Zwart,"1.699,-
       ","2.055,79",20TQ004AMH,https://www.centralpoint.nl/notebooks-laptops/lenovo/p15v-g1-t-ci7-32-1tb-ssd-w10p-art-20tq004amh-num-13645603/
Lenovo V V15 Laptop - Zwart,"535,-
       ","647,35",82KB002YMH,https://www.centralpoint.nl/notebooks-laptops/lenovo/v-v15-art-82kb002ymh-num-13603649/
Lenovo V V17 Laptop - Grijs,"905,-
       ","1.095,05",82NX00EAMH,https://www.centralpoint.nl/notebooks-laptops/lenovo/v17-g2-itl-i7-1165g7-8gb-512gb-17-3-w10p-art-82nx00eamh-num-13623644/
Lenovo ThinkPad X1 Yoga G5 14" i5 16GB RAM 256GB SSD Laptop - Grijs,"1.197,-
       ","1.448,37",20UB004HMH,https://www.centralpoint.nl/notebooks-laptops/lenovo/thinkpad-x1-yoga-g5-14-i5-16gb-ram-256gb-ssd-art-20ub004hmh-num-13489383/
Lenovo ThinkPad T480 14" i5 8GB RAM 256GB SSD Laptop - Zwart,"1.386,-
       ","1.677,06",20L60034MD,https://www.centralpoint.nl/notebooks-laptops/lenovo/thinkpad-t480-art-20l60034md-num-11479121/
Lenovo ThinkPad P14s Laptop - Zwart,"1.570,-
       ","1.899,70",20VX005LMH,https://www.centralpoint.nl/notebooks-laptops/lenovo/p14s-g2-t-i7-1165g7-16gb-512gb-14-w10p-art-20vx005lmh-num-13623634/
Lenovo E15 Laptop - Zwart,"718,-
       ","868,78",20YG006NMH,https://www.centralpoint.nl/notebooks-laptops/lenovo/thinkpad-e15-art-20yg006nmh-num-13641254/
Lenovo ThinkPad L15 Laptop - Zwart,"902,-
       ","1.091,42",20U30029MH,https://www.centralpoint.nl/notebooks-laptops/lenovo/thinkpad-l15-art-20u30029mh-num-12750365/
Lenovo ThinkPad P15 Laptop - Zwart,"2.325,-
       ","2.813,25",20ST003HMH,https://www.centralpoint.nl/notebooks-laptops/lenovo/thinkpad-p15-art-20st003hmh-num-13153487/
Lenovo ThinkPad L14 Laptop - Zwart,"850,-
       ","1.028,50",20U1002EMH,https://www.centralpoint.nl/notebooks-laptops/lenovo/thinkpad-l14-art-20u1002emh-num-12750359/
Lenovo ThinkPad X12 Laptop - Zwart,"1.527,-
       ","1.847,67",20UW000GMH,https://www.centralpoint.nl/notebooks-laptops/lenovo/thinkpad-x12-art-20uw000gmh-num-13575317/
Lenovo ThinkPad P1 Laptop - Zwart,"2.262,-
       ","2.737,02",20TH000CMH,https://www.centralpoint.nl/notebooks-laptops/lenovo/thinkpad-p1-art-20th000cmh-num-13153503/
Lenovo ThinkBook 13s Laptop - Grijs,"842,-
       ","1.018,82",20V9002JMH,https://www.centralpoint.nl/notebooks-laptops/lenovo/thinkbook-13s-art-20v9002jmh-num-13554329/
Lenovo 300e Chrome\N4020\4GB\32GB Laptop - Zwart,"260,-
       ","314,60",81MB001GMH,https://www.centralpoint.nl/notebooks-laptops/lenovo/300e-chromen40204gb32gb-art-81mb001gmh-num-12009751/
"Lenovo ThinkPad L13 Yoga 13,3"" Touch i5 8GB RAM 256GB SSD Laptop - Zwart","976,-
       ","1.180,96",20R50004MH,https://www.centralpoint.nl/notebooks-laptops/lenovo/thinkpad-l13-yoga-13-3-touch-i5-8gb-ram-256gb-ssd-art-20r50004mh-num-11705241/
Lenovo ThinkPad L14 Laptop - Zwart,"992,-
       ","1.200,32",20U50005MH,https://www.centralpoint.nl/notebooks-laptops/lenovo/thinkpad-l14-art-20u50005mh-num-13613853/
Lenovo V V14 Laptop - Zwart,"604,-
       ","730,84",82KA0037MH,https://www.centralpoint.nl/notebooks-laptops/lenovo/v-v14-art-82ka0037mh-num-13602541/
Lenovo ThinkPad T15 Laptop - Zwart,"1.259,-
       ","1.523,39",20W4003FMH,https://www.centralpoint.nl/notebooks-laptops/lenovo/thinkpad-t15-art-20w4003fmh-num-13645605/
Lenovo ThinkPad P15v Laptop - Zwart,"1.722,-
       ","2.083,62",20TQ003RMH,https://www.centralpoint.nl/notebooks-laptops/lenovo/tp-p15v-g1-t-ci7-32-1tb-ssd-w10p-art-20tq003rmh-num-13645590/
Lenovo E15 Laptop - Zwart,"788,-
       ","953,48",20YG006QMH,https://www.centralpoint.nl/notebooks-laptops/lenovo/e15-g3-r5-5500-16gb-512gb-15-6in-w10p-art-20yg006qmh-num-13641256/
Lenovo ThinkPad T15g Laptop - Zwart,"2.398,-
       ","2.901,58",20UR000SMH,https://www.centralpoint.nl/notebooks-laptops/lenovo/thinkpad-t15g-art-20ur000smh-num-13489391/
Lenovo T14s Laptop - Zwart,"1.467,-
       ","1.775,07",20WM009YMH,https://www.centralpoint.nl/notebooks-laptops/lenovo/t14s-g2-t-i7-1165g7-16gb-512gb-14-w10p-art-20wm009ymh-num-13623640/
Lenovo ThinkPad X1 Yoga Laptop - Grijs,"1.639,-
       ","1.983,19",20XY003DMH,https://www.centralpoint.nl/notebooks-laptops/lenovo/thinkpad-x1-yoga-art-20xy003dmh-num-13614496/
Lenovo ThinkPad T14 Laptop - Zwart,"1.378,-
       ","1.667,38",20W000AMMH,https://www.centralpoint.nl/notebooks-laptops/lenovo/t14-g2-t-i7-1165g7-16gb-512gb-14-w10p-art-20w000ammh-num-13623649/
Lenovo ThinkBook 14 Laptop - Grijs,"799,-
       ","966,79",20VD008UMH,https://www.centralpoint.nl/notebooks-laptops/lenovo/tb-14-g2-itl-ci7-8-512gb-ssd-w10h-art-20vd008umh-num-13645602/
Lenovo ThinkPad X1 Yoga Titanium Laptop,"1.666,-
       ","2.015,86",20QA001JMH,https://www.centralpoint.nl/notebooks-laptops/lenovo/thinkpad-x1-yoga-titanium-art-20qa001jmh-num-13575315/
Lenovo T14 Laptop - Zwart,"1.268,-
       ","1.534,28",20XK002SMH,https://www.centralpoint.nl/notebooks-laptops/lenovo/nb-t-t14-amd-g2-5850u-16gb-512gb-14-w10p-art-20xk002smh-num-13626958/
Lenovo ThinkPad X13 Laptop - Zwart,"1.249,-
       ","1.511,29",20WK00ABMH,https://www.centralpoint.nl/notebooks-laptops/lenovo/x13-g2-t-i5-1135g7-16gb-256gb-13-3-w10p-art-20wk00abmh-num-13623645/
Lenovo Chromebook 14e 14" AMD A4 4GB RAM 32GB eMMC Laptop - Grijs,"227,-
       ","274,67",81MH0000MH,https://www.centralpoint.nl/notebooks-laptops/lenovo/chromebook-14e-14-amd-a4-4gb-ram-32gb-emmc-art-81mh0000mh-num-11072123/
Lenovo 14 Laptop - Grijs,"789,-
       ","954,69",21A2002LMH,https://www.centralpoint.nl/notebooks-laptops/lenovo/nb-14-g3-acl-5700u-8gb-512gb-14-w10p-art-21a2002lmh-num-13618387/
Lenovo ThinkBook 15 Laptop - Grijs,"635,-
       ","768,35",20VE006MMB,https://www.centralpoint.nl/notebooks-laptops/lenovo/thinkbook-15-g215-6i5-1135g716gb256gbwin10-pro-3y-os-art-20ve006mmb-num-13632993/
"Lenovo ThinkPad X1 Fold G1 13,3"" i5 8GB RAM 256GB SSD Laptop - Zwart","2.315,-
       ","2.801,15",20RL000XMH,https://www.centralpoint.nl/notebooks-laptops/lenovo/thinkpad-x1-fold-g1-13-3-i5-8gb-ram-256gb-ssd-art-20rl000xmh-num-13503277/
Lenovo ThinkPad X1 Carbon G8 14" i5 16GB RAM 256GB SSD Laptop - Zwart,"1.427,-
       ","1.726,67",20U90084MH,https://www.centralpoint.nl/notebooks-laptops/lenovo/thinkpad-x1-carbon-g8-14-i5-16gb-ram-256gb-ssd-art-20u90084mh-num-13500713/
Lenovo ThinkPad X1 Yoga Laptop - Grijs,"1.771,-
       ","2.142,91",20UB002LMH,https://www.centralpoint.nl/notebooks-laptops/lenovo/thinkpad-x1-yoga-art-20ub002lmh-num-12582009/
Lenovo ThinkPad X1 Yoga Laptop - Grijs,"1.863,-
       ","2.254,23",20XY003JMH,https://www.centralpoint.nl/notebooks-laptops/lenovo/x1-yoga-g6-t-ci5-16-512gb-14in-w10p-art-20xy003jmh-num-13614497/
Lenovo ThinkPad L14 Laptop - Zwart,"852,-
       ","1.030,92",20X5003DMH,https://www.centralpoint.nl/notebooks-laptops/lenovo/l14-amd-g2-5600u-8gb-256gb-14-w10p-art-20x5003dmh-num-13623630/
Lenovo ThinkPad L14 Laptop - Zwart,"987,-
       ","1.194,27",20X1004DMH,https://www.centralpoint.nl/notebooks-laptops/lenovo/l14-g2-t-i5-1135g7-8gb-256gb-14-w10p-art-20x1004dmh-num-13623631/
Lenovo ThinkPad X13 Laptop - Zwart,"1.407,-
       ","1.702,47",20WK00AGMH,https://www.centralpoint.nl/notebooks-laptops/lenovo/x13-g2-t-i7-1165g7-16gb-512gb-13-3-w10p-art-20wk00agmh-num-13623646/
Lenovo ThinkPad X1 Carbon Laptop - Zwart - Demo model,"1.519,-
       ","1.837,99",20KH006JPG-D2,https://www.centralpoint.nl/notebooks-laptops/lenovo/thinkpad-x1-carbon-art-20kh006jpg-d2-num-12017339/
Lenovo ThinkPad P17 G2 CI7-11850H 32 / 1TB 17.3 W10P - QWERTY Laptop - Zwart,"2.659,-
       ","3.217,39",20YU000BMH,https://www.centralpoint.nl/notebooks-laptops/lenovo/tp-p17-g2-ci7-11850h-32-1tb-17-3-w10p-art-20yu000bmh-num-13655131/
Lenovo ThinkBook 15 Laptop - Grijs,"763,-
       ","923,23",21A4002DMH,https://www.centralpoint.nl/notebooks-laptops/lenovo/nb-15-g3-acl-5700u-8gb-512gb-15-6-w10p-art-21a4002dmh-num-13618389/
Lenovo V V15 Laptop - Zwart,"477,-
       ","577,17",82KD002DMH,https://www.centralpoint.nl/notebooks-laptops/lenovo/v15-g2-alc-5500u-8-256gb-nl-15-6in-w10h-art-82kd002dmh-num-13647985/
Lenovo ThinkPad X13 Yoga Laptop - Zwart,"1.409,-
       ","1.704,89",20W80017MH,https://www.centralpoint.nl/notebooks-laptops/lenovo/x13-yoga-g2-t-ci5-14-256gb-13-3in-w10p-art-20w80017mh-num-13614491/
Lenovo ThinkPad X1 Yoga G5 14" i5 16GB RAM 256GB SSD Laptop - Grijs,"1.576,-
       ","1.906,96",20UB005AMH,https://www.centralpoint.nl/notebooks-laptops/lenovo/thinkpad-x1-yoga-g5-14-i5-16gb-ram-256gb-ssd-art-20ub005amh-num-13489387/
Lenovo ThinkPad C13 Yoga Chromebook Laptop - Blauw,"711,-
       ","860,31",20UX001NMH,https://www.centralpoint.nl/notebooks-laptops/lenovo/thinkpad-c13-yoga-chromebook-art-20ux001nmh-num-13623626/
Lenovo ThinkPad L15 Laptop - Zwart,"927,-
       ","1.121,67",20X3004VMH,https://www.centralpoint.nl/notebooks-laptops/lenovo/l15-g2-t-i5-1135g7-8gb-256gb-15-6-w10p-art-20x3004vmh-num-13623632/
Lenovo ThinkPad T15 Laptop - Zwart,"1.256,-
       ","1.519,76",20S60048MH,https://www.centralpoint.nl/notebooks-laptops/lenovo/thinkpad-t15-art-20s60048mh-num-13489367/
Lenovo V V15 Laptop - Zwart,"453,-
       ","548,13",82KD0029MH,https://www.centralpoint.nl/notebooks-laptops/lenovo/v15-g2-alc-5300u-8-256gb-nl-15-6in-w10h-art-82kd0029mh-num-13647982/
Lenovo T15 Laptop - Zwart,"1.142,-
       ","1.381,82",20W4008EMH,https://www.centralpoint.nl/notebooks-laptops/lenovo/t15-g2-t-i5-1135g7-8gb-256gb-15-6-w10p-art-20w4008emh-num-13623641/
"Lenovo ThinkPad P15 G1 15,6"" i7 16GB RAM 512GB SSD Laptop - Zwart","2.104,-
       ","2.545,84",20ST001LMH,https://www.centralpoint.nl/notebooks-laptops/lenovo/thinkpad-p15-g1-15-6-i7-16gb-ram-512gb-ssd-art-20st001lmh-num-13489373/
Lenovo ThinkPad E15 Laptop - Zwart,"729,-
       ","882,09",20TD0029MH,https://www.centralpoint.nl/notebooks-laptops/lenovo/thinkpad-e15-art-20td0029mh-num-13554325/
Lenovo E14 Laptop - Zwart,"736,-
       ","890,56",20Y7003VMH,https://www.centralpoint.nl/notebooks-laptops/lenovo/e14-amdl-g3-t-5500u-8gb-256gb-14-w10p-art-20y7003vmh-num-13623627/
Lenovo ThinkPad T14 Laptop - Zwart,"1.208,-
       ","1.461,68",20W0009HMH,https://www.centralpoint.nl/notebooks-laptops/lenovo/t14-g2-t-i5-1135g7-8gb-256gb-14-w10p-art-20w0009hmh-num-13623636/
Lenovo P15s Laptop - Zwart,"1.487,-
       ","1.799,27",20W6000GMH,https://www.centralpoint.nl/notebooks-laptops/lenovo/thinkpad-p15s-ci7-16-512gb-15-6in-w10p-art-20w6000gmh-num-13636344/
Lenovo E14 Laptop - Zwart,"723,-
       ","874,83",20Y70074MH,https://www.centralpoint.nl/notebooks-laptops/lenovo/e14-g3-r5-5500u-8gb-256gb-14in-w10p-art-20y70074mh-num-13641255/
Lenovo ThinkBook 13s Laptop - Grijs,"830,-
       ","1.004,30",20V9002LMH,https://www.centralpoint.nl/notebooks-laptops/lenovo/thinkbook-13s-art-20v9002lmh-num-13554333/
Lenovo V V17 Laptop - Grijs,"665,-
       ","804,65",82NX00E9MH,https://www.centralpoint.nl/notebooks-laptops/lenovo/v17-g2-itl-i5-1135g7-8gb-256gb-17-3-w10p-art-82nx00e9mh-num-13623643/
Lenovo ThinkPad T15 Laptop - Zwart,"1.126,-
       ","1.362,46",20S6003VMH,https://www.centralpoint.nl/notebooks-laptops/lenovo/ts-tp-t15-g1-i5-8gb-512ssd-w10p-art-20s6003vmh-num-12750361/
Lenovo ThinkPad L590 Laptop - Zwart - Demo model,"1.349,-
       ","1.632,29",20Q7001JMZ-D1,https://www.centralpoint.nl/notebooks-laptops/lenovo/thinkpad-l590-i7-8565u-16gb-512gb-ssd-15-6fhd-w10wlan-bt-cam-fpr-art-20q7001jmz-d1-num-13534551/
Lenovo ThinkPad E15 Laptop - Zwart,"731,-
       ","884,51",20YG0047MH,https://www.centralpoint.nl/notebooks-laptops/lenovo/e15-amdl-g3-t-5500u-8gb-256gb-15-6-w10p-art-20yg0047mh-num-13623629/
Lenovo ThinkPad L15 Laptop - Zwart,"1.008,-
       ","1.219,68",20X3004UMH,https://www.centralpoint.nl/notebooks-laptops/lenovo/l15-g2-t-i5-1135g7-16gb-512gb-15-6-w10p-art-20x3004umh-num-13623633/
Lenovo ThinkBook 15 Laptop - Grijs,"592,-
       ","716,32",20VE0047MB,https://www.centralpoint.nl/notebooks-laptops/lenovo/thinkbook-15-g2-15-6fhd-ag-250n-n-core-i3-1115g4-3-0g-2c-mb-none-8gb4x16gx16-ddr4-3200-256gb-ssd-m-2-2242-nvme-tlc-integrated-graphics-w10-pro-std-2y-depot-cc-art-20ve0047mb-num-13634911/
Lenovo V V17 Laptop - Grijs,"614,-
       ","742,94",82NX00EBMH,https://www.centralpoint.nl/notebooks-laptops/lenovo/v17-g2-itl-i5-1135g7-8gb-256gb-17-3-w10h-art-82nx00ebmh-num-13623651/
Lenovo ThinkBook 15 Laptop - Grijs,"642,-
       ","776,82",21A4002BMH,https://www.centralpoint.nl/notebooks-laptops/lenovo/nb-15-g3-acl-5500u-8gb-256gb-15-6-w10p-art-21a4002bmh-num-13618388/
Lenovo ThinkPad T14 Laptop - Zwart,"1.253,-
       ","1.516,13",20W0009GMH,https://www.centralpoint.nl/notebooks-laptops/lenovo/thinkpad-t14-art-20w0009gmh-num-13623637/
Lenovo ThinkPad X1 Nano Gen1 I5-1130G7 16GB/256GB 13 W10 Laptop - Zwart,"1.547,-
       ","1.871,87",20UN0029MH,https://www.centralpoint.nl/notebooks-laptops/lenovo/thinkpad-x1-nano-gen1-i5-1130g7-16gb-256gb-13-w10-art-20un0029mh-num-13503273/
Lenovo ThinkBook 14 Laptop - Grijs,"656,-
       ","793,76",21A2002MMH,https://www.centralpoint.nl/notebooks-laptops/lenovo/nb-14-g3-acl-5500u-8gb-256gb-14-w10p-art-21a2002mmh-num-13618386/
Lenovo ThinkPad X1 Carbon 14" i5 16GB RAM 256GB SSD Laptop - Zwart - Demo model,"1.457,-
       ","1.762,97",20QD00L3MX-D2,https://www.centralpoint.nl/notebooks-laptops/lenovo/x1-carbon-7th-i5-8265u-16gb-256gb-ssd-14fhd-w10p-art-20qd00l3mx-d2-num-12495119/
Lenovo X1 Carbon Laptop - Zwart,"1.538,-
       ","1.860,98",20XW0062MH,https://www.centralpoint.nl/notebooks-laptops/lenovo/nb-tp-x1-carbon-g9-i5-16gb-512gb-w10p-art-20xw0062mh-num-13626955/
Lenovo ThinkPad X1 Fold Laptop - Zwart,"2.759,-
       ","3.338,39",20RL000YMH,https://www.centralpoint.nl/notebooks-laptops/lenovo/nb-tp-x1f-g1-ci5-13-3in-8-512gb-w10p-art-20rl000ymh-num-13589465/
Lenovo ThinkPad E15 Laptop - Zwart,"800,-
       ","968,-",20YG003YMH,https://www.centralpoint.nl/notebooks-laptops/lenovo/e15-amdl-g3-t-5500u-8gb-512gb-15-6-w10p-art-20yg003ymh-num-13623628/
Lenovo ThinkPad L13 Laptop - Zwart,"916,-
       ","1.108,36",20VH0048MH,https://www.centralpoint.nl/notebooks-laptops/lenovo/nb-l13-clam-g2-t-ci5-1135g7-8-256gb-13-3-art-20vh0048mh-num-13618385/
Lenovo ThinkPad E15 Laptop - Zwart,"874,-
       ","1.057,54",20T8006DMH,https://www.centralpoint.nl/notebooks-laptops/lenovo/nb-tp-e15-gen-2-r7-16g-512g-10p-art-20t8006dmh-num-13647460/
Lenovo ThinkPad P17 G2 CI7-11800H 16 / 512GB 17.3 W10P Laptop - Zwart,"1.860,-
       ","2.250,60",20YU0028MH,https://www.centralpoint.nl/notebooks-laptops/lenovo/tp-p17-g2-ci7-11800h-16-512gb-17-3-w10p-art-20yu0028mh-num-13655129/
Lenovo T14 Laptop - Zwart,"1.092,-
       ","1.321,32",20XK002TMH,https://www.centralpoint.nl/notebooks-laptops/lenovo/nb-t-t14-amd-g2-5650u-8gb-256gb-14-w10p-art-20xk002tmh-num-13626957/
Lenovo V V15 Laptop - Zwart,"506,-
       ","612,26",82KD002CMH,https://www.centralpoint.nl/notebooks-laptops/lenovo/v15-g2-alc-5300u-8-256gb-nl-15-6in-w10p-art-82kd002cmh-num-13647984/
Lenovo ThinkPad T480s 14" i5 8GB RAM 256GB SSD Laptop - Zwart,"1.527,-
       ","1.847,67",20L8002WMD,https://www.centralpoint.nl/notebooks-laptops/lenovo/thinkpad-t480s-art-20l8002wmd-num-11479123/
Lenovo V V15 Laptop - Zwart,"530,-
       ","641,30",82KD002BMH,https://www.centralpoint.nl/notebooks-laptops/lenovo/v15-g2-alc-5500u-8-256gb-nl-15-6in-w10p-art-82kd002bmh-num-13647983/
Lenovo ThinkBook 15 Laptop - Grijs,"721,-
       ","872,41",21A4003MMH,https://www.centralpoint.nl/notebooks-laptops/lenovo/nb-15-g3-acl-5500u-8gb-512gb-15-6-w10p-art-21a4003mmh-num-13618390/
Lenovo V14 Laptop - Zwart,"453,-
       ","548,13",82KC0036MH,https://www.centralpoint.nl/notebooks-laptops/lenovo/v14-gen2-alcr3-5300u8gb256gbw10h2-year-art-82kc0036mh-num-13622696/
Lenovo ThinkBook 14 Laptop - Grijs,"779,-
       ","942,59",20VD003YUK,https://www.centralpoint.nl/notebooks-laptops/lenovo/nb-thinkbook14g2-itl-ci5-8-256-14-w10p-art-20vd003yuk-num-13636172/
Lenovo ThinkPad X1 Yoga Laptop - Grijs,"1.581,-
       ","1.913,01",20UB005AMB,https://www.centralpoint.nl/notebooks-laptops/lenovo/tp-x1-yoga-g5-t14-0fhd-ar-as-400n-mt-n-72core-i5-10210u-1-6g-4c-mb16gb4x32gx32-lp3-2133256gb-ssd-m-2-2280-nvme-tlc-opw10-pro-art-20ub005amb-num-13612593/
Lenovo ThinkPad P15s - QWERTY Laptop - Zwart,"1.756,-
       ","2.124,76",20W6005TMH,https://www.centralpoint.nl/notebooks-laptops/lenovo/tp-p15s-g2-ci7-1185g7-16-1tb-15-6-w10p-art-20w6005tmh-num-13655124/
Lenovo ThinkPad T15g - QWERTY Laptop - Zwart,"2.405,-
       ","2.910,05",20YS000VMH,https://www.centralpoint.nl/notebooks-laptops/lenovo/tp-p15-g2-ci7-11850h-16-512gb-15-6-w10p-art-20ys000vmh-num-13655132/
Lenovo 300e - QWERTY Laptop - Zwart,"337,-
       ","407,77",81M9006EMH,https://www.centralpoint.nl/notebooks-laptops/lenovo/300e-windows-n4120-4gb-128gb-w10p64-1-year-art-81m9006emh-num-13656234/
Lenovo ThinkPad E15 - QWERTY Laptop - Zwart,"723,-
       ","874,83",20TD0037MH,https://www.centralpoint.nl/notebooks-laptops/lenovo/think-pad-ci5-16-512gb-15-6in-w10p-art-20td0037mh-num-13647980/
Lenovo ThinkPad L13 Yoga Laptop - Zwart,"1.023,-
       ","1.237,83",20VK003UMH,https://www.centralpoint.nl/notebooks-laptops/lenovo/tp-yoga-l13-ci5-1135g7-8-256gb-13-3-w10p-art-20vk003umh-num-13655120/
Lenovo ThinkPad X1 Extreme - QWERTY Laptop - Zwart,"2.168,-
       ","2.623,28",20Y50019MH,https://www.centralpoint.nl/notebooks-laptops/lenovo/tp-x1-ext-g4-ci7-11800h16-512gb-16-w10p-art-20y50019mh-num-13655135/
Lenovo ThinkPad P15v G2 CI7-11800H 16 / 512GB 15.6 W10P - QWERTY Laptop - Zwart,"1.717,-
       ","2.077,57",21A90008MH,https://www.centralpoint.nl/notebooks-laptops/lenovo/tp-p15v-g2-ci7-11800h-16-512gb-15-6-w10p-art-21a90008mh-num-13655128/
Lenovo ThinkPad P15 - QWERTY Laptop - Zwart,"2.176,-
       ","2.632,96",20YQ000YMH,https://www.centralpoint.nl/notebooks-laptops/lenovo/tp-p15-g2-ci7-11850h-16-512gb-15-6-w10p-art-20yq000ymh-num-13655125/
Lenovo TB AMD R5-5500U 8 GB 256GB M.2 Laptops,"447,-
       ","540,87",21A4S00100,https://www.centralpoint.nl/notebooks-laptops/lenovo/thinkbook-r5-5500u-8gb-256gb-15-6-w10p-art-21a4s00100-num-13617852/
Lenovo ThinkPad 11e Intel W10 256GB SSD Laptops,"468,-
       ","566,28",20LMS06700,https://www.centralpoint.nl/notebooks-laptops/lenovo/thinkpad-11e-intel-w10-256gb-ssd-art-20lms06700-num-13603336/
Lenovo V14 GEN2 ALC 5500U 8/256GB NL 14IN W10H Laptops,"477,-
       ","577,17",82KC0034MH,https://www.centralpoint.nl/notebooks-laptops/lenovo/v14-gen2-alc-5500u-8-256gb-nl-14in-w10h-art-82kc0034mh-num-13647981/
Lenovo V14 GEN2 R3-5300U 4/256GB 14 W10P Laptops,"506,-
       ","612,26",82KC0035MH,https://www.centralpoint.nl/notebooks-laptops/lenovo/lenovo-v14-gen2-r3-5300u-4-256gb-14-w10p-art-82kc0035mh-num-13655121/
Lenovo V14 G2 CI3-1115G4 4/256GB 14 W10P Laptops,"536,-
       ","648,56",82KA0039MH,https://www.centralpoint.nl/notebooks-laptops/lenovo/lenovo-v14-g2-ci3-1115g4-4-256gb-14-w10p-art-82ka0039mh-num-13655126/
Lenovo E15 G2 R7 5700U 16/512GB 15.6IN W10P Laptops,"839,-
       ","1.015,19",20YG0023MH,https://www.centralpoint.nl/notebooks-laptops/lenovo/e15-g2-r7-4700u-16-512gb-15-6in-w10p-art-20yg0023mh-num-13641253/
Lenovo TP E15 G3 R7-5700U 8/512GB SSD 15.6 W10P Laptops,"849,-
       ","1.027,29",20YG0048MH,https://www.centralpoint.nl/notebooks-laptops/lenovo/tp-e15-g3-r7-5700u-8-512gb-ssd-15-6-w10p-art-20yg0048mh-num-13655118/
Lenovo TP L15 G2 R5-5650U 8/256GB SSD 15.6 W10P Laptops,"849,-
       ","1.027,29",20X70065MH,https://www.centralpoint.nl/notebooks-laptops/lenovo/tp-l15-g2-r5-5650u-8-256gb-ssd-15-6-w10p-art-20x70065mh-num-13655123/
Lenovo TB 13s G3 R7-5800U16/512GB SSD 13.3 W10P Laptops,"882,-
       ","1.067,22",20YA0015MH,https://www.centralpoint.nl/notebooks-laptops/lenovo/tb-13s-g3-r7-5800u16-512gb-ssd-13-3-w10p-art-20ya0015mh-num-13655133/
Lenovo TP YO L13 G2T R7-5850U 16/512GB 13.3 10P Laptops,"1.103,-
       ","1.334,63",21AD0010MH,https://www.centralpoint.nl/notebooks-laptops/lenovo/tp-yo-l13-g2t-r7-5850u-16-512gb-13-3-10p-art-21ad0010mh-num-13655119/
Lenovo TB 13x CI5-1130G7 16/512GB SSD 13.3 W10P Laptops,"1.155,-
       ","1.397,55",20WJ001HMH,https://www.centralpoint.nl/notebooks-laptops/lenovo/tb-13x-ci5-1130g7-16-512gb-ssd-13-3-w10p-art-20wj001hmh-num-13655122/
Lenovo T14G2 CI5-1135G7 8/256GB SSD 14IN W10P Laptops,"1.159,-
       ","1.402,39",20W000B8MH,https://www.centralpoint.nl/notebooks-laptops/lenovo/t14g2-ci5-1135g7-8-256gb-ssd-14in-w10p-art-20w000b8mh-num-13655130/
Lenovo TP P14S G2 R7-5850U 16/512GB SSD 14 W10P Laptops,"1.257,-
       ","1.520,97",21A0000SMH,https://www.centralpoint.nl/notebooks-laptops/lenovo/tp-p14s-g2-r7-5850u-16-512gb-ssd-14-w10p-art-21a0000smh-num-13655127/
Lenovo TB 16p G2 R7-5800H 8/512GB SSD 16IN W10P Laptops,"1.334,-
       ","1.614,14",20YM001AMH,https://www.centralpoint.nl/notebooks-laptops/lenovo/tb-16p-g2-r7-5800h-8-512gb-ssd-16in-w10p-art-20ym001amh-num-13655134/
Lenovo TB 16p G2 R9-5900HX16/1TB SSD 16IN W10P Laptops,"1.602,-
       ","1.938,42",20YM0019MH,https://www.centralpoint.nl/notebooks-laptops/lenovo/tb-16p-g2-r9-5900hx16-1tb-ssd-16in-w10p-art-20ym0019mh-num-13655137/
Lenovo ThinkBook 15p Laptop - Grijs,"1.046,-
       ","1.265,66",20V30038MH,https://www.centralpoint.nl/notebooks-laptops/lenovo/thinkbook-15p-art-20v30038mh-num-13501353/
Lenovo ThinkPad P14s Laptop - Zwart,"1.222,-
       ","1.478,62",20Y1000MMH,https://www.centralpoint.nl/notebooks-laptops/lenovo/thinkpad-p14s-art-20y1000mmh-num-13489393/
Lenovo ThinkStation P340 Pc - Zwart,"978,-
       ","1.183,38",30DH00G8MH,https://www.centralpoint.nl/pcs/lenovo/thinkstation-p340-art-30dh00g8mh-num-13605290/
Lenovo ThinkCentre M720q Tiny i5 16GB RAM 512GB SSD Pc - Zwart,"584,-
       ","706,64",10T700BSMH,https://www.centralpoint.nl/pcs/lenovo/thinkcentre-m720q-tiny-i5-16gb-ram-512gb-ssd-art-10t700bsmh-num-11454857/
Lenovo ThinkCentre M720q Tiny i5 8GB RAM 256GB SSD Pc - Zwart,"529,-
       ","640,09",10T700AHMH,https://www.centralpoint.nl/pcs/lenovo/thinkcentre-m720q-tiny-i5-8gb-ram-256gb-ssd-art-10t700ahmh-num-12077319/
Lenovo ThinkCentre M70q Pc - Zwart,"640,-
       ","774,40",11DT0043MH,https://www.centralpoint.nl/pcs/lenovo/thinkcentre-m70q-art-11dt0043mh-num-13604757/
Lenovo ThinkCentre M70q Pc - Zwart,"855,-
       ","1.034,55",11DT006JMH,https://www.centralpoint.nl/pcs/lenovo/thinkcentre-m70q-i7-10700t-16gb-512gb-art-11dt006jmh-num-13604759/
Lenovo M70t Pc - Zwart,"612,-
       ","740,52",11EV0004MH,https://www.centralpoint.nl/pcs/lenovo/thinkcentre-m70t-art-11ev0004mh-num-13628273/
Lenovo ThinkStation P340 Pc - Zwart,"1.328,-
       ","1.606,88",30DH00H6MH,https://www.centralpoint.nl/pcs/lenovo/thinkstation-p340-art-30dh00h6mh-num-13575625/
Lenovo ThinkCentre M70q Pc - Zwart,"612,-
       ","740,52",11DT003VMH,https://www.centralpoint.nl/pcs/lenovo/m70q-ci5-8-256gb-w10p-art-11dt003vmh-num-13614748/
Lenovo ThinkStation P520c Pc - Zwart,"735,-
       ","889,35",30BX005DUK,https://www.centralpoint.nl/pcs/lenovo/thinkstation-p520c-art-30bx005duk-num-13017673/
Lenovo ThinkCentre M920q Tiny i7 16GB RAM 512GB SSD Pc - Zwart,"833,-
       ","1.007,93",10RS003XMH,https://www.centralpoint.nl/pcs/lenovo/thinkcentre-m920q-tiny-i7-16gb-ram-512gb-ssd-art-10rs003xmh-num-11474757/
"Lenovo V50t Pc - Zwart,Grijs","631,-
       ","763,51",11ED0012MH,https://www.centralpoint.nl/pcs/lenovo/v50t-tw-260w-i5-10400-8gb-256gb-w10p-art-11ed0012mh-num-13575613/
Lenovo ThinkCentre M70t Pc - Zwart,"580,-
       ","701,80",11EV000EMH,https://www.centralpoint.nl/pcs/lenovo/m70t-i5-10400-8gb-256gb-w10p-art-11ev000emh-num-13575615/
Lenovo ThinkCentre M70s Pc - Zwart,"587,-
       ","710,27",11EX000LMH,https://www.centralpoint.nl/pcs/lenovo/thinkcentre-m70s-i5-10400-8gb-256gb-w10p-art-11ex000lmh-num-13604761/
Lenovo ThinkCentre M70t Pc - Zwart,"860,-
       ","1.040,60",11EV001LMH,https://www.centralpoint.nl/pcs/lenovo/m70t-i7-10700-16gb-512gb-w10p-art-11ev001lmh-num-13575617/
Lenovo ThinkStation P340 Pc - Zwart,"1.078,-
       ","1.304,38",30DK002VMH,https://www.centralpoint.nl/pcs/lenovo/thinkstation-p340-art-30dk002vmh-num-13605292/
Lenovo ThinkStation P340 Q470\I7-10700T\16GB\512GB\W10P64 Pc - Zwart,"1.024,-
       ","1.239,04",30DF002EMH,https://www.centralpoint.nl/pcs/lenovo/thinkstation-p340-q470i7-10700t16gb512gbw10p64-art-30df002emh-num-13489403/
Lenovo ThinkStation P340 Pc - Zwart,"924,-
       ","1.118,04",30DH00G1MH,https://www.centralpoint.nl/pcs/lenovo/thinkstation-p340-art-30dh00g1mh-num-13605294/
Lenovo V50s Pc - Zwart,"587,-
       ","710,27",11EF0012MH,https://www.centralpoint.nl/pcs/lenovo/v-v50s-art-11ef0012mh-num-13153499/
Lenovo ThinkCentre M70s Pc - Zwart,"512,-
       ","619,52",11EX000JMH,https://www.centralpoint.nl/pcs/lenovo/thinkcentre-m70s-i3-10100-8gb-256gb-w10p-art-11ex000jmh-num-13604756/
Lenovo ThinkStation P620 Pc - Zwart,"2.596,-
       ","3.141,16",30E0003PMH,https://www.centralpoint.nl/pcs/lenovo/dws-p620-3945wx-32gb-512gb-w10p-art-30e0003pmh-num-13628278/
Lenovo ThinkStation P520c Pc - Zwart,"968,-
       ","1.171,28",30BX0072MH,https://www.centralpoint.nl/pcs/lenovo/thinkstation-p520c-art-30bx0072mh-num-12839257/
Lenovo ThinkCentre M70q Pc - Zwart,"534,-
       ","646,14",11DT003JMH,https://www.centralpoint.nl/pcs/lenovo/thinkcentre-m70q-i3-10100t-8gb-256gb-w10-art-11dt003jmh-num-13604758/
Lenovo ThinkCentre M60e Pc - Zwart,"568,-
       ","687,28",11LV004BMH,https://www.centralpoint.nl/pcs/lenovo/dt-m60e-ci5-1035g1-8gb-256gb-w10p-art-11lv004bmh-num-13618383/
Lenovo ThinkStation P340 Pc - Zwart,"1.152,-
       ","1.393,92",30DH00FWMH,https://www.centralpoint.nl/pcs/lenovo/thinkstation-p340-art-30dh00fwmh-num-13605291/
Lenovo ThinkStation P340 Pc - Zwart,"1.328,-
       ","1.606,88",30DK0030MH,https://www.centralpoint.nl/pcs/lenovo/thinkstation-p340-art-30dk0030mh-num-13575629/
Lenovo ThinkStation P620 Pc - Zwart,"2.871,-
       ","3.473,91",30E00035MH,https://www.centralpoint.nl/pcs/lenovo/dws-p620-3955wx-32gb-1tb-w10p-art-30e00035mh-num-13628275/
Lenovo ThinkStation P620 Pc - Zwart,"3.642,-
       ","4.406,82",30E0003FMH,https://www.centralpoint.nl/pcs/lenovo/dws-p620-3955wx-32gb-512gb-w10p-art-30e0003fmh-num-13628276/
Lenovo ThinkStation P520c Pc - Zwart,"1.968,-
       ","2.381,28",30BX0091MH,https://www.centralpoint.nl/pcs/lenovo/thinkstation-p520c-art-30bx0091mh-num-12839261/
Lenovo ThinkStation P340 Pc - Zwart,"1.104,-
       ","1.335,84",30DH00G2MH,https://www.centralpoint.nl/pcs/lenovo/thinkstation-p340-art-30dh00g2mh-num-13592830/
Lenovo ThinkStation P340 Pc - Zwart,"1.390,-
       ","1.681,90",30DH00GUMH,https://www.centralpoint.nl/pcs/lenovo/thinkstation-p340-art-30dh00gumh-num-13605293/
Lenovo ThinkCentre M70q Pc - Zwart,"468,-
       ","566,28",11DT0039MH,https://www.centralpoint.nl/pcs/lenovo/dt-m70q-ci3-10100t-4gb-128gb-w10p-art-11dt0039mh-num-13628272/
Lenovo ThinkStation P520c Pc - Zwart,"832,-
       ","1.006,72",30BX0073MH,https://www.centralpoint.nl/pcs/lenovo/thinkstation-p520c-art-30bx0073mh-num-12839259/
Lenovo ThinkStation P620 Pc - Zwart,"9.042,-
       ","10.940,82",30E0004LMH,https://www.centralpoint.nl/pcs/lenovo/dws-p620-3995wx-32gb-1tb-w10p-art-30e0004lmh-num-13628277/
Lenovo ThinkCentre M75s Pc - Zwart,"480,-
       ","580,80",11JB0027MH,https://www.centralpoint.nl/pcs/lenovo/m75s-r3-pro-4350g-8gb-256gb-w10p-art-11jb0027mh-num-13626735/
Lenovo ThinkSmart Bar PC's/workstations,"436,-
       ","527,56",11RTZ9ATGE,https://www.centralpoint.nl/pcs/lenovo/lenovo-thinksmart-bar-art-11rtz9atge-num-13603953/
Lenovo ThinkSmart Bar XL - 2 x Mic PC's/workstations,"536,-
       ","648,56",11RTZ9CAGE,https://www.centralpoint.nl/pcs/lenovo/thinksmart-bar-xl-2-x-mic-art-11rtz9cage-num-13668358/
Lenovo ThinkSmart M920q Zoom Rooms Pc - Zwart,"1.185,-
       ","1.433,85",10T10009MB,https://www.centralpoint.nl/pcs/lenovo/thinksmart-tiny-art-10t10009mb-num-12407655/
Lenovo Tab M10 HD Tablet - Grijs,"131,-
       ","158,51",ZA7W0016SE,https://www.centralpoint.nl/tablets/lenovo/tab-m10-hd-art-za7w0016se-num-13503275/
Lenovo Tab M10 FHD Plus Tablet - Grijs,"182,-
       ","220,22",ZA6J0004SE,https://www.centralpoint.nl/tablets/lenovo/tab-m10-fhd-plus-art-za6j0004se-num-13122995/
Lenovo Tab P11 Pro Tablet - Grijs,"417,-
       ","504,57",ZA8L0013SE,https://www.centralpoint.nl/tablets/lenovo/tab-tb-j706f-qualcomm-730g-11-5-andr-art-za8l0013se-num-13618381/
Lenovo Tab M10 Plus Tablet - Grijs,"163,-
       ","197,23",ZA6H0002SE,https://www.centralpoint.nl/tablets/lenovo/tab-m10-plus-art-za6h0002se-num-12984583/
Lenovo Tab M10 Tablet - Grijs,"158,-
       ","191,18",ZA7V0010SE,https://www.centralpoint.nl/tablets/lenovo/tab-m10-art-za7v0010se-num-13503279/
Lenovo Tab P11 Pro Tablet - Grijs,"444,-
       ","537,24",ZA8M0004SE,https://www.centralpoint.nl/tablets/lenovo/tab-p11-pro-art-za8m0004se-num-13618374/
Lenovo Tab M7 Tablet - Grijs,"107,-
       ","129,47",ZA570166SE,https://www.centralpoint.nl/tablets/lenovo/lenovo-tb-7305x-2-32gb-7in-2mp-and-art-za570166se-num-13151885/
Lenovo Tab M10 Tablet - Zwart,"129,-
       ","156,09",ZA4G0035SE,https://www.centralpoint.nl/tablets/lenovo/tab-m10-art-za4g0035se-num-12009387/
Lenovo Tab M10 Tablet - Grijs,"147,-
       ","177,87",ZA7V0013SE,https://www.centralpoint.nl/tablets/lenovo/tab-m10-art-za7v0013se-num-13503269/
Lenovo Tab M10 HD Tablet - Grijs,"142,-
       ","171,82",ZA7W0000SE,https://www.centralpoint.nl/tablets/lenovo/tab-m10-hd-art-za7w0000se-num-13503267/
Lenovo Yoga Tab 13 Tablet - Zwart,"583,-
       ","705,43",ZA8E0005SE,https://www.centralpoint.nl/tablets/lenovo/lenovo-yt-k606f-870-13i-8gb-128gb-art-za8e0005se-num-13654805/
Lenovo Tab K10 Tablet - Blauw,"195,-
       ","235,95",ZA8R0051SE,https://www.centralpoint.nl/tablets/lenovo/tab-tb-x6c6x-mtk-p22t-10-3-andr-art-za8r0051se-num-13618382/
